NAME,median_household_income,median_property_value,population_below_poverty,total_population,poverty_universe,per_capita_income,median_gross_rent,unemployed,labor_force,bachelors_degree,education_universe,state,county,tract,GEOID,poverty_rate,unemployment_rate,pct_bachelors
Census Tract 101; Cook County; Illinois,74145,340700,545,4198,4097,45573,1168,182,2923,739,3169,17,031,010100,17031010100,0.13302416402245545,0.06226479644201163,0.23319659198485326
Census Tract 102.01; Cook County; Illinois,63056,239900,1816,7361,7352,31992,1378,480,4382,584,4678,17,031,010201,17031010201,0.2470076169749728,0.10953902327704244,0.1248396750748183
Census Tract 102.02; Cook County; Illinois,53220,338000,571,2482,2194,42710,1323,147,1396,630,1985,17,031,010202,17031010202,0.26025524156791247,0.10530085959885387,0.31738035264483627
Census Tract 103; Cook County; Illinois,73105,248500,741,6477,5516,43852,1431,237,3951,1622,5375,17,031,010300,17031010300,0.13433647570703408,0.05998481397114654,0.3017674418604651
Census Tract 104; Cook County; Illinois,54083,231100,341,4545,3108,36728,1347,75,2457,1073,2671,17,031,010400,17031010400,0.10971685971685971,0.030525030525030524,0.4017222014226881
Census Tract 105.01; Cook County; Illinois,48833,400300,596,3718,3718,45408,1195,133,2768,1158,3045,17,031,010501,17031010501,0.16030123722431414,0.04804913294797688,0.38029556650246304
Census Tract 105.02; Cook County; Illinois,63125,296100,566,3286,3095,41263,1383,159,2204,847,2111,17,031,010502,17031010502,0.18287560581583198,0.0721415607985481,0.4012316437707248
Census Tract 105.03; Cook County; Illinois,32443,431800,1151,2757,2757,28555,1273,21,1518,503,1544,17,031,010503,17031010503,0.4174827711280377,0.01383399209486166,0.32577720207253885
Census Tract 106; Cook County; Illinois,72500,232100,1028,6467,6295,43955,1556,251,4444,1972,5044,17,031,010600,17031010600,0.16330420969023035,0.05648064806480648,0.3909595559080095
Census Tract 107.01; Cook County; Illinois,74813,367200,359,3478,3478,57217,1390,79,2134,947,2609,17,031,010701,17031010701,0.10322024151811386,0.037019681349578254,0.362974319662706
Census Tract 107.02; Cook County; Illinois,61724,230600,682,4739,4732,32790,1415,260,2759,1020,3034,17,031,010702,17031010702,0.1441251056635672,0.09423704240666908,0.33618984838497035
Census Tract 201; Cook County; Illinois,64904,237900,758,4159,4159,34005,1411,173,2467,677,3174,17,031,020100,17031020100,0.18225534984371244,0.07012565869477097,0.2132955261499685
Census Tract 202; Cook County; Illinois,120625,425600,378,7632,7565,45854,1398,277,3293,936,4419,17,031,020200,17031020200,0.04996695307336418,0.0841178256908594,0.21181262729124237
Census Tract 203.01; Cook County; Illinois,78385,219200,723,4978,4968,48617,1336,213,2153,1001,3468,17,031,020301,17031020301,0.14553140096618358,0.09893172317696237,0.288638985005767
Census Tract 203.02; Cook County; Illinois,71250,296300,608,5064,4722,47333,1632,242,2199,1067,3188,17,031,020302,17031020302,0.12875900042354935,0.110050022737608,0.33469259723964867
Census Tract 204; Cook County; Illinois,73790,344200,606,4363,4349,44687,1463,153,2333,987,3049,17,031,020400,17031020400,0.1393423775580593,0.06558079725675096,0.3237126926861266
Census Tract 205; Cook County; Illinois,37819,184300,2882,6625,6359,24127,1346,228,3185,801,4532,17,031,020500,17031020500,0.45321591445195786,0.07158555729984302,0.1767431597528685
Census Tract 206.01; Cook County; Illinois,64127,409300,2042,6275,6267,29833,1477,227,2710,1134,3667,17,031,020601,17031020601,0.32583373224828466,0.08376383763837639,0.3092446141259885
Census Tract 206.02; Cook County; Illinois,89663,423000,940,4790,4788,38748,1627,82,2640,1576,3355,17,031,020602,17031020602,0.19632414369256473,0.03106060606060606,0.4697466467958271
Census Tract 207.01; Cook County; Illinois,108568,459800,147,1771,1768,60896,1719,42,946,351,1344,17,031,020701,17031020701,0.0831447963800905,0.04439746300211417,0.2611607142857143
Census Tract 207.02; Cook County; Illinois,63906,225900,1229,8057,7859,27761,1441,261,3735,704,4970,17,031,020702,17031020702,0.15638121898460364,0.06987951807228916,0.14164989939637826
Census Tract 208.01; Cook County; Illinois,74931,389400,437,5332,5332,37778,1331,157,3150,1175,3917,17,031,020801,17031020801,0.08195798949737435,0.04984126984126984,0.2999744702578504
Census Tract 208.02; Cook County; Illinois,68725,450000,2056,8964,8942,22497,1500,391,3588,1321,4751,17,031,020802,17031020802,0.22992619100872289,0.10897435897435898,0.27804672700484107
Census Tract 209.01; Cook County; Illinois,56291,219900,1174,6256,6256,28005,1518,194,3288,866,3798,17,031,020901,17031020901,0.18765984654731457,0.05900243309002433,0.22801474460242233
Census Tract 209.02; Cook County; Illinois,45547,122600,864,4107,3599,26315,1323,82,1439,527,3086,17,031,020902,17031020902,0.24006668519033064,0.05698401667824878,0.17077122488658458
Census Tract 301.01; Cook County; Illinois,48929,274800,571,3515,3515,41209,1267,381,2206,1109,3089,17,031,030101,17031030101,0.1624466571834993,0.17271078875793291,0.3590158627387504
Census Tract 301.02; Cook County; Illinois,59826,232800,835,3374,3366,47653,1199,130,2269,679,2761,17,031,030102,17031030102,0.24806892453951276,0.05729396209784046,0.24592538935168418
Census Tract 301.03; Cook County; Illinois,49545,197500,373,2132,1467,46363,1268,141,1245,468,1266,17,031,030103,17031030103,0.25426039536468986,0.11325301204819277,0.3696682464454976
Census Tract 301.04; Cook County; Illinois,41823,162300,467,3612,1839,21169,1505,251,1581,389,1283,17,031,030104,17031030104,0.25394235997824904,0.15876027830487033,0.30319563522992987
Census Tract 302; Cook County; Illinois,108466,527300,865,5791,5786,72224,1588,191,3838,1687,4477,17,031,030200,17031030200,0.14949879018320084,0.04976550286607608,0.37681483136028593
Census Tract 303; Cook County; Illinois,68933,379700,463,2956,2956,52157,1124,85,1840,606,2445,17,031,030300,17031030300,0.15663058186738837,0.04619565217391304,0.24785276073619633
Census Tract 304; Cook County; Illinois,98909,437300,398,2716,2716,69586,1467,91,1819,906,2216,17,031,030400,17031030400,0.14653902798232696,0.05002748763056625,0.40884476534296027
Census Tract 305; Cook County; Illinois,127055,341000,385,6518,6384,70375,1778,176,4734,2090,5342,17,031,030500,17031030500,0.06030701754385965,0.037177862272919304,0.3912392362411082
Census Tract 306.01; Cook County; Illinois,52917,322600,689,3907,3698,35693,1228,172,2282,711,2923,17,031,030601,17031030601,0.18631692806922662,0.07537248028045573,0.24324324324324326
Census Tract 306.03; Cook County; Illinois,49674,326300,515,1996,1972,47670,1185,93,1502,608,1614,17,031,030603,17031030603,0.26115618661257606,0.061917443408788284,0.37670384138785623
Census Tract 306.04; Cook County; Illinois,51688,236400,665,3109,3109,49365,1416,73,2087,872,2572,17,031,030604,17031030604,0.21389514313284014,0.03497843794920939,0.3390357698289269
Census Tract 307.01; Cook County; Illinois,44948,271800,365,1516,1341,39124,1105,121,970,392,1307,17,031,030701,17031030701,0.2721849366144668,0.12474226804123711,0.2999234889058914
Census Tract 307.02; Cook County; Illinois,60603,197400,423,2039,2039,58249,1466,230,1328,703,1879,17,031,030702,17031030702,0.2074546346248161,0.17319277108433734,0.37413517828632253
Census Tract 307.03; Cook County; Illinois,74702,342700,642,3237,3237,53780,1387,259,2191,1065,2802,17,031,030703,17031030703,0.19833178869323448,0.1182108626198083,0.38008565310492504
Census Tract 307.06; Cook County; Illinois,52167,355400,242,2717,2717,65190,1799,154,1639,621,2455,17,031,030706,17031030706,0.08906882591093117,0.09395973154362416,0.2529531568228106
Census Tract 308; Cook County; Illinois,105585,512500,441,4610,4456,77598,1657,193,3172,1268,3682,17,031,030800,17031030800,0.09896768402154399,0.06084489281210593,0.34437805540467137
Census Tract 309; Cook County; Illinois,87485,444300,152,2818,2798,66294,1548,54,2100,868,2414,17,031,030900,17031030900,0.054324517512508934,0.025714285714285714,0.3595691797845899
Census Tract 310; Cook County; Illinois,132147,350200,267,4108,4060,82370,1726,161,3322,1597,3456,17,031,031000,17031031000,0.06576354679802955,0.048464780252859725,0.4620949074074074
Census Tract 311; Cook County; Illinois,92717,367900,481,5018,4931,67570,1444,101,4159,1424,4396,17,031,031100,17031031100,0.09754613668627053,0.024284683818225534,0.32393084622383983
Census Tract 312; Cook County; Illinois,25713,338800,1732,5298,5032,32825,1033,139,2971,1454,4541,17,031,031200,17031031200,0.3441971383147854,0.046785594076068665,0.32019378991411585
Census Tract 313; Cook County; Illinois,68942,172500,1148,6136,5747,54096,1247,150,3592,1408,5762,17,031,031300,17031031300,0.1997563946406821,0.04175946547884187,0.2443595973620271
Census Tract 314; Cook County; Illinois,93026,296300,196,4697,4467,76423,1747,54,3624,1819,4259,17,031,031400,17031031400,0.04387732258786658,0.014900662251655629,0.42709556233857715
Census Tract 315.01; Cook County; Illinois,52250,382100,2163,4792,4716,31244,1087,127,2527,869,3075,17,031,031501,17031031501,0.4586513994910941,0.050257222002374355,0.28260162601626015
Census Tract 315.02; Cook County; Illinois,49684,287900,1382,4463,4456,38270,1331,117,2627,931,3262,17,031,031502,17031031502,0.3101436265709156,0.04453749524172059,0.2854077253218884
Census Tract 317; Cook County; Illinois,79867,463300,306,5851,5754,62755,1218,215,4811,1931,4973,17,031,031700,17031031700,0.053180396246089674,0.04468925379339015,0.38829680273476774
Census Tract 318; Cook County; Illinois,82313,412800,241,1765,1765,61182,1469,113,1321,557,1366,17,031,031800,17031031800,0.13654390934844193,0.08554125662376987,0.40775988286969256
Census Tract 319; Cook County; Illinois,94107,465900,106,2489,2489,72923,1560,52,1881,880,1943,17,031,031900,17031031900,0.04258738449176376,0.02764486975013291,0.45290787442099845
Census Tract 321; Cook County; Illinois,72515,287700,1152,7442,7255,54197,1261,386,5401,2279,6234,17,031,032100,17031032100,0.1587870434183322,0.07146824662099611,0.3655758742380494
Census Tract 401; Cook County; Illinois,90952,619200,150,3987,3818,80821,1464,97,2433,1141,2985,17,031,040100,17031040100,0.0392875851231011,0.03986847513357994,0.38224455611390284
Census Tract 402.01; Cook County; Illinois,104484,464100,641,7083,7060,54354,1440,252,4837,2283,5308,17,031,040201,17031040201,0.09079320113314447,0.05209840810419682,0.43010550113036927
Census Tract 402.02; Cook County; Illinois,67832,283500,1095,7198,7019,35301,1477,276,3973,1686,5016,17,031,040202,17031040202,0.15600512893574583,0.06946891517744777,0.3361244019138756
Census Tract 403; Cook County; Illinois,78879,501300,181,2991,2894,57698,1603,156,1681,828,2162,17,031,040300,17031040300,0.06254319281271596,0.09280190362879238,0.3829787234042553
Census Tract 404.01; Cook County; Illinois,108899,445900,248,3441,3441,64792,1913,97,2072,794,2583,17,031,040401,17031040401,0.07207207207207207,0.04681467181467181,0.3073945025164537
Census Tract 404.02; Cook County; Illinois,99201,335800,694,4209,4209,78908,1729,143,3330,1718,3621,17,031,040402,17031040402,0.1648847707293894,0.042942942942942944,0.4744545705606186
Census Tract 406; Cook County; Illinois,89091,750000,160,2521,2521,85767,1747,35,1794,841,2046,17,031,040600,17031040600,0.0634668782229274,0.01950947603121516,0.41104594330400784
Census Tract 407; Cook County; Illinois,105365,391400,343,3681,3666,63754,1763,177,2618,988,2588,17,031,040700,17031040700,0.09356246590289144,0.06760886172650879,0.38176197836166925
Census Tract 408; Cook County; Illinois,114397,514400,24,1670,1664,80804,1559,40,1260,636,1364,17,031,040800,17031040800,0.014423076923076924,0.031746031746031744,0.4662756598240469
Census Tract 409; Cook County; Illinois,86359,648000,146,2267,2246,71730,1342,103,1547,768,1766,17,031,040900,17031040900,0.06500445235975066,0.06658047834518423,0.434881087202718
Census Tract 501; Cook County; Illinois,116438,627500,112,2163,2163,80992,1730,87,1621,811,1737,17,031,050100,17031050100,0.05177993527508091,0.05367057371992597,0.46689694876223375
Census Tract 502; Cook County; Illinois,133708,731500,433,5862,5862,79799,1706,105,3056,1632,3900,17,031,050200,17031050200,0.07386557488911634,0.034358638743455495,0.41846153846153844
Census Tract 503; Cook County; Illinois,151630,631700,128,2973,2967,81763,1645,21,1876,979,2205,17,031,050300,17031050300,0.043141220087630605,0.011194029850746268,0.4439909297052154
Census Tract 505; Cook County; Illinois,141563,968200,121,5221,5221,96416,1852,104,2934,1369,3404,17,031,050500,17031050500,0.023175636851177937,0.0354464894342195,0.40217391304347827
Census Tract 506; Cook County; Illinois,137083,450500,129,2375,2365,96473,1980,99,1772,1061,1960,17,031,050600,17031050600,0.05454545454545454,0.055869074492099324,0.5413265306122449
Census Tract 507; Cook County; Illinois,135653,702700,149,1470,1470,85061,1925,49,1049,620,1161,17,031,050700,17031050700,0.10136054421768707,0.04671115347950429,0.5340223944875108
Census Tract 508; Cook County; Illinois,190469,987100,28,1448,1448,77614,2370,41,831,391,841,17,031,050800,17031050800,0.019337016574585635,0.049338146811071,0.464922711058264
Census Tract 509; Cook County; Illinois,132258,856300,65,1456,1405,92671,1750,6,951,492,1083,17,031,050900,17031050900,0.046263345195729534,0.006309148264984227,0.45429362880886426
Census Tract 510; Cook County; Illinois,186458,771600,52,1641,1641,111493,1866,17,1101,540,1206,17,031,051000,17031051000,0.031687995124923825,0.015440508628519528,0.44776119402985076
Census Tract 511; Cook County; Illinois,161900,740200,153,1851,1846,83665,1610,45,1174,611,1249,17,031,051100,17031051100,0.0828819068255688,0.03833049403747871,0.489191353082466
Census Tract 512; Cook County; Illinois,176571,718800,95,1536,1486,99340,2050,60,1010,528,1142,17,031,051200,17031051200,0.0639300134589502,0.0594059405940594,0.46234676007005254
Census Tract 513; Cook County; Illinois,147386,750600,61,2810,2810,97104,1932,138,1524,842,1860,17,031,051300,17031051300,0.021708185053380784,0.09055118110236221,0.45268817204301076
Census Tract 514; Cook County; Illinois,167194,630900,159,2606,2606,89126,2118,14,1629,825,1648,17,031,051400,17031051400,0.06101304681504221,0.008594229588704727,0.5006067961165048
Census Tract 601; Cook County; Illinois,157917,667000,102,2895,2895,104763,1728,43,1927,986,2147,17,031,060100,17031060100,0.035233160621761656,0.022314478463933574,0.4592454587796926
Census Tract 602; Cook County; Illinois,85417,674300,127,2176,2176,80426,1519,91,1681,912,1831,17,031,060200,17031060200,0.058363970588235295,0.05413444378346222,0.4980884762424904
Census Tract 603; Cook County; Illinois,173125,782900,93,3057,3057,96723,1860,56,2055,1049,2304,17,031,060300,17031060300,0.03042198233562316,0.027250608272506083,0.4552951388888889
Census Tract 604; Cook County; Illinois,153625,649300,116,3533,3533,97277,1991,52,2447,1182,2490,17,031,060400,17031060400,0.03283328615907161,0.02125051082958725,0.4746987951807229
Census Tract 605; Cook County; Illinois,52143,912500,303,1329,1324,93948,-666666666,28,658,405,1012,17,031,060500,17031060500,0.22885196374622357,0.0425531914893617,0.40019762845849804
Census Tract 608; Cook County; Illinois,90174,219100,481,5413,5413,73466,1979,119,4153,1920,4555,17,031,060800,17031060800,0.08886015148716055,0.02865398507103299,0.42151481888035125
Census Tract 609; Cook County; Illinois,79016,250000,722,7283,7283,75172,1543,381,5491,2719,6366,17,031,060900,17031060900,0.09913497185225868,0.06938626843926425,0.4271127866792334
Census Tract 610; Cook County; Illinois,121332,575700,279,2284,2284,79646,2211,46,1835,784,1643,17,031,061000,17031061000,0.12215411558669002,0.025068119891008173,0.47717589774802194
Census Tract 611; Cook County; Illinois,117330,608700,78,1368,1368,85993,1950,11,1134,523,975,17,031,061100,17031061100,0.05701754385964912,0.009700176366843033,0.5364102564102564
Census Tract 612; Cook County; Illinois,122857,851300,73,1954,1946,83484,2071,6,1458,725,1375,17,031,061200,17031061200,0.03751284686536485,0.00411522633744856,0.5272727272727272
Census Tract 615; Cook County; Illinois,128958,708300,181,1811,1801,92402,1909,15,1230,727,1343,17,031,061500,17031061500,0.10049972237645752,0.012195121951219513,0.54132539091586
Census Tract 618; Cook County; Illinois,85139,479100,103,1152,1065,64307,1642,82,991,553,998,17,031,061800,17031061800,0.09671361502347418,0.08274470232088799,0.5541082164328658
Census Tract 619.01; Cook County; Illinois,73769,298200,901,3709,3709,68212,1583,73,2461,1639,3187,17,031,061901,17031061901,0.24292262065246698,0.029662738724095895,0.5142767492940069
Census Tract 619.02; Cook County; Illinois,95705,395500,367,4581,4581,90272,1970,31,3151,1872,3842,17,031,061902,17031061902,0.08011351233355163,0.009838146620120596,0.4872462259239979
Census Tract 620; Cook County; Illinois,121375,565300,279,3021,3021,97391,1822,24,2413,1289,2286,17,031,062000,17031062000,0.09235352532274081,0.009946125155408206,0.5638670166229222
Census Tract 621; Cook County; Illinois,103462,626500,364,3841,3841,87790,2058,43,3283,1347,2547,17,031,062100,17031062100,0.09476698776360323,0.013097776424002438,0.5288574793875147
Census Tract 622; Cook County; Illinois,197159,678600,153,3119,3119,118022,2392,83,2383,1153,2158,17,031,062200,17031062200,0.04905418403334402,0.03483004616030214,0.5342910101946247
Census Tract 623; Cook County; Illinois,250001,1145500,68,1596,1596,136312,2342,4,992,408,964,17,031,062300,17031062300,0.042606516290726815,0.004032258064516129,0.42323651452282157
Census Tract 624; Cook County; Illinois,152361,789200,193,1803,1803,106959,2012,46,1166,694,1248,17,031,062400,17031062400,0.10704381586245147,0.03945111492281304,0.5560897435897436
Census Tract 625; Cook County; Illinois,203333,566700,155,1435,1435,121346,1946,43,1179,604,1044,17,031,062500,17031062500,0.10801393728222997,0.0364715860899067,0.578544061302682
Census Tract 626; Cook County; Illinois,210536,829400,56,2317,2317,126626,2067,43,1372,658,1541,17,031,062600,17031062600,0.02416918429003021,0.03134110787172012,0.426995457495133
Census Tract 627; Cook County; Illinois,146979,670900,356,3152,3137,94345,2174,93,2346,1106,2381,17,031,062700,17031062700,0.11348422059292318,0.03964194373401535,0.4645107097858043
Census Tract 628; Cook County; Illinois,190139,741400,118,3925,3906,125634,2198,64,2793,1321,2569,17,031,062800,17031062800,0.030209933435739886,0.022914428929466525,0.514207862981705
Census Tract 629; Cook County; Illinois,169906,697600,182,4232,4232,104849,2217,61,3236,1634,3180,17,031,062900,17031062900,0.04300567107750473,0.0188504326328801,0.5138364779874214
Census Tract 630; Cook County; Illinois,102040,604500,228,3062,3051,88310,1935,162,2368,1428,2538,17,031,063000,17031063000,0.07472959685349066,0.06841216216216216,0.5626477541371159
Census Tract 631; Cook County; Illinois,94948,577900,164,2336,2336,90866,1618,69,2022,687,1717,17,031,063100,17031063100,0.0702054794520548,0.03412462908011869,0.40011648223645896
Census Tract 632; Cook County; Illinois,79782,352200,175,6806,6722,91213,1777,216,5335,2454,5666,17,031,063200,17031063200,0.026033918476643856,0.04048734770384255,0.4331097776208966
Census Tract 633.01; Cook County; Illinois,66901,276000,623,2898,2898,59159,1630,83,2022,943,2201,17,031,063301,17031063301,0.21497584541062803,0.0410484668644906,0.4284416174466152
Census Tract 633.02; Cook County; Illinois,98219,491400,230,4358,4358,88418,1766,154,3430,1563,3535,17,031,063302,17031063302,0.05277650298301973,0.044897959183673466,0.44214992927864216
Census Tract 633.03; Cook County; Illinois,107639,317900,126,1315,1295,107189,2401,44,739,441,1233,17,031,063303,17031063303,0.0972972972972973,0.05953991880920163,0.35766423357664234
Census Tract 634; Cook County; Illinois,86979,640600,196,2244,2244,86189,1644,53,1713,848,1515,17,031,063400,17031063400,0.0873440285204991,0.030939871570344425,0.5597359735973597
Census Tract 701.01; Cook County; Illinois,83614,490100,485,4003,4003,100805,1622,10,2455,1375,3379,17,031,070101,17031070101,0.12115913065201099,0.004073319755600814,0.4069251257768571
Census Tract 701.02; Cook County; Illinois,110577,744300,126,2960,2880,152519,1497,17,2457,1151,2455,17,031,070102,17031070102,0.04375,0.006919006919006919,0.4688391038696538
Census Tract 701.03; Cook County; Illinois,73581,-666666666,138,1489,1489,85603,1663,23,1310,501,1100,17,031,070103,17031070103,0.09267965077233042,0.017557251908396947,0.45545454545454545
Census Tract 702; Cook County; Illinois,109000,704300,452,4035,3900,86512,1927,188,3055,1555,2958,17,031,070200,17031070200,0.1158974358974359,0.06153846153846154,0.5256930358350237
Census Tract 703; Cook County; Illinois,156898,633900,419,3711,3566,104561,2696,89,2832,1168,2176,17,031,070300,17031070300,0.11749859786876052,0.031426553672316386,0.5367647058823529
Census Tract 704; Cook County; Illinois,192955,809500,525,3433,3433,132225,2136,30,2231,798,2160,17,031,070400,17031070400,0.1529274686862802,0.01344688480502017,0.36944444444444446
Census Tract 705; Cook County; Illinois,207076,840600,147,3238,3026,132950,2013,63,1989,1041,2373,17,031,070500,17031070500,0.04857898215465962,0.03167420814479638,0.438685208596713
Census Tract 706; Cook County; Illinois,249531,838100,218,3477,3477,123609,3433,65,2140,1194,2302,17,031,070600,17031070600,0.0626977279263733,0.030373831775700934,0.5186794092093832
Census Tract 707; Cook County; Illinois,143955,631400,336,3787,3787,102082,2117,37,2391,1023,2770,17,031,070700,17031070700,0.08872458410351201,0.01547469677959013,0.36931407942238265
Census Tract 710; Cook County; Illinois,179438,1010200,180,4159,2373,84668,2026,336,2199,798,1632,17,031,071000,17031071000,0.07585335018963338,0.15279672578444747,0.4889705882352941
Census Tract 711; Cook County; Illinois,204609,1556900,308,2979,2525,116939,2817,73,1937,704,1425,17,031,071100,17031071100,0.12198019801980198,0.03768714506969541,0.49403508771929827
Census Tract 712; Cook County; Illinois,131383,952300,314,2775,2775,95709,2336,164,1819,956,2083,17,031,071200,17031071200,0.11315315315315315,0.09015942825728422,0.4589534325492079
Census Tract 713; Cook County; Illinois,129486,494100,415,4123,4123,113759,2051,126,2906,1244,3203,17,031,071300,17031071300,0.10065486296386127,0.043358568479008944,0.3883858882297846
Census Tract 714; Cook County; Illinois,113581,491700,740,4448,4448,125834,1862,202,3085,1723,3415,17,031,071400,17031071400,0.16636690647482014,0.06547811993517018,0.5045387994143484
Census Tract 715; Cook County; Illinois,119024,401600,57,5482,5482,108293,2146,188,4477,2799,4999,17,031,071500,17031071500,0.010397665085735133,0.04199240562876926,0.5599119823964793
Census Tract 716; Cook County; Illinois,204375,1140400,58,1783,1783,149795,2742,5,1004,548,1163,17,031,071600,17031071600,0.03252944475602917,0.0049800796812749,0.471195184866724
Census Tract 717; Cook County; Illinois,202500,948100,133,1656,1655,116909,2974,32,916,448,1192,17,031,071700,17031071700,0.08036253776435046,0.034934497816593885,0.37583892617449666
Census Tract 718; Cook County; Illinois,241228,903900,95,2860,2860,139027,3131,65,1869,1024,2131,17,031,071800,17031071800,0.033216783216783216,0.034777956126270736,0.4805255748474894
Census Tract 801; Cook County; Illinois,105000,575900,695,6387,6387,128919,2175,228,3914,2549,5703,17,031,080100,17031080100,0.10881478002191952,0.05825242718446602,0.4469577415395406
Census Tract 802.01; Cook County; Illinois,120409,256300,117,3446,3446,133687,2064,89,2498,1426,3033,17,031,080201,17031080201,0.033952408589669185,0.03562850280224179,0.4701615562149687
Census Tract 802.02; Cook County; Illinois,106071,360800,390,3987,3987,157172,1930,16,3094,1985,3616,17,031,080202,17031080202,0.09781790820165538,0.005171299288946348,0.5489491150442478
Census Tract 803; Cook County; Illinois,151830,557200,517,6101,6101,107707,2588,156,4829,2256,4535,17,031,080300,17031080300,0.08474020652352074,0.03230482501553117,0.49746416758544654
Census Tract 804; Cook County; Illinois,68270,700400,1508,5415,5383,80630,673,304,3359,990,3297,17,031,080400,17031080400,0.28014118521270664,0.09050312593033641,0.3002729754322111
Census Tract 810; Cook County; Illinois,79465,741300,998,8264,6962,85239,1791,239,5781,2866,6504,17,031,081000,17031081000,0.14334961218040793,0.04134232831690019,0.4406519065190652
Census Tract 811; Cook County; Illinois,79561,398000,658,3984,3984,82307,1933,14,3109,1781,3032,17,031,081100,17031081100,0.16516064257028112,0.004503055644901898,0.587401055408971
Census Tract 812.01; Cook County; Illinois,122659,697600,302,4442,4332,112597,2448,100,3062,1599,3793,17,031,081201,17031081201,0.06971375807940905,0.032658393207054215,0.4215660427102557
Census Tract 812.02; Cook County; Illinois,154569,801100,203,3501,3501,176824,2726,195,2086,1400,3073,17,031,081202,17031081202,0.057983433304770064,0.0934803451581975,0.45558086560364464
Census Tract 813; Cook County; Illinois,108625,481800,434,5704,5704,117457,1858,21,3471,1620,4739,17,031,081300,17031081300,0.07608695652173914,0.006050129645635264,0.341844270943237
Census Tract 814.01; Cook County; Illinois,83292,456100,271,2503,2457,88843,2054,29,1548,663,1996,17,031,081401,17031081401,0.1102971102971103,0.018733850129198967,0.33216432865731466
Census Tract 814.02; Cook County; Illinois,170333,636300,140,6687,6687,145514,2966,108,4530,1586,5315,17,031,081402,17031081402,0.020936144758486618,0.02384105960264901,0.29840075258701787
Census Tract 814.03; Cook County; Illinois,110327,854700,884,10291,10291,113931,2472,247,8002,3007,8860,17,031,081403,17031081403,0.08590030123408804,0.030867283179205198,0.3393905191873589
Census Tract 815; Cook County; Illinois,134320,674300,569,5237,5206,152787,2495,138,4214,1734,4314,17,031,081500,17031081500,0.10929696504033808,0.03274798291409587,0.4019471488178025
Census Tract 816; Cook County; Illinois,145500,416700,175,4553,4553,121613,2742,144,3712,1972,3850,17,031,081600,17031081600,0.038436195914781465,0.03879310344827586,0.5122077922077922
Census Tract 817; Cook County; Illinois,142821,477600,391,5161,5161,140960,2497,119,4429,2299,4429,17,031,081700,17031081700,0.0757605115287735,0.026868367577331225,0.5190787988259201
Census Tract 818; Cook County; Illinois,147354,539800,1076,13521,13521,133566,2736,258,11299,5546,11788,17,031,081800,17031081800,0.0795799127283485,0.022833879104345516,0.47047845266372584
Census Tract 819; Cook County; Illinois,225694,486900,117,1326,1298,147257,3355,19,990,431,1074,17,031,081900,17031081900,0.0901386748844376,0.01919191919191919,0.40130353817504655
Census Tract 901; Cook County; Illinois,140194,445600,411,3567,3567,70099,1382,99,2019,676,2638,17,031,090100,17031090100,0.1152228763666947,0.04903417533432392,0.2562547384382108
Census Tract 902; Cook County; Illinois,127384,461100,395,6618,6618,65532,1543,88,3815,1782,4619,17,031,090200,17031090200,0.05968570565125415,0.023066841415465267,0.38579779172981166
Census Tract 903; Cook County; Illinois,116438,502400,131,1373,1349,64116,1313,35,756,498,1039,17,031,090300,17031090300,0.09710896960711639,0.046296296296296294,0.4793070259865255
Census Tract 1001; Cook County; Illinois,114536,464000,548,5850,5850,48385,1486,100,3371,1142,4097,17,031,100100,17031100100,0.09367521367521367,0.029664787896766538,0.2787405418598975
Census Tract 1002; Cook County; Illinois,94167,413900,275,7742,7553,45673,1662,208,4062,1512,5092,17,031,100200,17031100200,0.036409373758771346,0.05120630231413097,0.2969363707776905
Census Tract 1003; Cook County; Illinois,95441,436000,518,6495,6266,50460,2115,14,2727,1342,4734,17,031,100300,17031100300,0.08266836897542292,0.005133846718005134,0.2834811998310097
Census Tract 1004; Cook County; Illinois,142123,426700,72,3350,3350,59883,-666666666,78,1805,661,2376,17,031,100400,17031100400,0.021492537313432834,0.043213296398891966,0.2781986531986532
Census Tract 1005; Cook County; Illinois,128688,360400,67,5952,5952,68694,1577,134,3259,1306,4562,17,031,100500,17031100500,0.011256720430107527,0.04111690702669531,0.2862779482683034
Census Tract 1006; Cook County; Illinois,78689,360800,383,4806,4806,41214,1225,118,2455,838,3196,17,031,100600,17031100600,0.07969205160216396,0.04806517311608961,0.26220275344180227
Census Tract 1007; Cook County; Illinois,134767,405600,351,5335,5335,48294,-666666666,246,2885,936,3776,17,031,100700,17031100700,0.06579194001874414,0.08526863084922011,0.2478813559322034
Census Tract 1101; Cook County; Illinois,97743,428200,389,5401,5353,49168,1457,109,3359,1179,4329,17,031,110100,17031110100,0.0726695311040538,0.03245013396844299,0.27234927234927236
Census Tract 1102; Cook County; Illinois,76563,415600,240,2871,2856,43226,1187,254,1780,463,2328,17,031,110200,17031110200,0.08403361344537816,0.14269662921348314,0.19888316151202748
Census Tract 1103; Cook County; Illinois,119750,398200,130,5183,5183,45408,1642,151,2827,802,3633,17,031,110300,17031110300,0.025081998842369283,0.05341351255748143,0.22075419763281035
Census Tract 1104; Cook County; Illinois,92315,377400,134,4658,4646,57810,1357,58,2963,1230,3665,17,031,110400,17031110400,0.028842014636246232,0.019574755315558554,0.33560709413369716
Census Tract 1105.01; Cook County; Illinois,105568,408900,247,5017,4988,48887,1555,72,2792,1064,3829,17,031,110501,17031110501,0.04951884522854852,0.025787965616045846,0.27787934186471663
Census Tract 1105.02; Cook County; Illinois,71992,345500,355,3519,3519,52818,1353,160,1866,770,2595,17,031,110502,17031110502,0.10088093208297812,0.0857449088960343,0.29672447013487474
Census Tract 1201; Cook County; Illinois,163007,581300,107,4284,4256,72249,2250,159,2017,990,3072,17,031,120100,17031120100,0.025140977443609023,0.07882994546355974,0.322265625
Census Tract 1202; Cook County; Illinois,141458,587100,186,4600,4600,65305,1408,43,2279,1185,3271,17,031,120200,17031120200,0.04043478260869565,0.018867924528301886,0.36227453378171814
Census Tract 1203; Cook County; Illinois,139338,520100,358,7025,6998,86015,1402,61,3544,1755,4724,17,031,120300,17031120300,0.05115747356387539,0.017212189616252822,0.37150719729043186
Census Tract 1204; Cook County; Illinois,108145,415700,307,3992,3992,47856,1586,162,2389,734,2709,17,031,120400,17031120400,0.07690380761523045,0.06781079949769778,0.2709486895533407
Census Tract 1301; Cook County; Illinois,34565,475000,1058,5418,5182,30026,431,62,1360,1095,3509,17,031,130100,17031130100,0.20416827479737554,0.045588235294117645,0.3120547164434312
Census Tract 1302; Cook County; Illinois,120625,352500,212,1394,1394,68142,1245,0,496,200,1069,17,031,130200,17031130200,0.15208034433285508,0.0,0.18709073900841908
Census Tract 1303; Cook County; Illinois,67833,431200,532,4944,4944,36259,1367,141,2950,1018,3733,17,031,130300,17031130300,0.1076051779935275,0.04779661016949153,0.2727029199035628
Census Tract 1401; Cook County; Illinois,78686,331900,236,3610,3610,33070,1543,46,2231,803,2161,17,031,140100,17031140100,0.06537396121883657,0.020618556701030927,0.3715872281351226
Census Tract 1402; Cook County; Illinois,75067,291200,763,6048,5036,31486,1356,282,3347,1096,3659,17,031,140200,17031140200,0.15150913423351867,0.08425455631909172,0.2995353921836567
Census Tract 1403.01; Cook County; Illinois,75616,407600,647,2715,2694,28398,1362,121,1578,303,1929,17,031,140301,17031140301,0.24016332590942835,0.07667934093789606,0.15707620528771385
Census Tract 1403.02; Cook County; Illinois,97574,413100,191,3407,3064,48321,1264,155,2078,669,2764,17,031,140302,17031140302,0.06233681462140992,0.07459095283926853,0.24204052098408105
Census Tract 1404; Cook County; Illinois,110306,430900,708,5850,5850,50439,1185,155,2813,1273,4453,17,031,140400,17031140400,0.12102564102564102,0.055101315321720586,0.2858746912194027
Census Tract 1405; Cook County; Illinois,73889,403400,189,3315,3288,45611,1196,61,2067,508,2522,17,031,140500,17031140500,0.05748175182481752,0.029511369134010642,0.2014274385408406
Census Tract 1406.01; Cook County; Illinois,85375,415600,257,2468,2467,40447,1326,93,1406,402,1700,17,031,140601,17031140601,0.10417511147142278,0.06614509246088193,0.23647058823529413
Census Tract 1406.02; Cook County; Illinois,62033,401200,973,4211,4181,32627,1614,329,2568,843,2932,17,031,140602,17031140602,0.23271944510882564,0.1281152647975078,0.28751705320600274
Census Tract 1407.01; Cook County; Illinois,97500,352400,436,2870,2870,37719,1451,47,2043,405,1885,17,031,140701,17031140701,0.15191637630662022,0.023005384238864415,0.21485411140583555
Census Tract 1407.02; Cook County; Illinois,76392,411000,321,5120,5120,49692,1434,134,3418,1078,3656,17,031,140702,17031140702,0.0626953125,0.03920421299005266,0.2948577680525164
Census Tract 1408; Cook County; Illinois,108958,504400,543,5924,5924,60475,1601,488,4270,1648,4354,17,031,140800,17031140800,0.09166103983794734,0.11428571428571428,0.37850252641249427
Census Tract 1502; Cook County; Illinois,105145,417900,692,7406,7406,50271,1337,176,4079,2012,5499,17,031,150200,17031150200,0.09343775317310289,0.04314783035057612,0.36588470631023823
Census Tract 1503; Cook County; Illinois,89097,338200,524,7180,7114,55673,1351,220,4628,1526,5231,17,031,150300,17031150300,0.0736575766095024,0.04753673292999136,0.2917224240107054
Census Tract 1504.01; Cook County; Illinois,86563,374600,974,5310,5310,36336,1415,200,2841,994,3422,17,031,150401,17031150401,0.18342749529190208,0.0703977472720873,0.29047340736411453
Census Tract 1504.02; Cook County; Illinois,103939,400900,230,3923,3923,42414,1375,45,2174,781,2754,17,031,150402,17031150402,0.05862860056079531,0.020699172033118676,0.28358750907770514
Census Tract 1505.01; Cook County; Illinois,126471,379300,240,3935,3935,52414,1475,122,2343,1237,2862,17,031,150501,17031150501,0.060991105463786534,0.052069995731967564,0.43221523410202656
Census Tract 1505.02; Cook County; Illinois,79659,388600,411,4460,4460,35627,1385,67,2443,663,2949,17,031,150502,17031150502,0.092152466367713,0.02742529676627098,0.22482197355035605
Census Tract 1506; Cook County; Illinois,102399,442300,413,4036,4036,50935,1486,99,2268,703,2830,17,031,150600,17031150600,0.10232903865213082,0.04365079365079365,0.24840989399293287
Census Tract 1507; Cook County; Illinois,132361,394400,250,3915,3840,46735,1243,78,2123,913,2629,17,031,150700,17031150700,0.06510416666666667,0.036740461610927935,0.3472803347280335
Census Tract 1508; Cook County; Illinois,92443,352700,392,4652,4652,40607,1377,264,2825,632,3428,17,031,150800,17031150800,0.08426483233018056,0.09345132743362831,0.18436406067677946
Census Tract 1510.01; Cook County; Illinois,94435,377700,357,2616,2587,34211,1459,81,1364,288,1818,17,031,151001,17031151001,0.13799768071124854,0.0593841642228739,0.15841584158415842
Census Tract 1510.02; Cook County; Illinois,75875,364700,801,4473,4473,35651,1246,177,2696,623,3239,17,031,151002,17031151002,0.1790744466800805,0.06565281899109793,0.19234331583822167
Census Tract 1511; Cook County; Illinois,62717,408700,931,5408,5371,32257,1268,193,2857,771,3654,17,031,151100,17031151100,0.17333829826847888,0.06755337766888345,0.2110016420361248
Census Tract 1512; Cook County; Illinois,69776,369000,299,3447,3416,32208,1363,30,1840,374,2675,17,031,151200,17031151200,0.08752927400468384,0.016304347826086956,0.13981308411214954
Census Tract 1601; Cook County; Illinois,111250,380700,123,2614,2614,51086,1579,17,1517,655,1786,17,031,160100,17031160100,0.047054322876817135,0.01120632827949901,0.36674132138857785
Census Tract 1602; Cook County; Illinois,132599,577900,288,3363,3335,77861,1582,28,1936,1069,2385,17,031,160200,17031160200,0.0863568215892054,0.014462809917355372,0.4482180293501048
Census Tract 1603; Cook County; Illinois,68887,256800,533,3567,3506,53476,1209,233,2299,1026,2880,17,031,160300,17031160300,0.1520250998288648,0.10134841235319704,0.35625
Census Tract 1604; Cook County; Illinois,81375,622000,987,5419,5419,63382,1256,218,3425,1220,3838,17,031,160400,17031160400,0.18213692563203543,0.06364963503649634,0.31787389265242316
Census Tract 1605.01; Cook County; Illinois,80179,400000,307,3524,3524,43237,1387,170,2169,838,2608,17,031,160501,17031160501,0.08711691259931896,0.07837713231904103,0.32131901840490795
Census Tract 1605.02; Cook County; Illinois,114719,442200,378,4227,4133,49371,1411,221,2454,686,2938,17,031,160502,17031160502,0.09145898862811518,0.09005704971475142,0.23349217154526888
Census Tract 1606.01; Cook County; Illinois,75536,369000,131,3049,3049,51795,1560,149,2145,814,2352,17,031,160601,17031160601,0.04296490652673007,0.06946386946386947,0.3460884353741497
Census Tract 1606.02; Cook County; Illinois,99531,408600,448,3418,3418,68652,1422,82,2120,1182,2499,17,031,160602,17031160602,0.13107080163838503,0.038679245283018866,0.4729891956782713
Census Tract 1607; Cook County; Illinois,93750,579500,489,6093,5918,52398,1376,247,3639,1118,4591,17,031,160700,17031160700,0.08262926664413653,0.06787579005221214,0.24351993029840993
Census Tract 1608; Cook County; Illinois,87676,543800,263,4677,4636,46826,1570,259,2660,1048,3317,17,031,160800,17031160800,0.05672993960310613,0.09736842105263158,0.31594814591498344
Census Tract 1609; Cook County; Illinois,109598,478900,148,2496,2484,54962,1215,95,1404,562,1767,17,031,160900,17031160900,0.05958132045088567,0.06766381766381767,0.3180531975099038
Census Tract 1610; Cook County; Illinois,109524,605600,174,2060,2059,68347,1709,101,1342,552,1586,17,031,161000,17031161000,0.08450704225352113,0.07526080476900149,0.3480453972257251
Census Tract 1611; Cook County; Illinois,149722,633200,135,2098,2088,81810,1716,89,1337,433,1440,17,031,161100,17031161100,0.06465517241379311,0.06656694091249066,0.30069444444444443
Census Tract 1612; Cook County; Illinois,80132,435500,716,2837,2837,42577,1377,68,1529,459,1992,17,031,161200,17031161200,0.25237927388086007,0.04447351209941138,0.23042168674698796
Census Tract 1613; Cook County; Illinois,59353,443600,574,3890,3850,38308,1254,146,2264,983,2671,17,031,161300,17031161300,0.14909090909090908,0.06448763250883392,0.3680269561961812
Census Tract 1701; Cook County; Illinois,51944,263600,538,2085,1931,41258,2250,12,865,388,1898,17,031,170100,17031170100,0.27861211807353703,0.013872832369942197,0.20442571127502634
Census Tract 1702; Cook County; Illinois,110602,332600,172,3553,3553,40314,1430,22,1926,651,2428,17,031,170200,17031170200,0.0484097945398255,0.01142263759086189,0.2681219110378913
Census Tract 1703; Cook County; Illinois,82203,357900,207,4794,4792,45799,1411,94,2413,561,3411,17,031,170300,17031170300,0.043196994991652755,0.03895565685868214,0.1644678979771328
Census Tract 1704; Cook County; Illinois,110800,343500,214,4074,4061,48442,1188,150,2411,455,2951,17,031,170400,17031170400,0.05269638020192071,0.06221484861053505,0.15418502202643172
Census Tract 1705; Cook County; Illinois,85250,350100,96,4899,4899,46947,1478,138,2642,712,3541,17,031,170500,17031170500,0.019595835884874464,0.052233156699470096,0.2010731431798927
Census Tract 1706; Cook County; Illinois,81004,338900,334,2500,2500,42681,1488,97,1193,342,1757,17,031,170600,17031170600,0.1336,0.08130762782900251,0.19464997154240182
Census Tract 1707; Cook County; Illinois,90611,412400,112,3323,3323,33767,1352,61,1779,293,2423,17,031,170700,17031170700,0.03370448390009028,0.034288926363125354,0.12092447379281882
Census Tract 1708; Cook County; Illinois,80446,353500,508,4097,4076,42720,1184,195,2321,473,3005,17,031,170800,17031170800,0.12463199214916584,0.08401551055579491,0.15740432612312813
Census Tract 1709; Cook County; Illinois,64202,299400,468,1854,1854,41054,1552,202,1207,192,1317,17,031,170900,17031170900,0.2524271844660194,0.16735708367854185,0.14578587699316628
Census Tract 1710; Cook County; Illinois,86597,373500,637,6178,6178,46073,993,263,3624,985,4804,17,031,171000,17031171000,0.1031078018776303,0.07257174392935982,0.20503746877601997
Census Tract 1711; Cook County; Illinois,95781,353400,450,3876,3876,36371,1409,24,2155,323,2801,17,031,171100,17031171100,0.11609907120743033,0.011136890951276101,0.11531595858621921
Census Tract 1801; Cook County; Illinois,86632,345800,999,7040,6897,35158,1531,127,3635,949,4872,17,031,180100,17031180100,0.1448455850369726,0.03493810178817056,0.19478653530377668
Census Tract 1901; Cook County; Illinois,56713,347600,172,2423,2423,28979,1067,137,1471,244,1660,17,031,190100,17031190100,0.0709863805200165,0.09313392250169952,0.14698795180722893
Census Tract 1902; Cook County; Illinois,80380,358100,794,5766,5648,28821,1370,248,3007,647,3735,17,031,190200,17031190200,0.14058073654390935,0.08247422680412371,0.17322623828647926
Census Tract 1903; Cook County; Illinois,78750,350200,1006,5728,5728,30229,1142,146,2959,529,4062,17,031,190300,17031190300,0.17562849162011174,0.04934099357891179,0.13023141309699654
Census Tract 1904.01; Cook County; Illinois,115000,394700,357,3855,3837,40568,1175,134,2460,421,2833,17,031,190401,17031190401,0.09304143862392494,0.05447154471544716,0.14860571831980232
Census Tract 1904.02; Cook County; Illinois,63140,317600,513,4580,4580,30703,1229,126,2465,468,3270,17,031,190402,17031190402,0.11200873362445415,0.051115618661257606,0.14311926605504588
Census Tract 1906.01; Cook County; Illinois,77316,321500,461,3788,3753,26622,1030,179,2123,196,2730,17,031,190601,17031190601,0.12283506528110845,0.08431464908148846,0.07179487179487179
Census Tract 1906.02; Cook County; Illinois,82232,296700,884,5745,5483,23325,1335,131,2455,541,3620,17,031,190602,17031190602,0.16122560641984315,0.05336048879837067,0.1494475138121547
Census Tract 1907.01; Cook County; Illinois,68810,333000,155,2684,2684,25382,1265,31,1292,161,1653,17,031,190701,17031190701,0.05774962742175857,0.023993808049535603,0.09739866908650938
Census Tract 1907.02; Cook County; Illinois,62813,335500,1253,4392,4392,23213,1223,202,2248,296,2951,17,031,190702,17031190702,0.28529143897996356,0.0898576512455516,0.10030498136225008
Census Tract 1908; Cook County; Illinois,52880,355900,724,6018,5933,23876,1082,124,2664,586,4140,17,031,190800,17031190800,0.12202932749030844,0.046546546546546545,0.14154589371980678
Census Tract 1909; Cook County; Illinois,77778,351100,144,1818,1818,25934,968,17,719,331,1219,17,031,190900,17031190900,0.07920792079207921,0.02364394993045897,0.2715340442986054
Census Tract 1910; Cook County; Illinois,58182,299000,268,2315,2307,21793,1153,78,1034,116,1515,17,031,191000,17031191000,0.11616818378846988,0.07543520309477757,0.07656765676567656
Census Tract 1911; Cook County; Illinois,51958,325800,2030,6279,6256,22053,1283,149,2744,454,4033,17,031,191100,17031191100,0.32448849104859334,0.054300291545189505,0.1125712868832135
Census Tract 1912; Cook County; Illinois,51449,259500,1278,3836,3802,18383,1411,46,1264,167,2126,17,031,191200,17031191200,0.3361388742766965,0.03639240506329114,0.07855126999059266
Census Tract 1913.01; Cook County; Illinois,69783,297600,401,4856,4856,27055,1385,40,2500,151,3102,17,031,191301,17031191301,0.08257825370675453,0.016,0.0486782720825274
Census Tract 1913.02; Cook County; Illinois,62146,278900,417,4227,4227,21971,1578,173,2060,172,2557,17,031,191302,17031191302,0.09865152590489709,0.08398058252427185,0.06726632772780602
Census Tract 2001; Cook County; Illinois,81131,325100,588,4004,3932,33425,1267,163,2288,520,2599,17,031,200100,17031200100,0.14954221770091555,0.07124125874125874,0.2000769526741054
Census Tract 2002; Cook County; Illinois,69335,328900,605,4601,4601,29628,1275,110,2631,441,3211,17,031,200200,17031200200,0.13149315366224734,0.04180919802356518,0.13734039240112114
Census Tract 2003; Cook County; Illinois,48977,317600,557,1858,1858,25030,1653,71,924,315,1341,17,031,200300,17031200300,0.2997847147470398,0.07683982683982683,0.2348993288590604
Census Tract 2004.01; Cook County; Illinois,69046,325700,455,3138,3108,29144,1155,86,1601,304,1902,17,031,200401,17031200401,0.1463963963963964,0.05371642723297939,0.1598317560462671
Census Tract 2004.02; Cook County; Illinois,80784,295100,282,4378,4378,28870,1342,20,2478,622,2766,17,031,200402,17031200402,0.06441297396071266,0.008071025020177562,0.22487346348517714
Census Tract 2101; Cook County; Illinois,115018,465200,328,4206,4181,70063,1817,74,2951,1089,3181,17,031,210100,17031210100,0.07845013154747668,0.02507624534056252,0.34234517447343604
Census Tract 2104; Cook County; Illinois,71183,361000,898,3095,2989,32271,1492,144,1689,292,2046,17,031,210400,17031210400,0.3004349280695885,0.0852575488454707,0.14271749755620725
Census Tract 2105.01; Cook County; Illinois,76379,391600,831,2899,2899,45425,1635,112,2080,574,2212,17,031,210501,17031210501,0.28665056916177994,0.05384615384615385,0.25949367088607594
Census Tract 2105.02; Cook County; Illinois,78881,479400,719,4300,4300,37355,1506,129,2560,724,3153,17,031,210502,17031210502,0.1672093023255814,0.050390625,0.22962258166825245
Census Tract 2106.01; Cook County; Illinois,84271,489400,238,2429,2426,56560,1594,201,1675,681,1982,17,031,210601,17031210601,0.09810387469084914,0.12,0.34359233097880926
Census Tract 2106.02; Cook County; Illinois,87571,441100,484,3942,3942,44980,1660,185,2557,788,2813,17,031,210602,17031210602,0.12278031456113647,0.07235041063746578,0.28012797724848915
Census Tract 2107; Cook County; Illinois,89196,492600,166,3769,3769,52411,1806,52,2408,960,2659,17,031,210700,17031210700,0.044043512868134786,0.02159468438538206,0.3610379842045882
Census Tract 2108; Cook County; Illinois,104701,547100,50,1073,1072,52303,1785,84,808,258,861,17,031,210800,17031210800,0.04664179104477612,0.10396039603960396,0.29965156794425085
Census Tract 2109; Cook County; Illinois,101288,576800,341,3060,3060,69613,1779,301,2172,871,2444,17,031,210900,17031210900,0.11143790849673203,0.13858195211786373,0.35638297872340424
Census Tract 2203; Cook County; Illinois,101875,478100,167,2142,2113,70548,2103,99,1521,846,1730,17,031,220300,17031220300,0.07903454803596782,0.0650887573964497,0.4890173410404624
Census Tract 2204; Cook County; Illinois,126273,766100,306,2530,2503,84170,2073,67,1640,786,2005,17,031,220400,17031220400,0.1222532960447463,0.04085365853658537,0.39201995012468827
Census Tract 2205; Cook County; Illinois,102552,481000,283,2897,2887,68680,2245,118,2081,917,2256,17,031,220500,17031220500,0.09802563214409421,0.05670350792888035,0.40647163120567376
Census Tract 2206.01; Cook County; Illinois,134000,648300,25,1680,1680,82613,1781,23,1193,612,1318,17,031,220601,17031220601,0.01488095238095238,0.019279128248113998,0.464339908952959
Census Tract 2206.02; Cook County; Illinois,77650,623000,598,4358,4353,66211,1638,184,3020,1424,3383,17,031,220602,17031220602,0.13737652193889272,0.060927152317880796,0.4209281702630801
Census Tract 2207.01; Cook County; Illinois,77904,496700,291,2851,2851,50334,1681,126,1977,507,2139,17,031,220701,17031220701,0.10206944931602946,0.0637329286798179,0.2370266479663394
Census Tract 2207.02; Cook County; Illinois,84167,523800,238,3903,3870,44852,1516,83,2463,1109,2873,17,031,220702,17031220702,0.06149870801033592,0.033698741372310194,0.3860076575008702
Census Tract 2209.01; Cook County; Illinois,96458,522800,328,2994,2987,37963,1670,168,1919,670,2147,17,031,220901,17031220901,0.10980917308336123,0.08754559666492966,0.312063344201211
Census Tract 2209.02; Cook County; Illinois,82104,493800,501,3020,3020,38804,1431,66,1795,463,2044,17,031,220902,17031220902,0.16589403973509934,0.03676880222841226,0.22651663405088063
Census Tract 2210; Cook County; Illinois,91914,450700,354,2504,2504,41180,1804,101,1720,573,1958,17,031,221000,17031221000,0.1413738019169329,0.05872093023255814,0.2926455566905005
Census Tract 2211; Cook County; Illinois,104342,382100,566,4186,3944,69198,1539,104,2871,1188,3543,17,031,221100,17031221100,0.14350912778904665,0.03622431208638105,0.3353090601185436
Census Tract 2212; Cook County; Illinois,127795,633300,652,3096,3096,69072,1846,73,1813,636,2183,17,031,221200,17031221200,0.21059431524547803,0.04026475455046884,0.2913421896472744
Census Tract 2213; Cook County; Illinois,89158,746900,370,2769,2743,70878,1692,86,1971,890,2165,17,031,221300,17031221300,0.13488880787458987,0.04363267376966007,0.4110854503464203
Census Tract 2214; Cook County; Illinois,100565,673900,266,2995,2995,83541,2054,54,2256,968,2395,17,031,221400,17031221400,0.08881469115191987,0.023936170212765957,0.40417536534446763
Census Tract 2215; Cook County; Illinois,92193,681000,304,3237,3237,68208,1231,29,1916,872,2408,17,031,221500,17031221500,0.09391411801050355,0.015135699373695199,0.36212624584717606
Census Tract 2216; Cook County; Illinois,145625,869000,204,3406,3394,96650,1943,62,2262,1140,2506,17,031,221600,17031221600,0.060106069534472596,0.027409372236958444,0.45490822027134875
Census Tract 2222; Cook County; Illinois,176711,894700,82,2151,2148,111662,2451,29,1479,612,1601,17,031,222200,17031222200,0.038175046554934824,0.0196078431372549,0.38226108682073706
Census Tract 2225; Cook County; Illinois,159468,610600,109,1241,1236,80069,1967,27,887,429,944,17,031,222500,17031222500,0.08818770226537216,0.030439684329199548,0.4544491525423729
Census Tract 2226; Cook County; Illinois,97632,485700,102,1465,1465,61419,1678,84,1078,470,1192,17,031,222600,17031222600,0.0696245733788396,0.07792207792207792,0.39429530201342283
Census Tract 2227; Cook County; Illinois,88158,414800,427,2035,2034,47525,1660,42,1202,438,1365,17,031,222700,17031222700,0.20993117010816126,0.03494176372712146,0.3208791208791209
Census Tract 2228; Cook County; Illinois,73403,599100,207,945,933,44290,1474,40,611,147,694,17,031,222800,17031222800,0.22186495176848875,0.06546644844517185,0.21181556195965417
Census Tract 2229; Cook County; Illinois,92386,440000,100,1171,1171,49496,1648,39,748,241,769,17,031,222900,17031222900,0.08539709649871904,0.05213903743315508,0.31339401820546164
Census Tract 2301; Cook County; Illinois,84453,684700,431,1516,1516,68352,1464,48,897,492,1128,17,031,230100,17031230100,0.2843007915567282,0.05351170568561873,0.43617021276595747
Census Tract 2302; Cook County; Illinois,96471,486100,291,1936,1936,50297,1427,29,1195,376,1395,17,031,230200,17031230200,0.1503099173553719,0.024267782426778243,0.26953405017921145
Census Tract 2303; Cook County; Illinois,68229,512800,244,967,967,25427,1467,7,487,59,505,17,031,230300,17031230300,0.25232678386763185,0.014373716632443531,0.11683168316831684
Census Tract 2304; Cook County; Illinois,104050,419600,401,2122,2122,38436,1481,14,1119,416,1478,17,031,230400,17031230400,0.18897266729500473,0.012511170688114389,0.2814614343707713
Census Tract 2305; Cook County; Illinois,48371,376100,947,3673,3673,22442,988,61,1606,202,2319,17,031,230500,17031230500,0.2578273890552682,0.03798256537982565,0.08710651142733937
Census Tract 2306; Cook County; Illinois,59351,283900,1676,8582,8461,18308,1333,597,3896,419,4713,17,031,230600,17031230600,0.1980853327029902,0.15323408624229978,0.08890303416083174
Census Tract 2307; Cook County; Illinois,36820,358900,2230,5345,5284,23766,1504,323,2538,394,3046,17,031,230700,17031230700,0.42202876608629825,0.1272655634357762,0.1293499671700591
Census Tract 2308; Cook County; Illinois,65648,335700,146,993,991,30614,1446,41,506,161,810,17,031,230800,17031230800,0.14732593340060546,0.08102766798418973,0.19876543209876543
Census Tract 2309; Cook County; Illinois,71224,455300,1184,4792,4770,38851,1616,349,2886,887,3739,17,031,230900,17031230900,0.2482180293501048,0.12092862092862093,0.23722920566996522
Census Tract 2311; Cook County; Illinois,60859,293100,156,1248,1248,36549,1284,30,650,91,847,17,031,231100,17031231100,0.125,0.046153846153846156,0.10743801652892562
Census Tract 2312; Cook County; Illinois,40122,230100,2740,6098,6070,16562,1541,330,2213,236,3691,17,031,231200,17031231200,0.4514003294892916,0.149118843199277,0.06393931183960987
Census Tract 2315; Cook County; Illinois,30637,307300,1585,6045,6045,23069,1084,284,2398,459,3635,17,031,231500,17031231500,0.26220016542597185,0.11843202668890743,0.12627235213204951
Census Tract 2402; Cook County; Illinois,168862,788500,141,1743,1709,99158,1695,19,1145,702,1507,17,031,240200,17031240200,0.08250438853130486,0.016593886462882096,0.46582614465826144
Census Tract 2403; Cook County; Illinois,171528,903800,28,1299,1299,145927,2224,6,826,417,996,17,031,240300,17031240300,0.02155504234026174,0.007263922518159807,0.4186746987951807
Census Tract 2405; Cook County; Illinois,184580,545600,13,2329,2329,129229,2826,62,1982,1282,2020,17,031,240500,17031240500,0.0055817947617003,0.03128153380423814,0.6346534653465347
Census Tract 2406; Cook County; Illinois,170625,602600,161,1739,1714,101192,2344,17,1288,496,1245,17,031,240600,17031240600,0.09393232205367562,0.013198757763975156,0.39839357429718875
Census Tract 2407; Cook County; Illinois,95921,581300,285,1509,1509,81375,1597,13,976,612,1135,17,031,240700,17031240700,0.18886679920477137,0.01331967213114754,0.5392070484581498
Census Tract 2408; Cook County; Illinois,79643,663900,201,1583,1568,57586,1543,36,1074,400,1165,17,031,240800,17031240800,0.12818877551020408,0.0335195530726257,0.34334763948497854
Census Tract 2409; Cook County; Illinois,100854,460800,103,1247,1242,56888,1736,18,862,464,999,17,031,240900,17031240900,0.08293075684380032,0.02088167053364269,0.4644644644644645
Census Tract 2410; Cook County; Illinois,98304,411800,306,1948,1817,65112,1810,121,1438,677,1645,17,031,241000,17031241000,0.16840946615299945,0.08414464534075104,0.4115501519756839
Census Tract 2411; Cook County; Illinois,101016,516400,486,3498,3480,67014,1926,164,2569,1263,2830,17,031,241100,17031241100,0.1396551724137931,0.06383806928766057,0.4462897526501767
Census Tract 2412; Cook County; Illinois,151891,575200,189,1692,1691,110888,1629,56,1303,619,1397,17,031,241200,17031241200,0.11176818450620934,0.042977743668457406,0.443092340730136
Census Tract 2413; Cook County; Illinois,173929,616200,166,1844,1736,111321,2329,28,1264,668,1388,17,031,241300,17031241300,0.0956221198156682,0.022151898734177215,0.4812680115273775
Census Tract 2414; Cook County; Illinois,186537,698300,273,5693,5693,119183,2539,172,4524,2357,4497,17,031,241400,17031241400,0.047953627261549274,0.03801945181255526,0.5241271959083834
Census Tract 2415; Cook County; Illinois,190000,718200,114,2769,2769,127754,2424,60,2332,1218,2272,17,031,241500,17031241500,0.041170097508125676,0.025728987993138937,0.5360915492957746
Census Tract 2416; Cook County; Illinois,117027,545800,514,3779,3779,78286,2150,180,2904,1544,2916,17,031,241600,17031241600,0.13601481873511512,0.06198347107438017,0.5294924554183813
Census Tract 2420; Cook County; Illinois,137333,611200,307,4575,4564,88277,1713,183,3365,1760,3955,17,031,242000,17031242000,0.06726555652936021,0.05438335809806835,0.4450063211125158
Census Tract 2421; Cook County; Illinois,219385,646800,223,3792,3792,142691,2147,80,3092,1624,3289,17,031,242100,17031242100,0.058808016877637134,0.0258732212160414,0.4937671024627546
Census Tract 2422; Cook County; Illinois,162976,679200,144,4182,4182,97592,2265,15,3382,1999,3584,17,031,242200,17031242200,0.03443328550932568,0.004435245416913069,0.5577566964285714
Census Tract 2423; Cook County; Illinois,116094,545600,308,3208,3208,87227,1997,146,2408,1181,2667,17,031,242300,17031242300,0.09600997506234414,0.0606312292358804,0.442819647544057
Census Tract 2424; Cook County; Illinois,110795,628300,271,3084,3048,71733,1921,68,2425,1115,2487,17,031,242400,17031242400,0.08891076115485565,0.028041237113402062,0.44833132287897065
Census Tract 2425; Cook County; Illinois,97438,601400,333,3394,3344,63172,1857,55,2673,1217,2847,17,031,242500,17031242500,0.09958133971291866,0.0205761316872428,0.4274675096592905
Census Tract 2426; Cook County; Illinois,96607,582400,572,5888,5888,62177,1751,286,3572,1250,4347,17,031,242600,17031242600,0.09714673913043478,0.08006718924972005,0.28755463538072235
Census Tract 2427; Cook County; Illinois,82351,554300,282,1880,1880,51088,1600,27,1178,503,1384,17,031,242700,17031242700,0.15,0.022920203735144314,0.3634393063583815
Census Tract 2428; Cook County; Illinois,180750,671900,84,1575,1575,110212,1953,21,1125,501,1240,17,031,242800,17031242800,0.05333333333333334,0.018666666666666668,0.40403225806451615
Census Tract 2429; Cook County; Illinois,141645,492700,101,2242,2205,79517,1819,53,1485,578,1647,17,031,242900,17031242900,0.04580498866213152,0.03569023569023569,0.3509411050394657
Census Tract 2430; Cook County; Illinois,149280,479700,105,2364,2364,73819,2081,34,1734,891,1937,17,031,243000,17031243000,0.044416243654822336,0.0196078431372549,0.4599896747547754
Census Tract 2431; Cook County; Illinois,125000,780600,47,1912,1912,109887,1741,57,1444,591,1574,17,031,243100,17031243100,0.024581589958158997,0.039473684210526314,0.3754764930114358
Census Tract 2432; Cook County; Illinois,123750,665400,240,2587,2574,87291,2189,75,1960,672,1896,17,031,243200,17031243200,0.09324009324009325,0.03826530612244898,0.35443037974683544
Census Tract 2433; Cook County; Illinois,128000,664600,131,2340,2340,106901,2146,63,2022,1109,2035,17,031,243300,17031243300,0.055982905982905985,0.03115727002967359,0.544963144963145
Census Tract 2434; Cook County; Illinois,125278,462700,366,2972,2972,84738,1899,169,2348,1319,2594,17,031,243400,17031243400,0.12314939434724091,0.07197614991482112,0.5084811102544333
Census Tract 2435; Cook County; Illinois,157283,601300,289,4824,4824,117730,2542,92,3877,1789,3826,17,031,243500,17031243500,0.059908789386401325,0.0237296879030178,0.46759017250392054
Census Tract 2502; Cook County; Illinois,45956,276500,646,2610,2610,19105,1020,139,1086,128,1790,17,031,250200,17031250200,0.2475095785440613,0.1279926335174954,0.07150837988826815
Census Tract 2503; Cook County; Illinois,60573,299100,1126,5144,5144,23736,1256,417,2592,265,3200,17,031,250300,17031250300,0.21889580093312597,0.16087962962962962,0.0828125
Census Tract 2504; Cook County; Illinois,47723,257300,907,5733,5733,24616,1392,367,2674,356,3987,17,031,250400,17031250400,0.15820687249258678,0.13724756918474196,0.08929019312766491
Census Tract 2505; Cook County; Illinois,102237,333100,723,7509,7509,45969,1514,172,4134,1262,5403,17,031,250500,17031250500,0.09628445864962046,0.04160619254958878,0.23357394040347954
Census Tract 2506; Cook County; Illinois,-666666666,265600,1000,3887,3876,32183,999,203,1791,272,2803,17,031,250600,17031250600,0.2579979360165119,0.11334450027917364,0.09703888690688547
Census Tract 2507; Cook County; Illinois,50858,239300,1448,6676,6458,22584,1249,582,3198,524,4132,17,031,250700,17031250700,0.22421802415608547,0.18198874296435272,0.12681510164569215
Census Tract 2508; Cook County; Illinois,77414,268500,543,2742,2742,24341,1258,106,1308,124,1773,17,031,250800,17031250800,0.19803063457330417,0.08103975535168195,0.06993795826283136
Census Tract 2510; Cook County; Illinois,40625,242600,375,1196,1196,19921,1143,101,566,138,732,17,031,251000,17031251000,0.31354515050167225,0.1784452296819788,0.1885245901639344
Census Tract 2511; Cook County; Illinois,43370,239400,1374,4521,4520,24878,1179,323,2034,227,3049,17,031,251100,17031251100,0.30398230088495576,0.15880039331366766,0.07445063955395212
Census Tract 2512; Cook County; Illinois,60064,242200,644,4314,4275,27047,972,214,2029,173,2945,17,031,251200,17031251200,0.15064327485380116,0.1054706752094628,0.05874363327674024
Census Tract 2513; Cook County; Illinois,43138,271800,1265,4515,4515,23987,1160,269,1976,377,3098,17,031,251300,17031251300,0.28017718715393136,0.1361336032388664,0.12169141381536475
Census Tract 2514; Cook County; Illinois,24160,315100,824,3170,3170,26739,988,240,1340,146,2694,17,031,251400,17031251400,0.2599369085173502,0.1791044776119403,0.054194506310319225
Census Tract 2515; Cook County; Illinois,54938,241100,1339,4489,4377,22725,1153,498,2278,265,2564,17,031,251500,17031251500,0.3059172949508796,0.218612818261633,0.10335413416536661
Census Tract 2516; Cook County; Illinois,46869,206100,791,3983,3983,17716,1238,272,1682,261,2258,17,031,251600,17031251600,0.19859402460456943,0.16171224732461356,0.11558901682905226
Census Tract 2517; Cook County; Illinois,55750,244600,355,1368,1368,45537,1308,60,589,101,928,17,031,251700,17031251700,0.2595029239766082,0.10186757215619695,0.10883620689655173
Census Tract 2518; Cook County; Illinois,34220,266300,1385,4532,4418,16367,1303,322,1987,126,3020,17,031,251800,17031251800,0.31349026708918065,0.16205334675390035,0.041721854304635764
Census Tract 2519; Cook County; Illinois,42677,233500,1148,5519,5475,24161,1003,624,3051,155,3690,17,031,251900,17031251900,0.20968036529680364,0.20452310717797442,0.04200542005420054
Census Tract 2520; Cook County; Illinois,36645,245800,1334,5643,5565,21004,1162,524,2456,290,3685,17,031,252000,17031252000,0.23971248876909254,0.21335504885993486,0.07869742198100407
Census Tract 2521.01; Cook County; Illinois,51250,244800,120,1801,1755,26163,1056,93,767,50,1392,17,031,252101,17031252101,0.06837606837606838,0.121251629726206,0.035919540229885055
Census Tract 2521.02; Cook County; Illinois,52049,197100,1265,5766,5766,21807,1319,493,2796,274,3824,17,031,252102,17031252102,0.21938952480055499,0.17632331902718168,0.07165271966527197
Census Tract 2522.01; Cook County; Illinois,49100,239900,931,3128,2787,23838,1251,421,1618,261,2346,17,031,252201,17031252201,0.3340509508432006,0.26019777503090236,0.11125319693094629
Census Tract 2522.02; Cook County; Illinois,46875,257100,1593,5129,5109,23383,1156,387,2168,148,3076,17,031,252202,17031252202,0.3118027011156782,0.17850553505535055,0.04811443433029909
Census Tract 2601; Cook County; Illinois,15817,325500,397,1106,1106,22863,491,90,493,47,903,17,031,260100,17031260100,0.3589511754068716,0.18255578093306288,0.05204872646733112
Census Tract 2602; Cook County; Illinois,49250,162500,181,1209,1209,23371,1142,40,611,29,854,17,031,260200,17031260200,0.14971050454921422,0.06546644844517185,0.03395784543325527
Census Tract 2603; Cook County; Illinois,-666666666,242600,568,1429,1424,16585,994,87,629,23,750,17,031,260300,17031260300,0.398876404494382,0.1383147853736089,0.030666666666666665
Census Tract 2604; Cook County; Illinois,-666666666,161200,964,1511,1511,11257,1333,199,640,19,887,17,031,260400,17031260400,0.6379880873593646,0.3109375,0.02142051860202931
Census Tract 2605; Cook County; Illinois,54417,217500,549,1985,1982,23999,1493,141,961,16,1337,17,031,260500,17031260500,0.27699293642785067,0.14672216441207075,0.011967090501121914
Census Tract 2606; Cook County; Illinois,50368,189600,391,1793,1793,20971,1372,212,788,105,1146,17,031,260600,17031260600,0.2180702732849972,0.26903553299492383,0.09162303664921466
Census Tract 2607; Cook County; Illinois,67986,242600,358,1198,1198,28087,1285,61,549,140,925,17,031,260700,17031260700,0.2988313856427379,0.1111111111111111,0.15135135135135136
Census Tract 2608; Cook County; Illinois,35462,205300,231,1719,1719,21180,1312,249,899,44,1148,17,031,260800,17031260800,0.1343804537521815,0.27697441601779754,0.03832752613240418
Census Tract 2609; Cook County; Illinois,23495,245900,535,1174,1136,17939,1255,91,425,89,854,17,031,260900,17031260900,0.4709507042253521,0.21411764705882352,0.10421545667447307
Census Tract 2610; Cook County; Illinois,47708,175000,453,1972,1972,24727,1420,141,942,91,1388,17,031,261000,17031261000,0.2297160243407708,0.14968152866242038,0.06556195965417867
Census Tract 2705; Cook County; Illinois,24181,165500,816,1426,1426,15601,928,62,405,128,762,17,031,270500,17031270500,0.5722300140252454,0.15308641975308643,0.1679790026246719
Census Tract 2712; Cook County; Illinois,32905,303400,436,1299,1299,17795,1579,121,393,145,899,17,031,271200,17031271200,0.33564280215550424,0.30788804071246817,0.16129032258064516
Census Tract 2713; Cook County; Illinois,45488,414000,280,953,953,23654,833,59,574,73,618,17,031,271300,17031271300,0.2938090241343127,0.10278745644599303,0.11812297734627832
Census Tract 2714; Cook County; Illinois,41591,212500,413,1508,1508,27495,1224,116,614,193,970,17,031,271400,17031271400,0.2738726790450928,0.18892508143322476,0.19896907216494844
Census Tract 2715; Cook County; Illinois,52390,273800,358,1469,1469,24804,1418,149,673,97,974,17,031,271500,17031271500,0.24370319945541186,0.2213967310549777,0.09958932238193019
Census Tract 2718; Cook County; Illinois,90331,237500,162,1006,1006,23917,1744,54,444,41,637,17,031,271800,17031271800,0.1610337972166998,0.12162162162162163,0.06436420722135008
Census Tract 2801; Cook County; Illinois,146383,428900,121,7742,7742,163960,2450,123,6808,3010,7042,17,031,280100,17031280100,0.01562903642469646,0.018066980023501763,0.4274353876739563
Census Tract 2804; Cook County; Illinois,40699,344000,386,1508,1508,24901,986,12,707,213,1102,17,031,280400,17031280400,0.25596816976127323,0.016973125884016973,0.19328493647912887
Census Tract 2808; Cook County; Illinois,30231,370000,171,869,859,24573,1267,50,374,54,622,17,031,280800,17031280800,0.1990686845168801,0.13368983957219252,0.08681672025723473
Census Tract 2809; Cook County; Illinois,46471,351100,244,1253,1253,90052,558,36,664,250,876,17,031,280900,17031280900,0.19473264166001597,0.05421686746987952,0.2853881278538813
Census Tract 2819; Cook County; Illinois,121838,396100,745,6907,6798,98303,2103,285,5727,2419,5626,17,031,281900,17031281900,0.10959105619299794,0.04976427448926139,0.4299680056878777
Census Tract 2827; Cook County; Illinois,103942,319200,310,2239,2214,59072,2141,97,1465,380,1578,17,031,282700,17031282700,0.14001806684733514,0.06621160409556313,0.24081115335868186
Census Tract 2828; Cook County; Illinois,110313,404800,163,1727,1727,51662,1769,54,1004,270,1195,17,031,282800,17031282800,0.09438332368268675,0.053784860557768925,0.22594142259414227
Census Tract 2831; Cook County; Illinois,-666666666,465800,718,2560,2560,39162,1896,172,1606,659,2021,17,031,283100,17031283100,0.28046875,0.10709838107098381,0.3260761999010391
Census Tract 2832; Cook County; Illinois,66404,441000,145,1687,1687,53234,1371,48,1067,461,1088,17,031,283200,17031283200,0.08595139300533491,0.04498594189315839,0.42371323529411764
Census Tract 2838; Cook County; Illinois,85972,398300,883,3515,3515,53322,1256,160,2179,509,2632,17,031,283800,17031283800,0.2512091038406828,0.07342817806333181,0.19338905775075987
Census Tract 2909; Cook County; Illinois,57753,222800,1462,4870,4870,16945,1175,618,2199,210,2789,17,031,290900,17031290900,0.3002053388090349,0.2810368349249659,0.07529580494801004
Census Tract 2912; Cook County; Illinois,-666666666,243900,1167,2225,2225,17836,1134,48,745,163,1203,17,031,291200,17031291200,0.5244943820224719,0.06442953020134229,0.13549459684123025
Census Tract 2916; Cook County; Illinois,118906,373900,305,1506,1506,29536,2119,90,634,88,979,17,031,291600,17031291600,0.20252324037184594,0.14195583596214512,0.0898876404494382
Census Tract 2922; Cook County; Illinois,50547,244800,407,2658,2658,31965,1134,162,1187,133,1576,17,031,292200,17031292200,0.15312264860797592,0.13647851727042964,0.08439086294416244
Census Tract 2924; Cook County; Illinois,41733,255500,561,1916,1916,37714,1252,121,1103,170,1326,17,031,292400,17031292400,0.2927974947807933,0.10970081595648232,0.1282051282051282
Census Tract 2925; Cook County; Illinois,56283,239600,373,3310,3310,29740,1302,167,1605,379,2365,17,031,292500,17031292500,0.11268882175226586,0.10404984423676013,0.1602536997885835
Census Tract 3005; Cook County; Illinois,87721,225300,732,3355,3355,23730,1194,100,1793,341,2286,17,031,300500,17031300500,0.21818181818181817,0.05577244841048522,0.14916885389326334
Census Tract 3006; Cook County; Illinois,59097,281400,510,3260,3154,25271,1186,146,1435,273,2284,17,031,300600,17031300600,0.1616994292961319,0.10174216027874565,0.11952714535901926
Census Tract 3007; Cook County; Illinois,48435,287300,691,4329,4329,23469,863,216,2331,127,3017,17,031,300700,17031300700,0.1596211596211596,0.09266409266409266,0.04209479615512098
Census Tract 3008; Cook County; Illinois,36349,225600,1345,3764,3764,19827,1164,35,1419,252,2254,17,031,300800,17031300800,0.3573326248671626,0.02466525722339676,0.11180124223602485
Census Tract 3009; Cook County; Illinois,32378,-666666666,1891,4267,4226,18541,928,68,1701,122,2672,17,031,300900,17031300900,0.4474680548982489,0.03997648442092887,0.04565868263473054
Census Tract 3011; Cook County; Illinois,52881,219300,355,2403,2403,19987,1054,125,1160,191,1618,17,031,301100,17031301100,0.14773200166458594,0.10775862068965517,0.1180469715698393
Census Tract 3012; Cook County; Illinois,48160,255400,874,4087,4087,26217,1057,286,2640,491,2713,17,031,301200,17031301200,0.2138487888426719,0.10833333333333334,0.1809804644305197
Census Tract 3016; Cook County; Illinois,43077,233300,967,4228,4116,27593,969,176,1796,229,2990,17,031,301600,17031301600,0.23493683187560738,0.09799554565701558,0.0765886287625418
Census Tract 3017.01; Cook County; Illinois,58678,264100,981,4496,4496,26073,1104,49,2333,225,3239,17,031,301701,17031301701,0.21819395017793594,0.02100300042863266,0.06946588453226304
Census Tract 3017.02; Cook County; Illinois,76579,255000,323,3801,3684,26951,894,47,1895,219,2202,17,031,301702,17031301702,0.08767643865363735,0.024802110817941952,0.0994550408719346
Census Tract 3018.01; Cook County; Illinois,51235,277900,1017,4714,4714,17733,1116,216,1970,381,2710,17,031,301801,17031301801,0.21574034789987273,0.10964467005076142,0.14059040590405905
Census Tract 3018.02; Cook County; Illinois,32165,220600,820,2513,2513,23521,1034,112,1105,222,1775,17,031,301802,17031301802,0.3263032232391564,0.10135746606334842,0.12507042253521128
Census Tract 3018.03; Cook County; Illinois,62102,193000,361,3183,3183,27747,984,137,1535,204,2454,17,031,301803,17031301803,0.11341501727929626,0.08925081433224756,0.08312958435207823
Census Tract 3102; Cook County; Illinois,104167,408100,118,1508,1494,65896,1809,62,1190,666,1291,17,031,310200,17031310200,0.07898259705488621,0.052100840336134456,0.5158791634391944
Census Tract 3103; Cook County; Illinois,78906,503700,218,1560,1560,44835,1264,51,1049,393,1120,17,031,310300,17031310300,0.13974358974358975,0.04861773117254528,0.3508928571428571
Census Tract 3104; Cook County; Illinois,83271,378400,176,1447,1438,62893,1604,73,890,209,1024,17,031,310400,17031310400,0.12239221140472879,0.08202247191011236,0.2041015625
Census Tract 3105; Cook County; Illinois,63070,407500,232,1356,1356,37812,1288,94,983,147,1055,17,031,310500,17031310500,0.1710914454277286,0.09562563580874874,0.13933649289099526
Census Tract 3106; Cook County; Illinois,86938,369200,562,5872,5872,45300,1517,93,3611,820,4306,17,031,310600,17031310600,0.09570844686648501,0.025754638604264746,0.19043195541105434
Census Tract 3107; Cook County; Illinois,76111,423500,370,1583,1583,29892,1374,102,919,320,1034,17,031,310700,17031310700,0.2337334175615919,0.11099020674646355,0.30947775628626695
Census Tract 3108; Cook County; Illinois,69435,379700,778,4013,4013,38094,1298,294,2685,855,3015,17,031,310800,17031310800,0.19386992275105905,0.10949720670391061,0.2835820895522388
Census Tract 3109; Cook County; Illinois,84571,271200,1247,4998,4998,40927,1366,234,2760,723,3415,17,031,310900,17031310900,0.24949979991996799,0.08478260869565217,0.21171303074670572
Census Tract 3201.01; Cook County; Illinois,125862,638900,239,8972,8968,134160,2658,71,5931,2645,7693,17,031,320101,17031320101,0.026650312221231043,0.011970999831394368,0.34381905628493437
Census Tract 3201.02; Cook County; Illinois,97725,379600,669,5040,5035,83678,2270,364,3427,1766,3697,17,031,320102,17031320102,0.13286991062562065,0.10621534870148819,0.477684609142548
Census Tract 3204; Cook County; Illinois,145278,654700,294,3530,1525,55986,2301,204,2001,472,1252,17,031,320400,17031320400,0.19278688524590165,0.10194902548725637,0.3769968051118211
Census Tract 3206; Cook County; Illinois,118670,380800,835,6262,5950,87717,2475,205,4333,2408,5105,17,031,320600,17031320600,0.1403361344537815,0.04731133164089545,0.471694417238002
Census Tract 3301.01; Cook County; Illinois,171388,593500,481,4821,4821,125138,3501,120,3476,799,3964,17,031,330101,17031330101,0.09977183157021365,0.03452243958573072,0.2015640766902119
Census Tract 3301.02; Cook County; Illinois,120182,390800,337,11992,11992,87026,2545,385,8985,4709,9717,17,031,330102,17031330102,0.028102068045363575,0.04284919309961046,0.4846145929813728
Census Tract 3301.03; Cook County; Illinois,97758,364800,1306,8408,8244,82058,1902,216,5884,3362,7545,17,031,330103,17031330103,0.158418243571082,0.036709721278042146,0.44559310801855534
Census Tract 3302; Cook County; Illinois,143558,603700,339,3981,3981,100159,-666666666,97,2185,997,2950,17,031,330200,17031330200,0.08515448379804069,0.044393592677345536,0.33796610169491526
Census Tract 3403; Cook County; Illinois,53030,395000,196,1720,1720,35313,1160,45,772,311,1313,17,031,340300,17031340300,0.11395348837209303,0.05829015544041451,0.23686214775323686
Census Tract 3404; Cook County; Illinois,40583,358100,443,1702,1682,22571,1612,82,799,192,1210,17,031,340400,17031340400,0.2633769322235434,0.10262828535669587,0.15867768595041323
Census Tract 3405; Cook County; Illinois,62288,460100,455,1672,1672,54205,819,29,819,294,1458,17,031,340500,17031340500,0.27212918660287083,0.03540903540903541,0.20164609053497942
Census Tract 3406; Cook County; Illinois,21279,-666666666,809,1430,1426,11095,384,183,573,16,731,17,031,340600,17031340600,0.5673211781206171,0.3193717277486911,0.02188782489740082
Census Tract 3501; Cook County; Illinois,58295,-666666666,600,2435,2435,52939,1387,91,1422,681,1907,17,031,350100,17031350100,0.2464065708418891,0.0639943741209564,0.3571054011536445
Census Tract 3504; Cook County; Illinois,20515,-666666666,809,1457,1457,14201,577,116,547,4,780,17,031,350400,17031350400,0.5552505147563487,0.21206581352833637,0.005128205128205128
Census Tract 3510; Cook County; Illinois,61736,366900,343,4259,4259,43416,1362,340,2779,677,3248,17,031,351000,17031351000,0.08053533693355247,0.12234616768621806,0.208435960591133
Census Tract 3511; Cook County; Illinois,15921,289300,1079,2000,2000,15768,381,386,907,108,1193,17,031,351100,17031351100,0.5395,0.4255788313120176,0.09052808046940486
Census Tract 3514; Cook County; Illinois,-666666666,511000,471,1387,1387,22962,806,107,534,122,968,17,031,351400,17031351400,0.33958183129055514,0.20037453183520598,0.12603305785123967
Census Tract 3515; Cook County; Illinois,77206,422900,239,973,973,39768,1650,107,658,95,603,17,031,351500,17031351500,0.24563206577595068,0.16261398176291794,0.15754560530679934
Census Tract 3602; Cook County; Illinois,26143,272200,1062,1900,1900,15664,998,257,791,109,932,17,031,360200,17031360200,0.5589473684210526,0.324905183312263,0.11695278969957082
Census Tract 3801; Cook County; Illinois,80216,323300,371,1787,1787,68490,520,75,868,352,1543,17,031,380100,17031380100,0.2076105204252938,0.08640552995391705,0.22812702527543746
Census Tract 3802; Cook County; Illinois,17138,242600,775,1689,1689,26290,550,11,395,188,1444,17,031,380200,17031380200,0.45885139135583186,0.027848101265822784,0.13019390581717452
Census Tract 3806; Cook County; Illinois,49134,273200,1480,4952,4882,33367,1372,503,2682,617,2999,17,031,380600,17031380600,0.3031544448996313,0.18754660700969425,0.20573524508169388
Census Tract 3812; Cook County; Illinois,46407,405400,559,1952,1952,43864,1333,200,1020,382,1634,17,031,381200,17031381200,0.2863729508196721,0.19607843137254902,0.23378212974296206
Census Tract 3814; Cook County; Illinois,47931,320400,471,1579,1579,28172,1230,181,812,158,1076,17,031,381400,17031381400,0.2982900569981001,0.2229064039408867,0.14684014869888476
Census Tract 3815; Cook County; Illinois,26738,-666666666,223,669,669,30870,1013,67,297,80,502,17,031,381500,17031381500,0.3333333333333333,0.2255892255892256,0.1593625498007968
Census Tract 3817; Cook County; Illinois,-666666666,-666666666,0,0,0,-666666666,-666666666,0,0,0,0,17,031,381700,17031381700,,,
Census Tract 3818; Cook County; Illinois,43281,275000,279,1448,1423,30475,1118,140,851,256,1047,17,031,381800,17031381800,0.1960646521433591,0.1645123384253819,0.24450811843361986
Census Tract 3819; Cook County; Illinois,73750,411100,246,1324,1324,33715,-666666666,191,736,231,852,17,031,381900,17031381900,0.18580060422960726,0.2595108695652174,0.2711267605633803
Census Tract 3901; Cook County; Illinois,55893,559800,221,1887,1887,51240,989,161,897,182,1144,17,031,390100,17031390100,0.11711711711711711,0.1794871794871795,0.1590909090909091
Census Tract 3902; Cook County; Illinois,110806,386400,301,2012,2012,65175,1379,128,1198,335,1382,17,031,390200,17031390200,0.1496023856858847,0.10684474123539232,0.24240231548480462
Census Tract 3903; Cook County; Illinois,-666666666,358200,1025,2531,2396,30897,708,303,1042,274,1994,17,031,390300,17031390300,0.42779632721202004,0.2907869481765835,0.1374122367101304
Census Tract 3904; Cook County; Illinois,38507,382600,850,2499,2499,73418,1049,109,1150,281,1789,17,031,390400,17031390400,0.3401360544217687,0.09478260869565218,0.15707098937954164
Census Tract 3905; Cook County; Illinois,83938,845800,233,1753,1753,107008,1377,89,1018,217,1230,17,031,390500,17031390500,0.13291500285225327,0.08742632612966601,0.17642276422764228
Census Tract 3906; Cook County; Illinois,95542,546900,396,1898,1886,78185,1368,102,1225,368,1369,17,031,390600,17031390600,0.20996818663838812,0.08326530612244898,0.268809349890431
Census Tract 3907; Cook County; Illinois,73704,244800,1036,5837,5837,68220,1984,276,3226,945,4277,17,031,390700,17031390700,0.17748843584032895,0.08555486670799752,0.220949263502455
Census Tract 4003; Cook County; Illinois,90716,226000,159,1311,1306,39342,1425,111,863,260,1083,17,031,400300,17031400300,0.1217457886676876,0.12862108922363846,0.24007386888273316
Census Tract 4004; Cook County; Illinois,32235,171400,921,2059,2053,20415,1180,174,854,174,1116,17,031,400400,17031400400,0.4486117876278617,0.20374707259953162,0.15591397849462366
Census Tract 4005; Cook County; Illinois,38373,429500,721,2308,2308,24627,1114,214,1209,302,1389,17,031,400500,17031400500,0.3123916811091854,0.17700578990901572,0.2174226061915047
Census Tract 4008; Cook County; Illinois,23059,-666666666,1787,2909,2909,13464,840,165,1151,81,1568,17,031,400800,17031400800,0.6143004468889652,0.14335360556038226,0.051658163265306124
Census Tract 4101; Cook County; Illinois,63931,208500,324,2287,2287,57785,1824,18,1394,545,1788,17,031,410100,17031410100,0.14167031045037168,0.01291248206599713,0.3048098434004474
Census Tract 4102; Cook County; Illinois,56848,292900,266,1133,1104,59891,1472,5,777,282,773,17,031,410200,17031410200,0.24094202898550723,0.006435006435006435,0.3648124191461837
Census Tract 4105; Cook County; Illinois,65240,402600,857,2887,2864,43964,1620,99,1640,430,1908,17,031,410500,17031410500,0.299231843575419,0.060365853658536583,0.22536687631027252
Census Tract 4106; Cook County; Illinois,49475,322800,808,2600,2339,63640,1958,136,1820,351,1381,17,031,410600,17031410600,0.34544677212483965,0.07472527472527472,0.2541636495293266
Census Tract 4107; Cook County; Illinois,45114,439200,677,2494,2494,41152,1456,109,1337,399,1460,17,031,410700,17031410700,0.2714514835605453,0.08152580403889305,0.2732876712328767
Census Tract 4108; Cook County; Illinois,71989,367900,460,2770,2741,59513,1349,56,1956,524,2015,17,031,410800,17031410800,0.1678219627873039,0.028629856850715747,0.26004962779156326
Census Tract 4109; Cook County; Illinois,73828,344600,359,3693,3676,57431,1719,252,2300,950,3020,17,031,410900,17031410900,0.09766050054406965,0.10956521739130434,0.31456953642384106
Census Tract 4110; Cook County; Illinois,70893,184200,832,4548,4456,101478,1677,94,2346,600,3694,17,031,411000,17031411000,0.1867145421903052,0.040068201193520885,0.16242555495397942
Census Tract 4111; Cook County; Illinois,117500,562500,171,2359,1993,69972,1216,62,1215,215,1354,17,031,411100,17031411100,0.08580030105368791,0.05102880658436214,0.1587887740029542
Census Tract 4112; Cook County; Illinois,101071,490900,249,1698,1696,113769,1674,103,830,184,1187,17,031,411200,17031411200,0.14681603773584906,0.12409638554216867,0.15501263689974726
Census Tract 4201; Cook County; Illinois,-666666666,281700,547,1431,1431,21034,932,103,676,92,1036,17,031,420100,17031420100,0.3822501747030049,0.15236686390532544,0.0888030888030888
Census Tract 4202; Cook County; Illinois,44375,403100,654,2011,1723,25601,1391,174,792,275,1194,17,031,420200,17031420200,0.379570516540917,0.2196969696969697,0.23031825795644892
Census Tract 4203; Cook County; Illinois,42973,343800,502,2511,1484,21793,1422,127,1186,214,799,17,031,420300,17031420300,0.33827493261455527,0.10708263069139966,0.26783479349186484
Census Tract 4204; Cook County; Illinois,37946,260000,601,1463,1453,25685,1128,55,743,198,951,17,031,420400,17031420400,0.4136269786648314,0.0740242261103634,0.2082018927444795
Census Tract 4205; Cook County; Illinois,22309,169200,930,1751,1751,23347,754,158,768,188,1212,17,031,420500,17031420500,0.5311250713877784,0.20572916666666666,0.1551155115511551
Census Tract 4206; Cook County; Illinois,52989,143500,1036,2980,2980,23872,1287,191,1179,25,1665,17,031,420600,17031420600,0.3476510067114094,0.1620016963528414,0.015015015015015015
Census Tract 4207; Cook County; Illinois,38076,-666666666,849,2424,2424,24800,1171,165,1326,176,1739,17,031,420700,17031420700,0.3502475247524752,0.1244343891402715,0.1012075905692927
Census Tract 4208; Cook County; Illinois,47540,243800,565,2146,2146,28739,1593,132,994,254,1469,17,031,420800,17031420800,0.26328052190121154,0.13279678068410464,0.1729067392784207
Census Tract 4212; Cook County; Illinois,45550,225000,564,2049,2049,14817,1319,168,979,101,1068,17,031,421200,17031421200,0.2752562225475842,0.17160367722165476,0.0945692883895131
Census Tract 4301.01; Cook County; Illinois,31875,110900,1019,3776,3776,27870,1251,289,1976,418,2616,17,031,430101,17031430101,0.2698622881355932,0.14625506072874495,0.15978593272171254
Census Tract 4301.02; Cook County; Illinois,52955,204200,1345,3582,3582,33599,997,302,2016,336,2815,17,031,430102,17031430102,0.37548855388051366,0.1498015873015873,0.11936056838365897
Census Tract 4302; Cook County; Illinois,54479,383800,1429,5792,5792,44557,1041,356,3256,572,4220,17,031,430200,17031430200,0.2467196132596685,0.10933660933660934,0.13554502369668248
Census Tract 4303; Cook County; Illinois,38542,228700,866,2708,2631,22851,1304,342,1259,163,1685,17,031,430300,17031430300,0.3291524135309768,0.2716441620333598,0.09673590504451039
Census Tract 4304; Cook County; Illinois,41964,195600,855,3014,3000,27259,1220,202,1508,305,2222,17,031,430400,17031430400,0.285,0.13395225464190982,0.13726372637263726
Census Tract 4305; Cook County; Illinois,33322,261700,768,3531,3476,30630,985,272,1828,428,2875,17,031,430500,17031430500,0.22094361334867663,0.1487964989059081,0.1488695652173913
Census Tract 4306; Cook County; Illinois,43479,341200,512,1722,1722,35642,1159,88,768,202,1250,17,031,430600,17031430600,0.29732868757259,0.11458333333333333,0.1616
Census Tract 4307; Cook County; Illinois,32786,217300,579,1983,1771,26781,1306,473,1193,218,1514,17,031,430700,17031430700,0.3269339356295878,0.3964794635373009,0.14398943196829592
Census Tract 4308; Cook County; Illinois,61750,247800,244,1935,1923,37086,1326,128,973,300,1408,17,031,430800,17031430800,0.12688507540301613,0.131551901336074,0.21306818181818182
Census Tract 4309; Cook County; Illinois,38824,192400,392,1541,1541,32863,859,37,694,138,1329,17,031,430900,17031430900,0.254380272550292,0.053314121037463975,0.1038374717832957
Census Tract 4312; Cook County; Illinois,58661,267300,332,2892,2892,33688,784,280,1821,194,2257,17,031,431200,17031431200,0.11479944674965421,0.15376166941241076,0.08595480726628267
Census Tract 4313.01; Cook County; Illinois,47235,278200,1083,3702,3683,20824,1178,328,1891,240,2035,17,031,431301,17031431301,0.29405376052131416,0.17345319936541512,0.11793611793611794
Census Tract 4313.02; Cook County; Illinois,32083,-666666666,1677,3463,3463,29355,1081,584,1760,311,2428,17,031,431302,17031431302,0.48426220040427376,0.33181818181818185,0.12808896210873147
Census Tract 4314; Cook County; Illinois,48529,112500,2331,6850,6276,28668,1055,187,3193,545,4968,17,031,431400,17031431400,0.37141491395793497,0.058565612276855625,0.10970209339774557
Census Tract 4401.01; Cook County; Illinois,31894,-666666666,1175,3582,3582,22501,1056,357,1954,197,2985,17,031,440101,17031440101,0.3280290340591848,0.1827021494370522,0.0659966499162479
Census Tract 4401.02; Cook County; Illinois,31563,184500,1345,3185,3185,24739,965,222,1648,491,2306,17,031,440102,17031440102,0.42229199372056514,0.13470873786407767,0.21292281006071118
Census Tract 4402.01; Cook County; Illinois,39897,249700,1744,5310,5310,23411,1153,469,2348,608,3547,17,031,440201,17031440201,0.32843691148775894,0.19974446337308346,0.17141246123484635
Census Tract 4402.02; Cook County; Illinois,34651,264700,451,2608,2594,39698,973,145,1146,435,2015,17,031,440202,17031440202,0.17386276021588282,0.12652705061082026,0.21588089330024815
Census Tract 4403; Cook County; Illinois,59227,236800,316,4400,4400,41735,1204,549,2546,645,3340,17,031,440300,17031440300,0.07181818181818182,0.21563236449332285,0.19311377245508982
Census Tract 4406; Cook County; Illinois,68102,192300,223,1957,1957,37151,2045,55,1110,378,1233,17,031,440600,17031440600,0.1139499233520695,0.04954954954954955,0.30656934306569344
Census Tract 4407; Cook County; Illinois,81705,168100,269,1428,1428,32412,1294,94,662,121,911,17,031,440700,17031440700,0.18837535014005602,0.1419939577039275,0.132821075740944
Census Tract 4408; Cook County; Illinois,26890,141900,1008,1977,1922,18713,980,231,911,119,1149,17,031,440800,17031440800,0.5244536940686785,0.2535675082327113,0.10356832027850305
Census Tract 4409; Cook County; Illinois,56875,233000,600,2593,2593,32924,1145,322,1291,393,1752,17,031,440900,17031440900,0.23139220979560354,0.24941905499612704,0.2243150684931507
Census Tract 4503; Cook County; Illinois,45869,190200,461,2968,2968,30408,1128,244,1423,224,2175,17,031,450300,17031450300,0.1553234501347709,0.17146872803935348,0.10298850574712644
Census Tract 4601; Cook County; Illinois,42434,147500,569,2351,2234,20860,1117,190,1043,117,1495,17,031,460100,17031460100,0.25470008952551476,0.18216682646212848,0.0782608695652174
Census Tract 4602; Cook County; Illinois,29022,104900,871,2196,2195,20276,699,133,994,79,1681,17,031,460200,17031460200,0.3968109339407745,0.13380281690140844,0.046995835812016655
Census Tract 4603.01; Cook County; Illinois,44464,154300,752,2721,2721,26863,1208,150,1241,159,2105,17,031,460301,17031460301,0.27636898199191473,0.12087026591458501,0.07553444180522566
Census Tract 4603.02; Cook County; Illinois,48263,163200,825,3309,3309,23458,963,275,1559,223,2154,17,031,460302,17031460302,0.24932003626473254,0.1763951250801796,0.10352831940575673
Census Tract 4604; Cook County; Illinois,70169,240500,880,3817,3817,31298,1166,348,1898,340,2623,17,031,460400,17031460400,0.23054755043227665,0.1833508956796628,0.12962256957682045
Census Tract 4605; Cook County; Illinois,52768,217700,780,4954,4954,45650,914,211,2613,743,3909,17,031,460500,17031460500,0.15744852644327817,0.08075009567546881,0.19007418777180865
Census Tract 4608; Cook County; Illinois,36812,227900,1471,4257,4028,15670,962,199,1581,238,2258,17,031,460800,17031460800,0.36519364448857994,0.12586970271979758,0.1054030115146147
Census Tract 4610; Cook County; Illinois,14601,78900,523,1230,1225,13956,347,95,245,61,1098,17,031,461000,17031461000,0.4269387755102041,0.3877551020408163,0.05555555555555555
Census Tract 4701; Cook County; Illinois,47054,227400,617,2304,2304,30131,678,159,845,188,1717,17,031,470100,17031470100,0.2677951388888889,0.1881656804733728,0.10949330227140361
Census Tract 4801; Cook County; Illinois,72625,242400,292,1989,1886,43165,1116,57,867,220,1412,17,031,480100,17031480100,0.15482502651113467,0.0657439446366782,0.1558073654390935
Census Tract 4802; Cook County; Illinois,52132,153800,192,1029,1008,43939,1473,38,506,309,841,17,031,480200,17031480200,0.19047619047619047,0.07509881422924901,0.36741973840665876
Census Tract 4803; Cook County; Illinois,55772,240600,493,1296,1296,30896,1049,78,499,160,883,17,031,480300,17031480300,0.38040123456790126,0.156312625250501,0.1812004530011325
Census Tract 4804; Cook County; Illinois,70232,212100,397,4084,4020,48142,-666666666,189,2046,1003,3610,17,031,480400,17031480400,0.09875621890547263,0.09237536656891496,0.2778393351800554
Census Tract 4805; Cook County; Illinois,60700,210300,665,2831,2791,30351,1236,183,893,302,1977,17,031,480500,17031480500,0.23826585453242566,0.20492721164613661,0.15275670207384925
Census Tract 4902; Cook County; Illinois,60741,179200,329,2879,2852,36078,1164,404,1553,370,2247,17,031,490200,17031490200,0.11535764375876578,0.2601416613007083,0.16466399643969737
Census Tract 4905; Cook County; Illinois,87917,247300,167,1971,1759,41039,1610,67,1088,358,1409,17,031,490500,17031490500,0.09494030699260944,0.06158088235294118,0.2540809084457062
Census Tract 4906; Cook County; Illinois,71498,163400,175,1344,1344,32385,1668,112,606,247,934,17,031,490600,17031490600,0.13020833333333334,0.1848184818481848,0.2644539614561028
Census Tract 4907; Cook County; Illinois,41667,163800,751,2494,2494,21515,1106,198,964,162,1528,17,031,490700,17031490700,0.30112269446672013,0.2053941908713693,0.10602094240837696
Census Tract 4908; Cook County; Illinois,65929,165400,114,3573,3520,25739,956,279,1617,395,2491,17,031,490800,17031490800,0.03238636363636364,0.1725417439703154,0.1585708550782818
Census Tract 4909.01; Cook County; Illinois,33398,188100,1189,2758,2758,19630,1252,362,1279,254,1815,17,031,490901,17031490901,0.4311094996374184,0.2830336200156372,0.1399449035812672
Census Tract 4909.02; Cook County; Illinois,76333,183300,1075,4725,4676,32783,1037,126,2120,640,3417,17,031,490902,17031490902,0.22989734816082122,0.059433962264150944,0.18729880011706174
Census Tract 4910; Cook County; Illinois,36915,143300,1275,3412,3412,19261,962,220,1381,216,2269,17,031,491000,17031491000,0.37368112543962484,0.15930485155684287,0.09519612163948876
Census Tract 4911; Cook County; Illinois,79444,202400,231,4062,3798,32524,1174,168,1814,455,2986,17,031,491100,17031491100,0.060821484992101105,0.0926130099228225,0.15237776289350302
Census Tract 4912; Cook County; Illinois,57407,177000,334,1848,1827,26130,1444,99,716,121,1438,17,031,491200,17031491200,0.18281335522714834,0.138268156424581,0.08414464534075104
Census Tract 4913; Cook County; Illinois,37745,123500,807,2025,2020,18989,1316,270,965,101,1297,17,031,491300,17031491300,0.3995049504950495,0.27979274611398963,0.07787201233616037
Census Tract 4914; Cook County; Illinois,27381,-666666666,700,2515,2509,24994,1303,184,1270,115,1774,17,031,491400,17031491400,0.27899561578318055,0.14488188976377953,0.06482525366403608
Census Tract 5001; Cook County; Illinois,73780,163000,397,3283,3283,36979,1197,256,1826,350,2360,17,031,500100,17031500100,0.1209259823332318,0.140197152245345,0.1483050847457627
Census Tract 5002; Cook County; Illinois,49028,186100,277,1769,1758,21983,1245,57,750,161,1017,17,031,500200,17031500200,0.15756541524459614,0.076,0.1583087512291052
Census Tract 5003; Cook County; Illinois,52500,213100,494,1692,1692,38934,997,135,755,353,1268,17,031,500300,17031500300,0.2919621749408983,0.17880794701986755,0.278391167192429
Census Tract 5101; Cook County; Illinois,72543,155100,498,3129,3112,30763,1293,38,1537,297,2273,17,031,510100,17031510100,0.16002570694087404,0.0247234873129473,0.13066432028156622
Census Tract 5102; Cook County; Illinois,68056,145400,537,2985,2985,30010,1661,227,1340,334,2388,17,031,510200,17031510200,0.1798994974874372,0.16940298507462687,0.13986599664991625
Census Tract 5103; Cook County; Illinois,36232,117700,1729,4344,4304,20146,1187,406,1973,332,2944,17,031,510300,17031510300,0.4017193308550186,0.20577800304105423,0.11277173913043478
Census Tract 5201; Cook County; Illinois,46786,152600,417,1816,1816,17393,748,104,659,75,1112,17,031,520100,17031520100,0.22962555066079296,0.15781487101669195,0.06744604316546762
Census Tract 5202; Cook County; Illinois,47436,113300,1299,3485,3484,21087,1069,277,1459,161,2009,17,031,520200,17031520200,0.37284730195177956,0.18985606579849212,0.08013937282229965
Census Tract 5203; Cook County; Illinois,60639,157700,896,6186,6186,23245,1098,242,3200,215,3773,17,031,520300,17031520300,0.14484319430973167,0.075625,0.056983832494036574
Census Tract 5204; Cook County; Illinois,50751,181900,850,3589,3589,26548,865,253,1606,217,2387,17,031,520400,17031520400,0.23683477291724714,0.15753424657534246,0.09090909090909091
Census Tract 5205; Cook County; Illinois,90651,215900,545,4908,4908,38116,1674,147,2456,492,3313,17,031,520500,17031520500,0.11104319478402608,0.05985342019543974,0.14850588590401448
Census Tract 5206; Cook County; Illinois,75417,189500,329,2703,2703,27834,1346,72,1212,217,1609,17,031,520600,17031520600,0.121716611172771,0.0594059405940594,0.1348663766314481
Census Tract 5301; Cook County; Illinois,30283,-666666666,447,1678,1678,20804,1049,137,649,85,1297,17,031,530100,17031530100,0.266388557806913,0.2110939907550077,0.06553585196607556
Census Tract 5302; Cook County; Illinois,43800,124900,710,3779,3779,21262,1338,431,1601,354,2838,17,031,530200,17031530200,0.18788039163799947,0.2692067457838851,0.12473572938689217
Census Tract 5303; Cook County; Illinois,69177,160200,372,3482,3482,31476,1613,148,1758,308,2609,17,031,530300,17031530300,0.10683515221137277,0.08418657565415244,0.11805289382905328
Census Tract 5304; Cook County; Illinois,63750,146900,629,2102,2102,27693,1266,82,871,85,1280,17,031,530400,17031530400,0.29923882017126546,0.09414466130884042,0.06640625
Census Tract 5305.01; Cook County; Illinois,44292,111100,2857,5885,5884,21037,1488,935,2862,306,3049,17,031,530501,17031530501,0.48555404486743714,0.32669461914744935,0.10036077402427025
Census Tract 5305.02; Cook County; Illinois,76500,172600,313,1335,1335,31980,-666666666,134,744,121,1046,17,031,530502,17031530502,0.2344569288389513,0.18010752688172044,0.11567877629063097
Census Tract 5305.03; Cook County; Illinois,52857,167300,510,3668,3668,26593,1594,261,1613,248,2621,17,031,530503,17031530503,0.1390403489640131,0.16181029138251704,0.09462037390309043
Census Tract 5306; Cook County; Illinois,66974,177300,443,2620,2585,28123,990,99,1151,352,2178,17,031,530600,17031530600,0.17137330754352031,0.08601216333622937,0.16161616161616163
Census Tract 5401.01; Cook County; Illinois,13585,120800,2504,4115,4115,12034,636,426,1413,0,1982,17,031,540101,17031540101,0.608505467800729,0.30148619957537154,0.0
Census Tract 5401.02; Cook County; Illinois,21107,98100,2156,3403,3403,18841,673,358,1180,63,1713,17,031,540102,17031540102,0.6335586247428739,0.30338983050847457,0.03677758318739054
Census Tract 5501; Cook County; Illinois,54605,203800,705,6161,6160,32890,1278,273,2885,447,4226,17,031,550100,17031550100,0.11444805194805195,0.09462738301559792,0.10577378135352579
Census Tract 5502; Cook County; Illinois,78357,185500,159,2692,2692,35948,1151,91,1085,314,1855,17,031,550200,17031550200,0.05906389301634472,0.08387096774193549,0.16927223719676548
Census Tract 5601; Cook County; Illinois,74318,273100,108,1197,943,40660,1083,21,416,84,950,17,031,560100,17031560100,0.11452810180275716,0.05048076923076923,0.08842105263157894
Census Tract 5602; Cook County; Illinois,58158,235100,141,1716,1716,23418,1438,55,627,103,1098,17,031,560200,17031560200,0.08216783216783216,0.08771929824561403,0.09380692167577413
Census Tract 5603; Cook County; Illinois,75473,258800,357,3343,3343,32308,2021,102,1714,297,2176,17,031,560300,17031560300,0.10679030810649118,0.059509918319719954,0.13648897058823528
Census Tract 5604; Cook County; Illinois,69148,254800,226,1438,1438,25918,-666666666,0,532,19,1120,17,031,560400,17031560400,0.1571627260083449,0.0,0.016964285714285713
Census Tract 5607; Cook County; Illinois,89844,300500,392,3923,3923,35224,1155,55,2192,333,2713,17,031,560700,17031560700,0.099923527912312,0.02509124087591241,0.12274235164025064
Census Tract 5608; Cook County; Illinois,110417,310800,94,6415,6415,43974,1249,90,3452,601,4166,17,031,560800,17031560800,0.014653156664068589,0.02607184241019699,0.1442630820931349
Census Tract 5609; Cook County; Illinois,115216,332800,475,5175,5162,45121,-666666666,132,2583,799,3566,17,031,560900,17031560900,0.09201859744285161,0.05110336817653891,0.22406057206954572
Census Tract 5610; Cook County; Illinois,89278,306000,398,5904,5904,47106,1193,112,2891,768,4409,17,031,561000,17031561000,0.0674119241192412,0.0387409200968523,0.17418915853935132
Census Tract 5611; Cook County; Illinois,103878,308400,74,5564,5564,45967,1436,70,2797,554,3901,17,031,561100,17031561100,0.013299784327821711,0.025026814444047193,0.14201486798256857
Census Tract 5701; Cook County; Illinois,76490,233800,242,1299,1299,26821,933,91,698,131,835,17,031,570100,17031570100,0.18629715165511931,0.1303724928366762,0.1568862275449102
Census Tract 5702; Cook County; Illinois,-666666666,289400,137,2111,2111,32585,785,66,1174,189,1488,17,031,570200,17031570200,0.06489815253434392,0.056218057921635436,0.12701612903225806
Census Tract 5703; Cook County; Illinois,57303,309900,593,5801,5739,24962,1112,355,2986,248,3940,17,031,570300,17031570300,0.10332810594180171,0.1188881446751507,0.06294416243654823
Census Tract 5704; Cook County; Illinois,73475,245700,255,1668,1667,33251,1271,56,950,55,1250,17,031,570400,17031570400,0.15296940611877624,0.05894736842105263,0.044
Census Tract 5705; Cook County; Illinois,81422,282400,181,2535,2482,26910,1122,242,1213,125,1733,17,031,570500,17031570500,0.07292506043513296,0.19950535861500412,0.07212925562608194
Census Tract 5801; Cook County; Illinois,40929,370500,407,2167,2167,31028,1091,217,1074,357,1801,17,031,580100,17031580100,0.18781725888324874,0.20204841713221602,0.19822320932815102
Census Tract 5802; Cook County; Illinois,38896,289300,692,3049,3049,16820,1181,111,1230,131,1662,17,031,580200,17031580200,0.22695965890455888,0.09024390243902439,0.07882069795427196
Census Tract 5803; Cook County; Illinois,82240,227600,244,2311,2311,26992,1074,35,1217,20,1478,17,031,580300,17031580300,0.10558199913457378,0.02875924404272802,0.013531799729364006
Census Tract 5804; Cook County; Illinois,58889,272700,619,4236,4121,30403,1159,87,2288,484,3085,17,031,580400,17031580400,0.15020626061635525,0.03802447552447553,0.15688816855753646
Census Tract 5805.01; Cook County; Illinois,74667,249700,423,4728,4670,28132,1154,245,2700,268,3192,17,031,580501,17031580501,0.09057815845824412,0.09074074074074075,0.08395989974937343
Census Tract 5805.02; Cook County; Illinois,62552,223900,1279,5304,5212,24489,1139,0,2671,410,3409,17,031,580502,17031580502,0.24539524174980815,0.0,0.12026987386330303
Census Tract 5806; Cook County; Illinois,78798,223000,677,5948,5885,26349,1107,168,2894,601,3976,17,031,580600,17031580600,0.11503823279524214,0.0580511402902557,0.1511569416498994
Census Tract 5807; Cook County; Illinois,61616,231200,1730,5822,5822,22631,1100,350,2790,80,3702,17,031,580700,17031580700,0.2971487461353487,0.12544802867383512,0.021609940572663425
Census Tract 5808; Cook County; Illinois,62273,223000,95,2018,2018,23684,1059,100,1162,128,1300,17,031,580800,17031580800,0.04707631318136769,0.08605851979345955,0.09846153846153846
Census Tract 5905; Cook County; Illinois,71042,356800,194,1630,1584,47330,1561,41,953,327,1344,17,031,590500,17031590500,0.12247474747474747,0.04302203567681007,0.24330357142857142
Census Tract 5906; Cook County; Illinois,95114,258900,480,3706,3683,35941,1046,69,2062,363,2777,17,031,590600,17031590600,0.130328536519142,0.03346265761396702,0.1307166006481815
Census Tract 5907; Cook County; Illinois,72355,332100,420,2544,2544,41327,1317,105,1455,397,1870,17,031,590700,17031590700,0.1650943396226415,0.07216494845360824,0.21229946524064172
Census Tract 6004; Cook County; Illinois,66964,374500,685,4135,4092,30251,1217,104,2380,812,3115,17,031,600400,17031600400,0.16739980449657868,0.043697478991596636,0.2606741573033708
Census Tract 6006; Cook County; Illinois,65759,434300,386,2668,2668,32517,1565,62,1570,372,1841,17,031,600600,17031600600,0.1446776611694153,0.03949044585987261,0.20206409560021726
Census Tract 6007; Cook County; Illinois,71382,417500,515,3171,3133,33111,1551,97,1969,558,1996,17,031,600700,17031600700,0.16437918927545483,0.04926358557643474,0.27955911823647295
Census Tract 6009; Cook County; Illinois,54107,378100,1227,3742,3741,30311,1278,331,2243,416,2553,17,031,600900,17031600900,0.3279871692060946,0.1475702184574231,0.16294555424990206
Census Tract 6103; Cook County; Illinois,44870,206700,2056,5067,5067,25306,978,560,2746,325,3413,17,031,610300,17031610300,0.40576277876455497,0.20393299344501092,0.09522414298271316
Census Tract 6104; Cook County; Illinois,50313,157400,338,2063,2063,15349,1088,273,1146,34,963,17,031,610400,17031610400,0.16383906931652933,0.23821989528795812,0.035306334371754934
Census Tract 6108; Cook County; Illinois,108750,338200,214,1584,1577,50120,1368,76,940,262,1185,17,031,610800,17031610800,0.1357006975269499,0.08085106382978724,0.2210970464135021
Census Tract 6112; Cook County; Illinois,-666666666,221200,972,2586,2584,21757,1166,96,1157,95,1600,17,031,611200,17031611200,0.3761609907120743,0.08297320656871218,0.059375
Census Tract 6113; Cook County; Illinois,48484,176600,611,3365,3365,19285,1131,144,1399,211,1990,17,031,611300,17031611300,0.18157503714710252,0.10293066476054324,0.10603015075376884
Census Tract 6114; Cook County; Illinois,36724,284800,1658,3536,3536,15780,1076,175,1389,72,1817,17,031,611400,17031611400,0.4688914027149321,0.1259899208063355,0.03962575674188222
Census Tract 6115; Cook County; Illinois,55647,267400,674,3226,3034,16598,933,108,1232,129,1976,17,031,611500,17031611500,0.22214897824653923,0.08766233766233766,0.0652834008097166
Census Tract 6116; Cook County; Illinois,81288,148800,212,1464,1464,24125,1106,174,643,13,1008,17,031,611600,17031611600,0.1448087431693989,0.27060653188180406,0.012896825396825396
Census Tract 6117; Cook County; Illinois,-666666666,123800,529,1703,1703,25282,995,33,1090,30,1271,17,031,611700,17031611700,0.3106283029947152,0.030275229357798167,0.023603461841070025
Census Tract 6118; Cook County; Illinois,51875,167100,92,1353,1353,23438,995,106,724,30,955,17,031,611800,17031611800,0.0679970436067997,0.1464088397790055,0.031413612565445025
Census Tract 6119; Cook County; Illinois,47724,-666666666,798,1797,1797,14820,1166,25,648,130,1070,17,031,611900,17031611900,0.44407345575959933,0.038580246913580245,0.12149532710280374
Census Tract 6120; Cook County; Illinois,56667,88000,135,1214,1214,22337,1066,40,639,133,909,17,031,612000,17031612000,0.11120263591433278,0.06259780907668232,0.14631463146314633
Census Tract 6121; Cook County; Illinois,26250,221400,234,961,961,18667,1042,75,414,59,637,17,031,612100,17031612100,0.24349635796045785,0.18115942028985507,0.09262166405023547
Census Tract 6122; Cook County; Illinois,60256,148400,1340,4038,4038,20364,1080,323,1966,198,2256,17,031,612200,17031612200,0.3318474492322932,0.16429298067141404,0.08776595744680851
Census Tract 6201; Cook County; Illinois,113750,264600,204,4814,4814,33059,1519,128,2470,316,2967,17,031,620100,17031620100,0.0423764021603656,0.051821862348178135,0.10650488709133805
Census Tract 6202; Cook County; Illinois,63750,289900,61,1947,1947,28193,1111,105,902,153,1380,17,031,620200,17031620200,0.03133025166923472,0.1164079822616408,0.1108695652173913
Census Tract 6203; Cook County; Illinois,73804,245100,796,6507,6507,37407,1161,174,2965,503,4253,17,031,620300,17031620300,0.1223297986783464,0.058684654300168636,0.11826945685398542
Census Tract 6204; Cook County; Illinois,56798,241100,880,4633,4633,26723,1351,141,2105,280,2888,17,031,620400,17031620400,0.18994172242607382,0.0669833729216152,0.09695290858725762
Census Tract 6303; Cook County; Illinois,63835,232300,820,5193,5193,26975,1106,149,2444,160,3632,17,031,630300,17031630300,0.15790487194300018,0.06096563011456629,0.04405286343612335
Census Tract 6304; Cook County; Illinois,64736,235000,367,7455,7455,21829,1088,682,3652,461,4537,17,031,630400,17031630400,0.049228705566733734,0.18674698795180722,0.10160899272647124
Census Tract 6305; Cook County; Illinois,54846,225500,1520,6026,5932,18458,958,213,2279,343,3540,17,031,630500,17031630500,0.25623735670937287,0.09346204475647214,0.09689265536723164
Census Tract 6306; Cook County; Illinois,61611,249500,800,2864,2864,22817,1090,342,1570,151,1896,17,031,630600,17031630600,0.27932960893854747,0.2178343949044586,0.07964135021097046
Census Tract 6308; Cook County; Illinois,75699,276100,614,5928,5928,27217,1004,225,3399,458,3858,17,031,630800,17031630800,0.10357624831309042,0.06619593998234775,0.11871435977190253
Census Tract 6309; Cook County; Illinois,52873,257000,340,3998,3967,25459,1064,148,1565,206,2708,17,031,630900,17031630900,0.08570708343836653,0.09456869009584665,0.07607090103397342
Census Tract 6401; Cook County; Illinois,57411,264400,197,1464,1464,24510,1125,106,671,149,1079,17,031,640100,17031640100,0.13456284153005466,0.15797317436661698,0.1380908248378128
Census Tract 6403; Cook County; Illinois,92568,297600,144,6158,6158,35038,1935,458,3595,477,4029,17,031,640300,17031640300,0.023384215654433257,0.12739916550764951,0.11839166046165302
Census Tract 6404; Cook County; Illinois,100192,330800,268,3306,3276,41357,1474,17,1762,563,2373,17,031,640400,17031640400,0.08180708180708181,0.009648127128263337,0.23725242309313105
Census Tract 6405; Cook County; Illinois,72549,311900,382,4091,3979,40076,1184,112,2041,477,2762,17,031,640500,17031640500,0.09600402111083187,0.054875061244487995,0.1727009413468501
Census Tract 6406; Cook County; Illinois,75461,320800,313,4042,3988,36325,1188,68,2115,574,2803,17,031,640600,17031640600,0.07848545636910732,0.03215130023640662,0.20478059222261863
Census Tract 6407; Cook County; Illinois,77691,271600,291,3080,3080,34291,1498,15,1444,429,2119,17,031,640700,17031640700,0.09448051948051948,0.01038781163434903,0.20245398773006135
Census Tract 6408; Cook County; Illinois,51833,272200,292,1488,1488,31984,1340,39,736,161,1055,17,031,640800,17031640800,0.19623655913978494,0.05298913043478261,0.15260663507109004
Census Tract 6501; Cook County; Illinois,68476,253800,569,4283,4097,26171,1155,46,2021,339,3099,17,031,650100,17031650100,0.13888210886014157,0.022761009401286492,0.10939012584704744
Census Tract 6502; Cook County; Illinois,80335,285700,556,6782,6782,31538,1326,306,3556,804,4459,17,031,650200,17031650200,0.08198171630787378,0.0860517435320585,0.18030948643193542
Census Tract 6503.01; Cook County; Illinois,54770,280500,878,4696,4696,30277,1250,247,2457,208,2866,17,031,650301,17031650301,0.18696763202725725,0.10052910052910052,0.07257501744591766
Census Tract 6503.02; Cook County; Illinois,65722,241400,1104,5242,5242,20567,1059,162,2032,271,2839,17,031,650302,17031650302,0.21060663868752386,0.0797244094488189,0.09545614653046848
Census Tract 6504; Cook County; Illinois,76500,261300,1933,6907,6907,20950,1607,326,2737,627,3912,17,031,650400,17031650400,0.279861010568988,0.11910851297040555,0.1602760736196319
Census Tract 6505; Cook County; Illinois,65833,206900,694,4032,4007,31257,1130,110,2105,317,3008,17,031,650500,17031650500,0.17319690541552282,0.052256532066508314,0.10538563829787234
Census Tract 6603.01; Cook County; Illinois,26538,172400,712,1818,1818,33693,1073,106,725,91,1090,17,031,660301,17031660301,0.39163916391639164,0.14620689655172414,0.0834862385321101
Census Tract 6603.02; Cook County; Illinois,55430,239800,333,4661,4661,22483,1551,200,2304,371,2947,17,031,660302,17031660302,0.0714438961596224,0.08680555555555555,0.12589073634204276
Census Tract 6604; Cook County; Illinois,47804,273100,1161,4981,4925,19526,1021,466,2592,239,3174,17,031,660400,17031660400,0.23573604060913705,0.17978395061728394,0.07529930686830498
Census Tract 6605; Cook County; Illinois,72238,233300,709,5650,5650,22472,1140,314,2696,233,3456,17,031,660500,17031660500,0.12548672566371682,0.11646884272997032,0.06741898148148148
Census Tract 6606; Cook County; Illinois,45738,203000,1600,6533,6533,18023,1291,265,2248,486,3761,17,031,660600,17031660600,0.2449104546150314,0.11788256227758007,0.12922095187450147
Census Tract 6607; Cook County; Illinois,29577,200500,505,1561,1561,21160,1120,175,664,136,1128,17,031,660700,17031660700,0.32351057014734147,0.2635542168674699,0.12056737588652482
Census Tract 6608; Cook County; Illinois,47248,202900,1785,5876,5876,24850,1184,141,2307,353,3525,17,031,660800,17031660800,0.3037780803267529,0.0611183355006502,0.1001418439716312
Census Tract 6609; Cook County; Illinois,43137,265900,2407,5855,5612,15531,1194,310,2455,145,2927,17,031,660900,17031660900,0.4289023521026372,0.12627291242362526,0.04953877690468056
Census Tract 6610; Cook County; Illinois,54665,219600,1094,4954,4954,30049,1192,221,2546,238,3534,17,031,661000,17031661000,0.2208316511909568,0.08680282796543598,0.06734578381437464
Census Tract 6611; Cook County; Illinois,78587,229000,716,7052,7052,28707,1443,388,3644,556,4314,17,031,661100,17031661100,0.10153148043108338,0.10647639956092206,0.12888270746407046
Census Tract 6701; Cook County; Illinois,22697,259400,457,1031,1031,16083,990,152,457,75,659,17,031,670100,17031670100,0.44325897187196894,0.33260393873085337,0.11380880121396054
Census Tract 6702; Cook County; Illinois,56563,93000,411,1355,1355,20594,1281,109,559,105,764,17,031,670200,17031670200,0.3033210332103321,0.19499105545617174,0.13743455497382198
Census Tract 6703; Cook County; Illinois,30000,-666666666,653,1204,1196,16718,992,58,423,114,902,17,031,670300,17031670300,0.5459866220735786,0.13711583924349882,0.12638580931263857
Census Tract 6704; Cook County; Illinois,44543,207200,307,1746,1746,25690,1274,97,837,117,1281,17,031,670400,17031670400,0.17583046964490265,0.11589008363201912,0.09133489461358314
Census Tract 6705; Cook County; Illinois,35188,210900,532,1294,1294,15506,1218,56,381,63,772,17,031,670500,17031670500,0.41112828438948995,0.14698162729658792,0.08160621761658031
Census Tract 6706; Cook County; Illinois,53472,143000,379,1232,1232,26029,1694,55,501,116,695,17,031,670600,17031670600,0.30762987012987014,0.10978043912175649,0.1669064748201439
Census Tract 6707; Cook County; Illinois,43160,189500,292,720,707,17592,1039,86,336,36,420,17,031,670700,17031670700,0.413012729844413,0.25595238095238093,0.08571428571428572
Census Tract 6708; Cook County; Illinois,55850,162700,172,1270,1251,26827,1203,56,605,83,971,17,031,670800,17031670800,0.1374900079936051,0.09256198347107437,0.0854788877445932
Census Tract 6709; Cook County; Illinois,30962,162100,495,1414,1414,20936,974,75,654,107,1040,17,031,670900,17031670900,0.35007072135785006,0.11467889908256881,0.10288461538461538
Census Tract 6711; Cook County; Illinois,17139,105400,591,1037,1000,14829,1158,81,268,45,698,17,031,671100,17031671100,0.591,0.30223880597014924,0.06446991404011461
Census Tract 6712; Cook County; Illinois,39815,226900,128,664,664,19524,1018,18,247,56,386,17,031,671200,17031671200,0.1927710843373494,0.0728744939271255,0.14507772020725387
Census Tract 6713; Cook County; Illinois,38980,97700,589,1714,1714,18023,1449,44,649,75,1401,17,031,671300,17031671300,0.3436406067677946,0.06779661016949153,0.05353319057815846
Census Tract 6714; Cook County; Illinois,-666666666,179400,453,1516,1513,19501,1341,113,721,57,1091,17,031,671400,17031671400,0.29940515532055517,0.15672676837725383,0.05224564619615032
Census Tract 6715; Cook County; Illinois,63125,152900,478,2451,2451,26500,1300,131,1255,118,1771,17,031,671500,17031671500,0.19502243982048142,0.10438247011952191,0.06662902315076229
Census Tract 6716; Cook County; Illinois,45286,90600,538,1829,1829,19972,1101,221,885,75,1264,17,031,671600,17031671600,0.29414980863860035,0.2497175141242938,0.05933544303797468
Census Tract 6718; Cook County; Illinois,52535,96100,563,1329,1329,26311,1375,131,475,45,919,17,031,671800,17031671800,0.4236267870579383,0.27578947368421053,0.04896626768226333
Census Tract 6719; Cook County; Illinois,37143,141000,438,1541,1541,17293,1445,69,607,6,970,17,031,671900,17031671900,0.28423101881894874,0.11367380560131796,0.006185567010309278
Census Tract 6720; Cook County; Illinois,43846,144000,1173,3787,3787,20513,1413,174,1270,152,2304,17,031,672000,17031672000,0.30974386057565356,0.13700787401574804,0.06597222222222222
Census Tract 6805; Cook County; Illinois,46250,137500,521,1636,1603,20606,1156,93,785,98,1050,17,031,680500,17031680500,0.32501559575795386,0.11847133757961784,0.09333333333333334
Census Tract 6806; Cook County; Illinois,55655,215000,176,1205,1205,27208,1246,104,643,116,770,17,031,680600,17031680600,0.14605809128630706,0.16174183514774496,0.15064935064935064
Census Tract 6809; Cook County; Illinois,22865,190500,1373,3954,3934,18578,1069,554,1597,238,2957,17,031,680900,17031680900,0.34900864260294867,0.34690043832185347,0.08048698004734528
Census Tract 6810; Cook County; Illinois,30556,155500,711,2410,2410,18740,1078,244,1109,240,1521,17,031,681000,17031681000,0.2950207468879668,0.2200180342651037,0.15779092702169625
Census Tract 6811; Cook County; Illinois,28827,152700,1009,2367,2367,17799,1203,185,947,130,1372,17,031,681100,17031681100,0.4262779890156316,0.19535374868004224,0.09475218658892129
Census Tract 6812; Cook County; Illinois,25703,121900,1020,2139,2132,16831,880,150,776,122,1449,17,031,681200,17031681200,0.47842401500938087,0.19329896907216496,0.0841959972394755
Census Tract 6813; Cook County; Illinois,24113,192300,698,2014,2014,18333,1306,150,779,94,1358,17,031,681300,17031681300,0.34657398212512414,0.1925545571245186,0.06921944035346098
Census Tract 6814; Cook County; Illinois,50170,93500,274,1811,1811,21965,1627,114,790,157,1347,17,031,681400,17031681400,0.15129762562120375,0.14430379746835442,0.11655530809205643
Census Tract 6903; Cook County; Illinois,33986,-666666666,537,1709,1322,19385,957,99,513,133,1329,17,031,690300,17031690300,0.4062027231467474,0.19298245614035087,0.1000752445447705
Census Tract 6904; Cook County; Illinois,44878,178100,674,3319,3293,36121,1238,279,2010,464,2405,17,031,690400,17031690400,0.2046765866990586,0.13880597014925372,0.19293139293139294
Census Tract 6905; Cook County; Illinois,60104,173800,88,704,704,30841,762,101,381,8,586,17,031,690500,17031690500,0.125,0.2650918635170604,0.013651877133105802
Census Tract 6909; Cook County; Illinois,34330,184100,1592,3923,3923,23430,1212,424,2022,436,2994,17,031,690900,17031690900,0.40581187866428753,0.20969337289812068,0.14562458249833
Census Tract 6910; Cook County; Illinois,77612,285500,726,2572,2572,37693,1165,122,1198,531,1781,17,031,691000,17031691000,0.2822706065318818,0.1018363939899833,0.2981471083660865
Census Tract 6911; Cook County; Illinois,25614,163800,940,2627,2608,17547,-666666666,39,1035,117,2175,17,031,691100,17031691100,0.3604294478527607,0.03768115942028986,0.05379310344827586
Census Tract 6912; Cook County; Illinois,30054,182500,579,1878,1878,23600,1109,105,868,86,1313,17,031,691200,17031691200,0.3083067092651757,0.12096774193548387,0.0654988575780655
Census Tract 6913; Cook County; Illinois,64940,150600,370,2106,2106,38408,1015,131,1174,538,1670,17,031,691300,17031691300,0.17568850902184235,0.11158432708688246,0.3221556886227545
Census Tract 6914; Cook County; Illinois,31830,167300,886,3323,3307,22183,1243,451,1339,231,2235,17,031,691400,17031691400,0.26791654067130327,0.3368185212845407,0.10335570469798658
Census Tract 6915; Cook County; Illinois,22846,-666666666,779,1667,1667,18113,992,163,709,106,1181,17,031,691500,17031691500,0.4673065386922616,0.229901269393512,0.08975444538526672
Census Tract 7001; Cook County; Illinois,81091,238300,214,3380,3380,28287,1101,77,1835,142,2130,17,031,700100,17031700100,0.06331360946745562,0.041961852861035424,0.06666666666666667
Census Tract 7002; Cook County; Illinois,82451,237000,1189,6981,6976,24676,1243,372,3605,495,4358,17,031,700200,17031700200,0.17044151376146788,0.10319001386962552,0.11358421294171639
Census Tract 7003.01; Cook County; Illinois,95654,267900,501,6153,6153,27067,1463,296,3105,430,3864,17,031,700301,17031700301,0.08142369575816674,0.09533011272141707,0.11128364389233955
Census Tract 7003.02; Cook County; Illinois,91693,259100,337,5587,5587,34497,1371,332,2819,463,3787,17,031,700302,17031700302,0.0603185967424378,0.11777225966654842,0.12226036440454185
Census Tract 7004.01; Cook County; Illinois,87824,247900,815,6367,6367,32338,1304,372,3389,367,3964,17,031,700401,17031700401,0.12800376943615518,0.10976689288875774,0.0925832492431887
Census Tract 7004.02; Cook County; Illinois,87232,256700,385,3297,3297,37028,99,118,1539,495,2205,17,031,700402,17031700402,0.11677282377919321,0.07667316439246263,0.22448979591836735
Census Tract 7005.01; Cook County; Illinois,66300,241500,1001,6924,6639,30915,1413,316,3288,875,5171,17,031,700501,17031700501,0.15077571923482452,0.09610705596107055,0.1692129181976407
Census Tract 7005.02; Cook County; Illinois,83125,264500,181,3318,3078,37669,1461,172,1551,434,2400,17,031,700502,17031700502,0.05880441845354126,0.11089619600257898,0.18083333333333335
Census Tract 7101; Cook County; Illinois,30795,207700,325,940,940,26410,804,190,549,33,669,17,031,710100,17031710100,0.34574468085106386,0.3460837887067395,0.04932735426008968
Census Tract 7102; Cook County; Illinois,37587,220600,1150,3676,3676,25114,1001,189,1513,240,2384,17,031,710200,17031710200,0.31284004352557127,0.12491738268341045,0.10067114093959731
Census Tract 7103; Cook County; Illinois,55536,177200,238,1180,1180,32881,1061,53,677,46,925,17,031,710300,17031710300,0.2016949152542373,0.07828655834564253,0.04972972972972973
Census Tract 7104; Cook County; Illinois,46727,186600,1909,5212,5212,25365,1184,598,2090,628,3853,17,031,710400,17031710400,0.3662701458173446,0.2861244019138756,0.1629898780171295
Census Tract 7105; Cook County; Illinois,38456,197000,1193,4305,4050,21952,1124,192,1804,358,2613,17,031,710500,17031710500,0.2945679012345679,0.10643015521064302,0.13700727133562954
Census Tract 7106; Cook County; Illinois,52500,240400,365,1658,1658,32051,1106,170,843,180,1297,17,031,710600,17031710600,0.22014475271411338,0.20166073546856464,0.13878180416345412
Census Tract 7107; Cook County; Illinois,35946,207700,955,2948,2948,26451,1137,236,1283,248,2133,17,031,710700,17031710700,0.3239484396200814,0.18394388152766952,0.11626816690107829
Census Tract 7108; Cook County; Illinois,40191,186000,1383,4867,4866,19654,1099,367,1999,190,3129,17,031,710800,17031710800,0.2842170160295931,0.18359179589794897,0.06072227548737616
Census Tract 7109; Cook County; Illinois,54125,145300,809,2078,2078,23807,1060,75,710,147,1175,17,031,710900,17031710900,0.38931665062560156,0.1056338028169014,0.1251063829787234
Census Tract 7110; Cook County; Illinois,51010,194600,1236,3419,3419,25385,1089,171,1311,90,2165,17,031,711000,17031711000,0.3615092132202398,0.13043478260869565,0.04157043879907621
Census Tract 7111; Cook County; Illinois,50139,225900,638,2575,2575,29223,941,423,1382,339,1723,17,031,711100,17031711100,0.24776699029126215,0.3060781476121563,0.1967498549042368
Census Tract 7112; Cook County; Illinois,62872,200100,859,4626,4626,26801,1087,328,2333,346,3183,17,031,711200,17031711200,0.18568958063121488,0.14059151307329618,0.10870248193528118
Census Tract 7113; Cook County; Illinois,67478,217300,183,1506,1506,31205,1001,118,725,146,1162,17,031,711300,17031711300,0.12151394422310757,0.16275862068965516,0.12564543889845095
Census Tract 7114; Cook County; Illinois,64615,191300,526,2672,2672,25017,1133,128,1114,218,1749,17,031,711400,17031711400,0.1968562874251497,0.11490125673249552,0.12464265294453973
Census Tract 7115; Cook County; Illinois,56677,166200,413,2117,2117,27619,-666666666,139,861,214,1723,17,031,711500,17031711500,0.19508738781294285,0.16144018583042974,0.12420197330237957
Census Tract 7201; Cook County; Illinois,149803,462900,462,3434,3420,63017,-666666666,245,1561,686,2306,17,031,720100,17031720100,0.13508771929824562,0.15695067264573992,0.2974848222029488
Census Tract 7202; Cook County; Illinois,125600,358800,152,3868,3692,57397,1224,137,1593,572,2683,17,031,720200,17031720200,0.041170097508125676,0.08600125549278091,0.21319418561311965
Census Tract 7203; Cook County; Illinois,153048,381800,103,3448,3448,74913,1194,143,1974,1032,2821,17,031,720300,17031720300,0.029872389791183295,0.07244174265450862,0.3658277206664303
Census Tract 7204; Cook County; Illinois,124625,327200,47,1927,1926,63647,1830,61,1107,298,1242,17,031,720400,17031720400,0.024402907580477674,0.05510388437217705,0.23993558776167473
Census Tract 7205; Cook County; Illinois,120789,383700,0,1965,1965,62210,1750,39,1016,492,1376,17,031,720500,17031720500,0.0,0.038385826771653545,0.35755813953488375
Census Tract 7206; Cook County; Illinois,160489,492500,101,1944,1944,66237,1483,69,940,559,1212,17,031,720600,17031720600,0.051954732510288065,0.07340425531914893,0.4612211221122112
Census Tract 7207; Cook County; Illinois,87188,355700,276,2935,2935,52939,1253,153,1715,401,1928,17,031,720700,17031720700,0.09403747870528109,0.0892128279883382,0.20798755186721993
Census Tract 7301; Cook County; Illinois,70000,172100,448,2236,2236,32334,1300,126,1057,304,1589,17,031,730100,17031730100,0.2003577817531306,0.11920529801324503,0.19131529263687855
Census Tract 7302.01; Cook County; Illinois,39734,225700,1206,5755,5695,26675,1151,415,2781,426,3768,17,031,730201,17031730201,0.21176470588235294,0.14922689679971232,0.11305732484076433
Census Tract 7302.02; Cook County; Illinois,79824,210200,133,2895,2621,31373,2201,74,1247,260,2136,17,031,730202,17031730202,0.050743990843189625,0.05934242181234964,0.12172284644194757
Census Tract 7303; Cook County; Illinois,63333,177900,103,1079,1041,25015,-666666666,117,575,117,855,17,031,730300,17031730300,0.0989433237271854,0.20347826086956522,0.1368421052631579
Census Tract 7304; Cook County; Illinois,82642,181600,812,3547,3544,37192,1218,228,1934,572,2502,17,031,730400,17031730400,0.2291196388261851,0.11789038262668046,0.22861710631494805
Census Tract 7305; Cook County; Illinois,70082,164900,535,4067,4067,36670,680,220,2036,547,3154,17,031,730500,17031730500,0.13154659454143103,0.10805500982318271,0.173430564362714
Census Tract 7306; Cook County; Illinois,72583,168400,405,3267,3267,31919,1904,126,1371,386,1893,17,031,730600,17031730600,0.12396694214876033,0.09190371991247265,0.2039091389329107
Census Tract 7307; Cook County; Illinois,54167,186600,370,2005,1983,31494,1655,181,1051,236,1524,17,031,730700,17031730700,0.18658598083711547,0.17221693625118933,0.15485564304461943
Census Tract 7401; Cook County; Illinois,107500,312100,137,3003,3003,56899,1049,17,1616,649,2187,17,031,740100,17031740100,0.045621045621045624,0.01051980198019802,0.2967535436671239
Census Tract 7402; Cook County; Illinois,129207,329000,319,6192,5790,48795,2250,108,2786,955,3902,17,031,740200,17031740200,0.05509499136442142,0.038765254845656856,0.24474628395694514
Census Tract 7403; Cook County; Illinois,118717,319300,285,5266,5266,54717,1746,165,2601,1080,3581,17,031,740300,17031740300,0.05412077478161793,0.06343713956170703,0.30159173415247137
Census Tract 7404; Cook County; Illinois,89250,301700,262,4598,4598,49388,1405,117,2466,530,2985,17,031,740400,17031740400,0.05698129621574598,0.04744525547445255,0.17755443886097153
Census Tract 7501; Cook County; Illinois,54443,211500,629,3246,3164,37585,1253,138,1227,552,2337,17,031,750100,17031750100,0.19879898862199746,0.11246943765281174,0.2362002567394095
Census Tract 7502; Cook County; Illinois,87273,327700,226,3079,3079,53472,1607,198,1637,519,2356,17,031,750200,17031750200,0.07340045469308216,0.1209529627367135,0.2202886247877759
Census Tract 7503; Cook County; Illinois,102689,347000,200,2493,2483,53179,2061,91,1356,419,1683,17,031,750300,17031750300,0.08054772452678212,0.06710914454277286,0.24896019013666074
Census Tract 7504; Cook County; Illinois,113088,307200,96,3142,3137,48605,1333,44,1699,685,2200,17,031,750400,17031750400,0.030602486452024225,0.025897586815773983,0.31136363636363634
Census Tract 7505; Cook County; Illinois,62500,245800,1147,5487,5119,32156,1936,377,2356,1006,3858,17,031,750500,17031750500,0.2240672006251221,0.1600169779286927,0.2607568688439606
Census Tract 7506; Cook County; Illinois,45682,187200,1306,3418,3404,23282,1241,56,1358,285,2088,17,031,750600,17031750600,0.3836662749706228,0.041237113402061855,0.13649425287356323
Census Tract 7608.01; Cook County; Illinois,78618,170600,695,4804,4758,43529,1497,84,3017,937,3340,17,031,760801,17031760801,0.1460697772173182,0.027842227378190254,0.2805389221556886
Census Tract 7608.02; Cook County; Illinois,92069,391400,120,2280,2280,50166,1357,47,1112,447,1841,17,031,760802,17031760802,0.05263157894736842,0.04226618705035971,0.242802824551874
Census Tract 7608.03; Cook County; Illinois,80625,192800,408,7061,7061,52376,1404,235,4569,1393,5382,17,031,760803,17031760803,0.05778218382665345,0.051433574086233315,0.25882571534745447
Census Tract 7702.01; Cook County; Illinois,90726,339600,246,5871,5832,45713,1606,160,3429,1615,4522,17,031,770201,17031770201,0.04218106995884774,0.04666083406240887,0.35714285714285715
Census Tract 7702.02; Cook County; Illinois,90096,297900,763,4439,4279,46765,2532,83,2180,685,3406,17,031,770202,17031770202,0.17831268988081328,0.038073394495412846,0.20111567821491486
Census Tract 7703; Cook County; Illinois,76782,337500,600,6900,6880,41935,1701,100,3771,1241,4844,17,031,770300,17031770300,0.0872093023255814,0.026518164942985947,0.25619322873658135
Census Tract 7704; Cook County; Illinois,85745,318200,431,4625,4578,34485,1346,134,2726,544,3137,17,031,770400,17031770400,0.09414591524683268,0.0491562729273661,0.17341408989480395
Census Tract 7705; Cook County; Illinois,75096,31700,600,4292,4292,21066,1415,137,2076,118,2394,17,031,770500,17031770500,0.13979496738117428,0.06599229287090559,0.04928989139515455
Census Tract 7706.01; Cook County; Illinois,85491,333200,156,3443,3203,40135,1239,49,1684,451,2645,17,031,770601,17031770601,0.048704339681548546,0.029097387173396674,0.17051039697542533
Census Tract 7706.02; Cook County; Illinois,85089,353500,121,4220,4062,35993,1188,118,2334,569,2924,17,031,770602,17031770602,0.02978828163466273,0.050556983718937444,0.19459644322845418
Census Tract 7707; Cook County; Illinois,77821,344900,222,2359,2350,46774,1040,38,1315,431,1943,17,031,770700,17031770700,0.09446808510638298,0.028897338403041824,0.2218219248584663
Census Tract 7708; Cook County; Illinois,88079,266300,139,5836,5836,32345,1186,99,3091,897,4067,17,031,770800,17031770800,0.023817683344756684,0.03202846975088968,0.22055569215638063
Census Tract 7709.01; Cook County; Illinois,87996,318600,373,4918,4899,42564,1221,112,2544,804,3799,17,031,770901,17031770901,0.07613798734435599,0.0440251572327044,0.21163464069491972
Census Tract 7709.02; Cook County; Illinois,77656,366900,370,3911,3911,38184,1391,219,2169,686,2664,17,031,770902,17031770902,0.09460496036819228,0.10096818810511757,0.2575075075075075
Census Tract 8001; Cook County; Illinois,249167,1673200,74,2354,2354,154462,-666666666,26,926,553,1527,17,031,800100,17031800100,0.03143585386576041,0.028077753779697623,0.3621480026195154
Census Tract 8002; Cook County; Illinois,248893,1186500,111,6347,6347,142409,2178,103,2623,1690,4132,17,031,800200,17031800200,0.01748857728060501,0.03926801372474266,0.40900290416263313
Census Tract 8003; Cook County; Illinois,250001,1209100,47,3391,3351,166954,1421,87,1429,897,2125,17,031,800300,17031800300,0.014025663980901224,0.06088173547935619,0.42211764705882354
Census Tract 8004; Cook County; Illinois,250001,1458100,48,3799,3799,182666,2413,41,1489,725,2340,17,031,800400,17031800400,0.012634903922084759,0.027535258562793822,0.30982905982905984
Census Tract 8005; Cook County; Illinois,250001,1227200,109,5264,5263,136164,1764,49,2173,1103,3233,17,031,800500,17031800500,0.020710621318639558,0.022549470777726646,0.3411691927002784
Census Tract 8006; Cook County; Illinois,250001,1600000,47,2421,2421,153015,3501,37,945,565,1392,17,031,800600,17031800600,0.019413465510119784,0.039153439153439155,0.40589080459770116
Census Tract 8007; Cook County; Illinois,250001,1007700,96,4984,4953,135701,3131,61,2168,1278,3095,17,031,800700,17031800700,0.019382192610539067,0.028136531365313654,0.41292407108239093
Census Tract 8008; Cook County; Illinois,121111,590200,106,2322,2315,118395,1806,46,1332,573,1655,17,031,800800,17031800800,0.045788336933045355,0.03453453453453453,0.34622356495468276
Census Tract 8009; Cook County; Illinois,145208,533000,298,4371,4371,75044,3501,56,2059,1041,3069,17,031,800900,17031800900,0.0681766186227408,0.027197668771248178,0.3391984359726295
Census Tract 8010; Cook County; Illinois,163542,705200,62,5091,5091,112271,1821,149,2318,749,3475,17,031,801000,17031801000,0.012178353957965037,0.0642795513373598,0.21553956834532373
Census Tract 8011; Cook County; Illinois,235511,891100,68,4961,4953,107964,1965,107,2403,1229,2881,17,031,801100,17031801100,0.01372905309913184,0.04452767374115689,0.42658799028115235
Census Tract 8012; Cook County; Illinois,203750,993700,0,3509,3508,145006,2382,28,1389,807,2505,17,031,801200,17031801200,0.0,0.020158387329013677,0.3221556886227545
Census Tract 8013; Cook County; Illinois,190313,1039100,379,4461,4394,115935,1039,120,2026,1081,2987,17,031,801300,17031801300,0.08625398270368685,0.059230009871668314,0.3619015734851021
Census Tract 8014; Cook County; Illinois,169318,541200,159,2886,2886,85246,2433,66,1300,727,2005,17,031,801400,17031801400,0.0550935550935551,0.05076923076923077,0.36259351620947633
Census Tract 8015; Cook County; Illinois,154083,596900,276,6219,5865,100340,2174,65,3031,1434,4708,17,031,801500,17031801500,0.047058823529411764,0.02144506763444408,0.30458793542905693
Census Tract 8016.01; Cook County; Illinois,105313,604700,250,4570,4421,79053,2691,99,2136,1196,3512,17,031,801601,17031801601,0.0565482922415743,0.046348314606741575,0.34054669703872437
Census Tract 8016.03; Cook County; Illinois,79200,456300,530,3656,3429,43298,1487,34,1630,661,2678,17,031,801603,17031801603,0.15456401283172938,0.020858895705521473,0.24682598954443616
Census Tract 8016.05; Cook County; Illinois,142500,689500,302,5607,5607,79835,-666666666,146,3058,1668,4095,17,031,801605,17031801605,0.053861244872480826,0.04774362328319163,0.4073260073260073
Census Tract 8016.06; Cook County; Illinois,151776,645100,130,7212,7212,81604,2145,72,3608,1907,5695,17,031,801606,17031801606,0.018025513033832503,0.019955654101995565,0.33485513608428447
Census Tract 8016.07; Cook County; Illinois,155714,663600,213,5910,5903,70926,1550,21,2982,1667,4203,17,031,801607,17031801607,0.03608334745044892,0.007042253521126761,0.3966214608612896
Census Tract 8016.08; Cook County; Illinois,145417,581900,541,6318,6195,75896,3338,100,2480,1521,4857,17,031,801608,17031801608,0.08732849071832123,0.04032258064516129,0.31315626930203827
Census Tract 8017.01; Cook County; Illinois,237695,786300,20,3469,3469,97686,1908,27,1667,910,2361,17,031,801701,17031801701,0.005765350245027385,0.016196760647870425,0.385429902583651
Census Tract 8017.02; Cook County; Illinois,177394,672900,123,4950,4946,81291,2886,58,2465,1351,3170,17,031,801702,17031801702,0.024868580671249495,0.023529411764705882,0.4261829652996845
Census Tract 8018; Cook County; Illinois,179485,934100,304,6173,6173,116619,2314,60,3013,1639,4536,17,031,801800,17031801800,0.04924671958529078,0.019913707268503153,0.361331569664903
Census Tract 8019.01; Cook County; Illinois,99345,455900,531,4634,4509,68161,2305,210,2224,1154,3482,17,031,801901,17031801901,0.11776447105788423,0.09442446043165467,0.3314187248707639
Census Tract 8019.02; Cook County; Illinois,203646,855400,19,3747,3728,106893,-666666666,45,1858,933,2382,17,031,801902,17031801902,0.00509656652360515,0.024219590958019375,0.3916876574307305
Census Tract 8020.02; Cook County; Illinois,133152,573000,125,4720,4399,72288,1622,52,2438,1074,3415,17,031,802002,17031802002,0.028415548988406456,0.02132895816242822,0.3144948755490483
Census Tract 8020.03; Cook County; Illinois,175288,600800,141,2376,2376,64357,1413,50,1205,567,1667,17,031,802003,17031802003,0.059343434343434344,0.04149377593360996,0.34013197360527897
Census Tract 8020.04; Cook County; Illinois,47134,220300,1705,5982,5895,33961,1411,271,3108,1398,4109,17,031,802004,17031802004,0.28922815945716707,0.0871943371943372,0.34022876612314434
Census Tract 8021; Cook County; Illinois,180739,700600,375,3672,3663,89997,997,45,1556,945,2330,17,031,802100,17031802100,0.10237510237510238,0.02892030848329049,0.4055793991416309
Census Tract 8022; Cook County; Illinois,177813,655300,176,4853,4839,96900,2349,72,2267,1130,3422,17,031,802200,17031802200,0.036371151064269476,0.031760035288928096,0.3302162478082992
Census Tract 8023; Cook County; Illinois,111071,768600,509,5606,5525,94395,2252,73,2218,1609,4182,17,031,802300,17031802300,0.09212669683257918,0.032912533814247066,0.38474414155906267
Census Tract 8024.02; Cook County; Illinois,78942,394000,343,5739,5539,49934,1398,113,2714,1291,4539,17,031,802402,17031802402,0.06192453511464163,0.04163596168017686,0.2844238819123155
Census Tract 8024.03; Cook County; Illinois,87525,244000,71,1517,1517,55147,1951,72,858,516,1246,17,031,802403,17031802403,0.04680290046143705,0.08391608391608392,0.41412520064205455
Census Tract 8024.04; Cook County; Illinois,81371,192600,1238,7892,7697,35509,1921,215,4427,1258,5540,17,031,802404,17031802404,0.16084188644926595,0.04856562005873052,0.22707581227436824
Census Tract 8025.03; Cook County; Illinois,106076,274800,835,7232,7232,43697,1834,157,4163,1854,5026,17,031,802503,17031802503,0.11545907079646017,0.03771318760509248,0.36888181456426583
Census Tract 8025.04; Cook County; Illinois,100313,325600,775,6373,6156,35400,2156,196,3254,976,4479,17,031,802504,17031802504,0.12589343729694608,0.06023355869698832,0.2179057825407457
Census Tract 8025.05; Cook County; Illinois,79886,210300,711,6157,6120,41453,1432,95,4079,974,4301,17,031,802505,17031802505,0.1161764705882353,0.02329002206423143,0.22645896303185306
Census Tract 8025.06; Cook County; Illinois,83056,312700,240,2393,2393,33403,1634,150,1454,316,1620,17,031,802506,17031802506,0.10029251984956122,0.1031636863823934,0.19506172839506172
Census Tract 8026.05; Cook County; Illinois,119375,392200,246,7035,6940,63627,1815,113,3924,2231,5708,17,031,802605,17031802605,0.03544668587896253,0.028797145769622834,0.39085494043447794
Census Tract 8026.07; Cook County; Illinois,120750,452300,63,1421,1421,47834,-666666666,41,676,288,1043,17,031,802607,17031802607,0.04433497536945813,0.060650887573964495,0.27612655800575264
Census Tract 8026.08; Cook County; Illinois,90778,318900,386,5687,5687,55737,1564,33,2807,1494,4305,17,031,802608,17031802608,0.06787409882187445,0.011756323477021732,0.3470383275261324
Census Tract 8026.09; Cook County; Illinois,68608,160700,720,6525,6525,35513,1500,138,4485,1247,5038,17,031,802609,17031802609,0.1103448275862069,0.03076923076923077,0.24751885668916238
Census Tract 8026.10; Cook County; Illinois,143500,395700,43,1978,1978,55731,1714,4,1097,546,1582,17,031,802610,17031802610,0.021739130434782608,0.0036463081130355514,0.34513274336283184
Census Tract 8027.01; Cook County; Illinois,160658,449500,418,6972,6972,48653,1280,227,3647,1528,4648,17,031,802701,17031802701,0.05995410212277682,0.062242939402248426,0.3287435456110155
Census Tract 8027.02; Cook County; Illinois,94656,453600,429,4370,4273,45077,433,61,2063,978,3419,17,031,802702,17031802702,0.10039784694593962,0.02956858943286476,0.28604855220824804
Census Tract 8028.01; Cook County; Illinois,138750,431400,58,4712,4712,64092,1449,94,2627,1090,3222,17,031,802801,17031802801,0.01230899830220713,0.03578226113437381,0.3382991930477964
Census Tract 8028.02; Cook County; Illinois,118068,364600,78,6375,6351,51102,2217,92,3502,1668,4111,17,031,802802,17031802802,0.01228153046764289,0.026270702455739578,0.40574069569447824
Census Tract 8029; Cook County; Illinois,179773,524200,226,5993,5993,84236,2862,55,2855,1380,3968,17,031,802900,17031802900,0.037710662439512765,0.01926444833625219,0.3477822580645161
Census Tract 8030.05; Cook County; Illinois,133083,367900,87,2860,2860,58321,1439,62,1758,845,1932,17,031,803005,17031803005,0.03041958041958042,0.03526734926052332,0.43737060041407866
Census Tract 8030.07; Cook County; Illinois,91553,384300,772,5092,5092,47692,1996,44,2616,1230,3717,17,031,803007,17031803007,0.1516103692065986,0.016819571865443424,0.3309120258272801
Census Tract 8030.08; Cook County; Illinois,173309,473900,174,4720,4720,67327,1560,99,2364,1264,3404,17,031,803008,17031803008,0.03686440677966102,0.04187817258883249,0.37132784958871917
Census Tract 8030.10; Cook County; Illinois,119125,380600,133,4351,4351,56802,1700,109,2519,970,3059,17,031,803010,17031803010,0.03056768558951965,0.04327113934100834,0.31709709055246815
Census Tract 8030.12; Cook County; Illinois,85865,295200,194,2135,2135,55501,1763,50,1363,595,1634,17,031,803012,17031803012,0.09086651053864168,0.036683785766691124,0.36413708690330476
Census Tract 8030.13; Cook County; Illinois,104564,288200,285,5690,5690,54161,1536,105,3278,1185,4138,17,031,803013,17031803013,0.05008787346221441,0.032031726662599146,0.28637022716288063
Census Tract 8030.14; Cook County; Illinois,83030,308500,158,3543,3543,39435,1367,65,2209,650,2604,17,031,803014,17031803014,0.044594976009031895,0.029425079221367133,0.24961597542242703
Census Tract 8030.15; Cook County; Illinois,108030,386500,288,4520,4520,70262,1382,75,2448,1087,3663,17,031,803015,17031803015,0.06371681415929203,0.030637254901960783,0.29675129675129674
Census Tract 8030.16; Cook County; Illinois,133150,440500,118,2537,2525,56944,1932,44,1468,541,1754,17,031,803016,17031803016,0.04673267326732673,0.02997275204359673,0.30843785632839227
Census Tract 8030.17; Cook County; Illinois,108724,426800,462,6520,6491,58722,1745,14,3656,1408,4671,17,031,803017,17031803017,0.07117547373286089,0.0038293216630196935,0.30143438235923786
Census Tract 8031; Cook County; Illinois,170089,454900,84,3545,3544,69308,2809,133,1866,893,2283,17,031,803100,17031803100,0.023702031602708805,0.07127545551982852,0.39115199299167763
Census Tract 8032; Cook County; Illinois,100422,388000,348,4961,4627,57829,1231,53,2112,1105,3822,17,031,803200,17031803200,0.07521071968878323,0.025094696969696968,0.2891156462585034
Census Tract 8033; Cook County; Illinois,96587,355900,516,5529,5524,64602,1524,298,3268,1533,4327,17,031,803300,17031803300,0.09341057204923968,0.09118727050183599,0.3542870348971574
Census Tract 8034; Cook County; Illinois,134260,490500,273,6398,6398,66091,2323,32,2911,1202,4109,17,031,803400,17031803400,0.04266958424507659,0.01099278598419787,0.29252859576539303
Census Tract 8035; Cook County; Illinois,131763,443500,127,5238,5207,67175,2170,100,2840,1557,3658,17,031,803500,17031803500,0.024390243902439025,0.035211267605633804,0.42564242755604154
Census Tract 8036.03; Cook County; Illinois,174383,587200,111,6489,6454,82678,1466,83,3253,1770,4405,17,031,803603,17031803603,0.017198636504493336,0.02551490931447894,0.4018161180476731
Census Tract 8036.04; Cook County; Illinois,87422,364700,555,4446,4356,49224,1415,115,2295,1023,3254,17,031,803604,17031803604,0.12741046831955924,0.05010893246187364,0.31438229870928086
Census Tract 8036.05; Cook County; Illinois,111063,424900,290,6237,6237,51303,1346,119,3384,1536,4486,17,031,803605,17031803605,0.04649671316337983,0.03516548463356974,0.34239857333927776
Census Tract 8036.07; Cook County; Illinois,125818,363900,252,4434,4432,55703,2702,98,2581,1134,3222,17,031,803607,17031803607,0.05685920577617329,0.03796977915536614,0.35195530726256985
Census Tract 8036.08; Cook County; Illinois,108394,466300,885,7939,7939,56397,1858,292,4633,2352,5574,17,031,803608,17031803608,0.11147499685098879,0.06302611698683358,0.4219590958019376
Census Tract 8036.11; Cook County; Illinois,63639,189400,783,6341,6341,30102,1437,79,3849,896,3847,17,031,803611,17031803611,0.12348210061504494,0.020524811639386853,0.232908760072784
Census Tract 8036.12; Cook County; Illinois,72603,300000,407,3379,3379,35478,1448,25,2149,438,2037,17,031,803612,17031803612,0.12044983722994969,0.011633317822242903,0.21502209131075112
Census Tract 8036.13; Cook County; Illinois,64055,184700,267,3167,3167,26792,1256,91,1624,372,1880,17,031,803613,17031803613,0.08430691506157247,0.05603448275862069,0.19787234042553192
Census Tract 8036.14; Cook County; Illinois,63448,148700,462,3965,3965,28598,1336,74,2357,564,2519,17,031,803614,17031803614,0.11651954602774275,0.031395842172252865,0.22389837236998808
Census Tract 8036.15; Cook County; Illinois,107941,340300,21,2460,2460,63511,1687,45,1854,769,1972,17,031,803615,17031803615,0.00853658536585366,0.024271844660194174,0.38995943204868155
Census Tract 8036.16; Cook County; Illinois,90347,331800,764,4842,4770,56432,1682,161,3242,795,3543,17,031,803616,17031803616,0.16016771488469603,0.04966070326958667,0.2243861134631668
Census Tract 8037.01; Cook County; Illinois,85433,330400,207,2795,2795,57915,1516,51,1765,917,2315,17,031,803701,17031803701,0.0740608228980322,0.028895184135977338,0.3961123110151188
Census Tract 8037.02; Cook County; Illinois,116569,389400,244,6098,6038,59875,1443,69,3260,1634,4536,17,031,803702,17031803702,0.04041073203047367,0.02116564417177914,0.3602292768959436
Census Tract 8038; Cook County; Illinois,133380,344700,81,4145,4145,61430,2202,25,2624,998,3139,17,031,803800,17031803800,0.0195416164053076,0.009527439024390244,0.31793564829563553
Census Tract 8039.01; Cook County; Illinois,66466,222000,580,3626,3626,52963,1919,84,1909,907,3006,17,031,803901,17031803901,0.15995587424158852,0.044002095337873234,0.301729873586161
Census Tract 8039.02; Cook County; Illinois,113023,311200,115,3409,3318,42744,2068,172,1972,551,2456,17,031,803902,17031803902,0.034659433393610606,0.0872210953346856,0.22434853420195439
Census Tract 8040; Cook County; Illinois,87196,285800,452,4705,4705,39471,1961,167,2614,698,3473,17,031,804000,17031804000,0.09606801275239107,0.06388676358071921,0.20097898070832135
Census Tract 8041.02; Cook County; Illinois,165680,582700,333,7027,6900,76791,2332,104,3280,1917,4767,17,031,804102,17031804102,0.04826086956521739,0.03170731707317073,0.40213971050975456
Census Tract 8041.04; Cook County; Illinois,152013,379300,228,4940,4940,64644,3198,66,2739,1179,3571,17,031,804104,17031804104,0.046153846153846156,0.024096385542168676,0.33015961915429853
Census Tract 8041.05; Cook County; Illinois,153981,432700,35,4570,4570,74992,-666666666,59,2499,998,3386,17,031,804105,17031804105,0.007658643326039387,0.023609443777511004,0.2947430596574129
Census Tract 8041.06; Cook County; Illinois,150132,436900,225,7231,7231,56845,1806,322,4080,1874,4864,17,031,804106,17031804106,0.031116028211865578,0.07892156862745098,0.3852796052631579
Census Tract 8041.08; Cook County; Illinois,88773,-666666666,247,4270,4270,54858,1786,322,2636,948,3064,17,031,804108,17031804108,0.05784543325526932,0.12215477996965099,0.3093994778067885
Census Tract 8041.09; Cook County; Illinois,146382,523400,123,3203,3076,62964,1202,48,1492,873,2296,17,031,804109,17031804109,0.03998699609882965,0.032171581769437,0.38022648083623695
Census Tract 8042.02; Cook County; Illinois,183859,558900,343,7444,7416,72264,2019,223,3607,2125,5449,17,031,804202,17031804202,0.04625134843581446,0.061824230662600496,0.38997981280968985
Census Tract 8042.03; Cook County; Illinois,246477,934000,44,3598,3598,99464,-666666666,28,1741,789,2419,17,031,804203,17031804203,0.012229016120066704,0.016082711085583,0.32616783794956594
Census Tract 8042.04; Cook County; Illinois,157750,701400,457,5191,5044,84707,3011,65,2160,1311,3351,17,031,804204,17031804204,0.09060269627279936,0.03009259259259259,0.39122649955237243
Census Tract 8043.05; Cook County; Illinois,79464,241900,1526,8126,8126,33916,1465,166,4543,756,5659,17,031,804305,17031804305,0.18779227172040364,0.036539731454985694,0.1335925075101608
Census Tract 8043.06; Cook County; Illinois,105236,260100,285,5889,5889,33732,2063,38,3233,458,3716,17,031,804306,17031804306,0.048395313295975545,0.011753789050417568,0.1232508073196986
Census Tract 8043.08; Cook County; Illinois,84244,272900,484,4918,4918,37678,1679,42,2463,630,3114,17,031,804308,17031804308,0.09841398942659618,0.01705237515225335,0.2023121387283237
Census Tract 8043.09; Cook County; Illinois,91595,263100,185,2978,2896,34067,2069,35,1619,431,2009,17,031,804309,17031804309,0.06388121546961326,0.021618282890673256,0.2145345943255351
Census Tract 8043.12; Cook County; Illinois,183000,544300,48,1661,1661,73490,-666666666,43,966,421,1200,17,031,804312,17031804312,0.028898254063816978,0.044513457556935816,0.35083333333333333
Census Tract 8043.13; Cook County; Illinois,130869,332800,723,6563,6503,49887,2336,285,3857,931,4682,17,031,804313,17031804313,0.11117945563586037,0.07389162561576355,0.19884664673216573
Census Tract 8043.14; Cook County; Illinois,101635,315200,64,1322,1322,51884,-666666666,31,809,328,1099,17,031,804314,17031804314,0.048411497730711045,0.038318912237330034,0.2984531392174704
Census Tract 8043.15; Cook County; Illinois,101806,304000,162,2683,2683,38407,1973,99,1590,456,1899,17,031,804315,17031804315,0.06038017144986955,0.062264150943396226,0.2401263823064771
Census Tract 8043.16; Cook County; Illinois,116835,350100,162,4486,4486,44895,2229,33,2351,933,3359,17,031,804316,17031804316,0.03611234953187695,0.014036580178647383,0.2777612384638285
Census Tract 8044.03; Cook County; Illinois,87445,275100,551,7194,7149,41474,1549,208,3859,916,5128,17,031,804403,17031804403,0.0770737166037208,0.05389997408655092,0.17862714508580343
Census Tract 8044.04; Cook County; Illinois,86546,275600,394,5399,5334,30231,1767,126,2664,529,3433,17,031,804404,17031804404,0.0738657667791526,0.0472972972972973,0.1540926303524614
Census Tract 8044.05; Cook County; Illinois,76906,281300,475,3643,3589,25086,1169,142,1845,265,2186,17,031,804405,17031804405,0.13234884368904987,0.07696476964769648,0.1212259835315645
Census Tract 8044.06; Cook County; Illinois,75305,223200,836,5465,5402,33979,1847,137,3130,509,3708,17,031,804406,17031804406,0.15475749722325063,0.04376996805111821,0.1372707659115426
Census Tract 8045.05; Cook County; Illinois,94669,232700,417,3677,3677,50187,1538,43,2283,528,2571,17,031,804505,17031804505,0.11340766929562143,0.018834866403854577,0.20536756126021002
Census Tract 8045.06; Cook County; Illinois,128170,360400,354,5352,5216,51496,3025,90,2946,1100,4008,17,031,804506,17031804506,0.0678680981595092,0.03054989816700611,0.2744510978043912
Census Tract 8045.08; Cook County; Illinois,53929,223500,569,2285,2285,27309,1499,149,1281,267,1542,17,031,804508,17031804508,0.24901531728665208,0.11631537861046058,0.17315175097276264
Census Tract 8045.09; Cook County; Illinois,86881,257800,895,6609,6451,25590,1463,69,3159,460,3596,17,031,804509,17031804509,0.1387381801271121,0.02184235517568851,0.12791991101223582
Census Tract 8045.10; Cook County; Illinois,75515,267300,504,4587,4578,27794,1262,120,2384,318,2892,17,031,804510,17031804510,0.11009174311926606,0.050335570469798654,0.10995850622406639
Census Tract 8045.11; Cook County; Illinois,86964,284200,284,2189,2189,30048,1452,33,1198,274,1429,17,031,804511,17031804511,0.1297396071265418,0.027545909849749584,0.19174247725682295
Census Tract 8045.12; Cook County; Illinois,156106,331400,157,3739,3739,60752,2085,32,2287,1012,2827,17,031,804512,17031804512,0.041989836854774004,0.013992129427197202,0.35797665369649806
Census Tract 8045.13; Cook County; Illinois,123385,362100,329,3747,3747,55455,2100,178,2193,860,2695,17,031,804513,17031804513,0.08780357619428876,0.08116735066119471,0.31910946196660483
Census Tract 8045.14; Cook County; Illinois,115995,384400,236,5353,5353,45165,1236,29,2491,1277,3486,17,031,804514,17031804514,0.0440874276106856,0.011641910879164994,0.3663224325874928
Census Tract 8046.03; Cook County; Illinois,102414,232600,346,6258,6204,46956,1647,85,3793,1752,4652,17,031,804603,17031804603,0.05577047066408768,0.022409702082784075,0.3766122098022356
Census Tract 8046.06; Cook County; Illinois,128958,418800,348,7047,6862,58627,2169,151,3604,1825,4989,17,031,804606,17031804606,0.05071407752841737,0.04189789123196448,0.3658047704950892
Census Tract 8046.07; Cook County; Illinois,118025,412700,216,6774,6765,54721,1661,71,3250,1377,4771,17,031,804607,17031804607,0.031929046563192905,0.021846153846153845,0.2886187382100189
Census Tract 8046.08; Cook County; Illinois,118281,308700,184,3756,3756,59291,2221,52,2177,848,2678,17,031,804608,17031804608,0.04898828541001065,0.02388608176389527,0.3166542195668409
Census Tract 8046.09; Cook County; Illinois,110392,420300,269,5697,5697,68551,2204,117,3247,1229,4269,17,031,804609,17031804609,0.047217833947691766,0.03603326147212812,0.2878894354649801
Census Tract 8046.10; Cook County; Illinois,71750,233800,249,2771,2771,43538,1734,20,1446,632,2092,17,031,804610,17031804610,0.08985925658607001,0.013831258644536652,0.30210325047801145
Census Tract 8046.11; Cook County; Illinois,79202,283900,334,4201,4193,48996,1657,78,2346,1077,3238,17,031,804611,17031804611,0.07965657047460052,0.03324808184143223,0.3326127239036442
Census Tract 8047.01; Cook County; Illinois,72232,208700,558,6360,6163,32087,1791,86,3406,1471,4450,17,031,804701,17031804701,0.09054032127210775,0.02524955960070464,0.330561797752809
Census Tract 8047.05; Cook County; Illinois,80702,177400,108,4316,4242,39438,1755,103,2511,779,3010,17,031,804705,17031804705,0.02545968882602546,0.04101951413779371,0.25880398671096344
Census Tract 8047.06; Cook County; Illinois,125956,379500,86,2206,2206,45513,2266,64,1059,494,1555,17,031,804706,17031804706,0.038984587488667274,0.06043437204910293,0.31768488745980705
Census Tract 8047.09; Cook County; Illinois,100710,334300,943,7952,7782,42542,1500,146,4102,1807,5297,17,031,804709,17031804709,0.12117707530197892,0.035592393954168695,0.3411364923541627
Census Tract 8047.10; Cook County; Illinois,109375,322800,109,3742,3742,52305,1830,26,2113,771,2722,17,031,804710,17031804710,0.029128808123997863,0.012304779933743492,0.28324761204996324
Census Tract 8047.11; Cook County; Illinois,85376,282200,464,7595,7595,34760,1751,93,3722,1395,4691,17,031,804711,17031804711,0.06109282422646478,0.024986566362170875,0.29737795779151566
Census Tract 8047.12; Cook County; Illinois,103750,406600,225,5441,5408,46971,2086,150,2647,856,3379,17,031,804712,17031804712,0.041605029585798814,0.056667925953910084,0.25332938739271976
Census Tract 8047.13; Cook County; Illinois,75625,309100,278,4508,4508,53536,1733,174,2869,1042,2966,17,031,804713,17031804713,0.0616681455190772,0.06064830951551063,0.35131490222521916
Census Tract 8047.14; Cook County; Illinois,102210,335600,104,3427,3427,55905,1806,65,2033,899,2449,17,031,804714,17031804714,0.03034724248613948,0.031972454500737824,0.3670886075949367
Census Tract 8047.15; Cook County; Illinois,73864,212500,807,4027,3968,26141,1550,85,2093,625,2471,17,031,804715,17031804715,0.20337701612903225,0.040611562350692784,0.2529340348037232
Census Tract 8047.16; Cook County; Illinois,106713,367800,183,4511,4511,46903,1571,107,2381,1032,3247,17,031,804716,17031804716,0.04056750166260253,0.04493910121797564,0.31783184477979676
Census Tract 8048.03; Cook County; Illinois,104844,376400,542,5142,5142,50352,1739,88,2768,788,3528,17,031,804803,17031804803,0.10540645663166083,0.031791907514450865,0.2233560090702948
Census Tract 8048.04; Cook County; Illinois,83083,276700,531,6099,6092,43167,1818,45,3236,1028,4320,17,031,804804,17031804804,0.0871634931057124,0.013906056860321385,0.23796296296296296
Census Tract 8048.05; Cook County; Illinois,112460,337800,414,7198,7137,45250,2109,184,3884,1257,4979,17,031,804805,17031804805,0.058007566204287514,0.04737384140061792,0.2524603334002812
Census Tract 8048.06; Cook County; Illinois,93533,281900,579,3284,3261,31545,1965,74,1663,439,2036,17,031,804806,17031804806,0.17755289788408463,0.04449789536981359,0.2156188605108055
Census Tract 8048.07; Cook County; Illinois,107517,321200,129,5470,5184,40782,1826,89,2789,931,3768,17,031,804807,17031804807,0.02488425925925926,0.031911079239870924,0.24708067940552017
Census Tract 8048.08; Cook County; Illinois,147500,368900,187,2669,2665,48155,2321,51,1385,534,1902,17,031,804808,17031804808,0.0701688555347092,0.0368231046931408,0.2807570977917981
Census Tract 8048.09; Cook County; Illinois,118194,376300,256,4629,4629,53925,2927,58,2358,1166,3065,17,031,804809,17031804809,0.05530352127889393,0.024597116200169637,0.38042414355628057
Census Tract 8048.10; Cook County; Illinois,97788,346600,292,6681,6514,55142,1385,125,3782,1263,5006,17,031,804810,17031804810,0.04482652747927541,0.03305129561078794,0.2522972433080304
Census Tract 8049.01; Cook County; Illinois,115909,408200,336,6314,6303,58591,1880,98,3334,1434,4369,17,031,804901,17031804901,0.053307948595906714,0.029394121175764846,0.32822156099794003
Census Tract 8049.02; Cook County; Illinois,131714,412000,63,5949,5949,59199,1647,119,2863,1529,4288,17,031,804902,17031804902,0.01059001512859304,0.04156479217603912,0.35657649253731344
Census Tract 8050.01; Cook County; Illinois,142609,453500,102,4807,4807,69297,1431,53,2355,1082,3387,17,031,805001,17031805001,0.021219055543998337,0.022505307855626325,0.31945674638323
Census Tract 8050.02; Cook County; Illinois,75246,317300,602,7452,7346,33799,1375,253,4013,1385,5414,17,031,805002,17031805002,0.08194936019602504,0.0630451034139048,0.25581824898411526
Census Tract 8051.05; Cook County; Illinois,84474,245200,662,7216,7216,39841,1594,30,4306,1547,5133,17,031,805105,17031805105,0.09174057649667405,0.006967022758941012,0.30138320670173385
Census Tract 8051.06; Cook County; Illinois,89009,248700,95,3047,2981,55644,1651,55,1593,741,2359,17,031,805106,17031805106,0.03186850050318685,0.03452605147520402,0.31411615091140316
Census Tract 8051.07; Cook County; Illinois,76313,211900,857,6006,6006,45179,1599,134,4202,1727,4880,17,031,805107,17031805107,0.1426906426906427,0.0318895763921942,0.3538934426229508
Census Tract 8051.08; Cook County; Illinois,79481,324000,767,6270,6270,36869,1661,271,3713,1145,4454,17,031,805108,17031805108,0.12232854864433812,0.07298680312415837,0.2570722945666816
Census Tract 8051.09; Cook County; Illinois,101585,423500,191,4588,4563,49870,657,63,2033,836,3008,17,031,805109,17031805109,0.04185842647381109,0.030988686669945892,0.2779255319148936
Census Tract 8051.10; Cook County; Illinois,107253,322000,309,4280,4193,52960,2146,113,2218,802,3450,17,031,805110,17031805110,0.07369425232530408,0.0509467989179441,0.23246376811594202
Census Tract 8051.11; Cook County; Illinois,55449,329900,693,7966,7657,31778,1435,153,4372,1384,5502,17,031,805111,17031805111,0.09050541987723651,0.03499542543458371,0.2515448927662668
Census Tract 8051.12; Cook County; Illinois,104188,354300,171,3223,3223,39643,1644,38,1732,593,2284,17,031,805112,17031805112,0.05305615885820664,0.021939953810623556,0.2596322241681261
Census Tract 8052.01; Cook County; Illinois,125321,427500,548,3980,3661,46497,-666666666,60,1869,942,2990,17,031,805201,17031805201,0.1496858781753619,0.03210272873194221,0.31505016722408025
Census Tract 8052.02; Cook County; Illinois,101953,493600,127,3884,3790,61624,1756,81,2275,752,2930,17,031,805202,17031805202,0.03350923482849604,0.03560439560439561,0.2566552901023891
Census Tract 8053.01; Cook County; Illinois,137614,419000,93,3135,3123,46835,1274,67,1450,763,2316,17,031,805301,17031805301,0.029779058597502402,0.046206896551724136,0.32944732297063906
Census Tract 8053.02; Cook County; Illinois,112352,383200,62,3844,3844,48541,1634,82,2058,940,2882,17,031,805302,17031805302,0.016129032258064516,0.03984450923226433,0.32616238723108953
Census Tract 8054.01; Cook County; Illinois,133616,397100,117,4330,4330,55497,1449,192,2539,1449,3317,17,031,805401,17031805401,0.02702078521939954,0.07562032296179598,0.43684051854085015
Census Tract 8054.02; Cook County; Illinois,99184,393400,176,4906,4906,40662,1255,258,2558,1252,3594,17,031,805402,17031805402,0.03587443946188341,0.10086004691164972,0.34835837506956036
Census Tract 8055.01; Cook County; Illinois,115733,536700,201,3661,3472,82926,1454,100,1879,848,2805,17,031,805501,17031805501,0.05789170506912442,0.05321979776476849,0.30231729055258466
Census Tract 8055.02; Cook County; Illinois,162358,690800,79,4242,4236,80786,1750,74,2269,1378,2929,17,031,805502,17031805502,0.018649669499527857,0.03261348611723226,0.4704677364288153
Census Tract 8056; Cook County; Illinois,190714,680100,47,4655,4655,98170,2880,64,2319,1401,3037,17,031,805600,17031805600,0.010096670247046188,0.027598102630444158,0.4613105037866315
Census Tract 8057.01; Cook County; Illinois,215891,550000,150,5291,5291,93389,1839,70,2607,1562,3450,17,031,805701,17031805701,0.02835002835002835,0.02685078634445723,0.4527536231884058
Census Tract 8057.02; Cook County; Illinois,135417,513200,66,2049,2049,68945,1895,34,1156,696,1390,17,031,805702,17031805702,0.032210834553440704,0.029411764705882353,0.5007194244604316
Census Tract 8058.01; Cook County; Illinois,115341,471700,17,2301,2301,73000,2875,85,1208,496,1723,17,031,805801,17031805801,0.007388092133854845,0.07036423841059603,0.2878699941961695
Census Tract 8058.02; Cook County; Illinois,119592,477100,175,5093,5088,63549,1427,107,2816,1406,3328,17,031,805802,17031805802,0.034394654088050314,0.03799715909090909,0.42247596153846156
Census Tract 8059.01; Cook County; Illinois,93167,348700,397,4205,4090,56531,1607,91,2007,735,3442,17,031,805901,17031805901,0.09706601466992665,0.04534130543099153,0.21353864032539221
Census Tract 8059.02; Cook County; Illinois,139531,564000,154,6616,6283,63810,1629,173,3736,1476,4650,17,031,805902,17031805902,0.024510584115868216,0.04630620985010707,0.3174193548387097
Census Tract 8060.01; Cook County; Illinois,66165,214600,428,5616,5616,40971,1360,196,3212,1039,4460,17,031,806001,17031806001,0.07621082621082621,0.06102117061021171,0.2329596412556054
Census Tract 8060.02; Cook County; Illinois,64450,228700,809,7800,7489,37603,1550,186,3480,1163,5161,17,031,806002,17031806002,0.10802510348511149,0.05344827586206897,0.22534392559581476
Census Tract 8060.04; Cook County; Illinois,64681,364700,744,8508,8233,40254,1337,256,4297,1774,6381,17,031,806004,17031806004,0.09036803109437629,0.05957644868512916,0.2780128506503683
Census Tract 8060.05; Cook County; Illinois,-666666666,210800,200,2436,2436,52581,1652,30,1557,187,1821,17,031,806005,17031806005,0.08210180623973727,0.019267822736030827,0.10269082921471719
Census Tract 8060.06; Cook County; Illinois,61658,304300,547,4211,4211,36471,1471,127,2055,639,3337,17,031,806006,17031806006,0.12989788648777012,0.061800486618004864,0.19148936170212766
Census Tract 8061.02; Cook County; Illinois,103212,347900,404,4183,4032,45010,2103,122,2166,828,3100,17,031,806102,17031806102,0.1001984126984127,0.05632502308402586,0.2670967741935484
Census Tract 8061.03; Cook County; Illinois,111450,372700,213,5313,5304,44966,1515,82,2916,1068,3946,17,031,806103,17031806103,0.040158371040723985,0.028120713305898493,0.2706538266599088
Census Tract 8061.04; Cook County; Illinois,49435,261500,1070,5085,4875,30294,1467,342,2494,1247,3292,17,031,806104,17031806104,0.2194871794871795,0.13712910986367283,0.3787970838396112
Census Tract 8062.01; Cook County; Illinois,70343,253000,538,4425,4425,46829,1780,151,2793,1006,3504,17,031,806201,17031806201,0.1215819209039548,0.05406373075546008,0.2871004566210046
Census Tract 8062.02; Cook County; Illinois,77544,277200,539,5251,5248,43332,1582,173,2901,1043,3802,17,031,806202,17031806202,0.10270579268292683,0.05963460875560152,0.2743293003682272
Census Tract 8063; Cook County; Illinois,96415,338200,179,4120,4120,50431,1336,126,2108,804,3078,17,031,806300,17031806300,0.04344660194174757,0.05977229601518026,0.26120857699805067
Census Tract 8064; Cook County; Illinois,126250,354800,65,2408,2408,44077,1168,21,1276,496,1577,17,031,806400,17031806400,0.026993355481727575,0.016457680250783698,0.31452124286620164
Census Tract 8065.01; Cook County; Illinois,89881,316000,203,2581,2581,27535,1637,37,1225,249,1714,17,031,806501,17031806501,0.07865168539325842,0.030204081632653063,0.14527421236872812
Census Tract 8065.02; Cook County; Illinois,87449,309600,230,3855,3855,40119,1409,130,2312,629,2839,17,031,806502,17031806502,0.05966277561608301,0.056228373702422146,0.2215568862275449
Census Tract 8066; Cook County; Illinois,122801,309400,141,3089,3089,45944,1045,22,1721,575,2284,17,031,806600,17031806600,0.045645840077695045,0.012783265543288786,0.2517513134851138
Census Tract 8067; Cook County; Illinois,124803,473800,162,4362,4362,67861,3142,39,2133,1107,2969,17,031,806700,17031806700,0.037138927097661624,0.01828410689170183,0.3728528123947457
Census Tract 8068.01; Cook County; Illinois,78280,358700,475,4163,3784,41148,1716,74,2139,992,3078,17,031,806801,17031806801,0.12552854122621565,0.0345956054230949,0.3222871994801819
Census Tract 8068.02; Cook County; Illinois,121202,465800,74,3387,3387,54162,1589,37,1659,690,2234,17,031,806802,17031806802,0.021848243283141423,0.02230259192284509,0.3088630259623993
Census Tract 8069; Cook County; Illinois,79674,357600,645,5269,5269,46158,1684,142,2802,1450,4161,17,031,806900,17031806900,0.12241412032643766,0.05067808708065667,0.3484739245373708
Census Tract 8070; Cook County; Illinois,49007,292300,848,5029,4835,27152,1474,203,2817,857,3811,17,031,807000,17031807000,0.17538779731127196,0.07206247781327653,0.22487536079769088
Census Tract 8071; Cook County; Illinois,166853,496800,89,3865,3865,61605,1810,78,1711,792,2417,17,031,807100,17031807100,0.023027166882276844,0.04558737580362361,0.3276789408357468
Census Tract 8072; Cook County; Illinois,130783,399500,318,5697,5697,49525,1616,190,3084,1509,3945,17,031,807200,17031807200,0.055818852027382834,0.061608300907911806,0.38250950570342207
Census Tract 8073; Cook County; Illinois,85777,341700,917,8388,8362,43135,1597,136,4007,1759,5793,17,031,807300,17031807300,0.10966276010523798,0.03394060394309958,0.30364232694631454
Census Tract 8074; Cook County; Illinois,88558,405700,528,6582,6582,42984,1456,234,3134,1541,4252,17,031,807400,17031807400,0.08021877848678213,0.07466496490108487,0.36241768579492006
Census Tract 8075; Cook County; Illinois,151490,384600,86,3280,3280,51860,2250,97,1970,868,2540,17,031,807500,17031807500,0.02621951219512195,0.049238578680203045,0.3417322834645669
Census Tract 8076; Cook County; Illinois,116004,361100,524,6531,6531,43869,1983,121,3496,1744,4911,17,031,807600,17031807600,0.08023273618128923,0.03461098398169336,0.35512115658725313
Census Tract 8077; Cook County; Illinois,60671,341800,1557,6320,6316,37987,1284,207,3201,1037,4119,17,031,807700,17031807700,0.24651678277390754,0.06466729147141519,0.251760135955329
Census Tract 8078; Cook County; Illinois,147679,489800,71,2729,2642,57240,3500,76,1394,590,1899,17,031,807800,17031807800,0.026873580620741862,0.054519368723098996,0.31068983675618744
Census Tract 8079; Cook County; Illinois,109866,617800,190,3997,3986,49193,-666666666,135,1850,859,2681,17,031,807900,17031807900,0.047666833918715505,0.07297297297297298,0.32040283476314807
Census Tract 8080.01; Cook County; Illinois,109250,464700,194,3671,3671,82523,2964,179,1852,1039,2902,17,031,808001,17031808001,0.05284663579406156,0.09665226781857451,0.3580289455547898
Census Tract 8080.02; Cook County; Illinois,109519,477800,428,5444,5279,50532,3501,142,2168,1264,3794,17,031,808002,17031808002,0.08107596135631748,0.06549815498154982,0.3331576172904586
Census Tract 8081; Cook County; Illinois,48253,307300,397,3786,3159,38940,1204,34,1138,567,3252,17,031,808100,17031808100,0.12567268122823677,0.029876977152899824,0.17435424354243542
Census Tract 8082; Cook County; Illinois,83885,341200,234,5582,5576,33866,1756,247,2616,892,3686,17,031,808200,17031808200,0.04196556671449068,0.09441896024464831,0.24199674443841562
Census Tract 8083.01; Cook County; Illinois,85556,366200,556,6255,6047,53514,2139,132,2958,1602,4743,17,031,808301,17031808301,0.09194641971225401,0.04462474645030426,0.3377609108159393
Census Tract 8083.02; Cook County; Illinois,78502,331700,691,4196,4152,44022,1844,182,2178,1021,3091,17,031,808302,17031808302,0.16642581888246627,0.08356290174471992,0.3303138142995794
Census Tract 8084; Cook County; Illinois,120761,393700,300,4335,4335,49934,2450,90,2451,921,3228,17,031,808400,17031808400,0.06920415224913495,0.03671970624235006,0.2853159851301115
Census Tract 8085; Cook County; Illinois,150406,426500,213,4326,4326,56428,2221,132,2202,1022,2918,17,031,808500,17031808500,0.049237170596393896,0.05994550408719346,0.35023989033584646
Census Tract 8086; Cook County; Illinois,164063,922100,136,2453,2453,110131,2468,42,1285,627,1726,17,031,808600,17031808600,0.05544231553200163,0.03268482490272374,0.36326767091541134
Census Tract 8087.02; Cook County; Illinois,62355,217900,164,5671,814,13869,1382,235,2176,241,740,17,031,808702,17031808702,0.20147420147420148,0.10799632352941177,0.3256756756756757
Census Tract 8088; Cook County; Illinois,169625,955900,172,3990,3492,156711,1759,124,2122,777,2709,17,031,808800,17031808800,0.049255441008018326,0.058435438265786996,0.2868217054263566
Census Tract 8089; Cook County; Illinois,193864,610700,125,4215,4194,95951,1929,41,2339,1074,3062,17,031,808900,17031808900,0.029804482594182165,0.017528858486532708,0.35075114304376226
Census Tract 8090; Cook County; Illinois,194375,820900,212,4057,3704,109819,3501,48,1627,950,3063,17,031,809000,17031809000,0.05723542116630669,0.02950215119852489,0.3101534443356187
Census Tract 8091; Cook County; Illinois,114211,659000,491,3589,3518,90999,1640,139,1741,971,2635,17,031,809100,17031809100,0.13956793632745879,0.07983917288914417,0.36850094876660344
Census Tract 8092; Cook County; Illinois,53579,401900,1049,4579,4575,29771,1610,130,2090,474,2758,17,031,809200,17031809200,0.2292896174863388,0.06220095693779904,0.17186366932559827
Census Tract 8093; Cook County; Illinois,46458,659400,963,4523,4164,52345,1726,65,2143,616,2335,17,031,809300,17031809300,0.23126801152737753,0.03033131124591694,0.2638115631691649
Census Tract 8094.01; Cook County; Illinois,97838,457100,296,3285,3097,79137,1795,114,1524,965,2613,17,031,809401,17031809401,0.09557636422344204,0.07480314960629922,0.3693073096058171
Census Tract 8094.02; Cook County; Illinois,45208,394100,986,2915,2683,70891,2660,131,1099,745,1759,17,031,809402,17031809402,0.3674990682072307,0.1191992720655141,0.4235361000568505
Census Tract 8095; Cook County; Illinois,70074,587200,587,4238,4141,56601,1872,77,2532,1191,3015,17,031,809500,17031809500,0.1417531997102149,0.030410742496050552,0.39502487562189054
Census Tract 8096; Cook County; Illinois,80461,521000,221,2937,2937,56392,2063,83,1515,631,2279,17,031,809600,17031809600,0.0752468505277494,0.05478547854785479,0.2768758227292672
Census Tract 8097; Cook County; Illinois,140714,418900,141,3519,3509,58392,2021,99,1757,577,2465,17,031,809700,17031809700,0.04018238814477059,0.056346044393853156,0.23407707910750508
Census Tract 8098; Cook County; Illinois,80995,768200,261,2622,2346,67625,1451,76,1316,421,1850,17,031,809800,17031809800,0.11125319693094629,0.057750759878419454,0.22756756756756757
Census Tract 8099; Cook County; Illinois,115151,504400,296,2757,2754,81498,1874,63,1486,679,1962,17,031,809900,17031809900,0.1074800290486565,0.0423956931359354,0.34607543323139656
Census Tract 8100; Cook County; Illinois,111237,345900,596,5104,5104,80532,1784,131,3402,1442,4216,17,031,810000,17031810000,0.11677115987460815,0.03850676072898295,0.3420303605313093
Census Tract 8101; Cook County; Illinois,94337,431500,180,4381,4354,72036,1515,177,3038,1133,3097,17,031,810100,17031810100,0.04134129536058796,0.05826201448321264,0.365837907652567
Census Tract 8102; Cook County; Illinois,78897,230600,1012,6470,6470,41683,1541,235,4043,822,4828,17,031,810200,17031810200,0.15641421947449768,0.058125154588177096,0.17025683512841758
Census Tract 8103.01; Cook County; Illinois,96960,416900,255,4087,3991,41011,1440,478,2491,754,2879,17,031,810301,17031810301,0.06389376096216487,0.1918908069048575,0.26189649183744357
Census Tract 8103.02; Cook County; Illinois,133906,435900,117,3401,3253,57548,1855,55,1894,593,2340,17,031,810302,17031810302,0.03596679987703658,0.02903907074973601,0.2534188034188034
Census Tract 8104; Cook County; Illinois,160500,491600,107,5496,5496,62546,2243,151,2920,1368,3929,17,031,810400,17031810400,0.019468704512372634,0.05171232876712329,0.3481801985237974
Census Tract 8105.01; Cook County; Illinois,90903,375300,239,5110,4887,58749,1763,136,2308,838,3906,17,031,810501,17031810501,0.04890525885001023,0.058925476603119586,0.21454173067076293
Census Tract 8105.02; Cook County; Illinois,78750,378700,358,5740,5453,37121,1303,186,2937,730,4325,17,031,810502,17031810502,0.06565193471483587,0.06332992849846783,0.16878612716763006
Census Tract 8106; Cook County; Illinois,83798,347000,219,4731,4731,43334,1192,117,2414,643,3218,17,031,810600,17031810600,0.046290424857324035,0.048467274233637114,0.19981354878806712
Census Tract 8107.01; Cook County; Illinois,64410,306400,888,4627,4627,34248,1188,137,2735,378,3518,17,031,810701,17031810701,0.19191700886103308,0.05009140767824497,0.10744741330301308
Census Tract 8107.02; Cook County; Illinois,93789,248100,214,4301,4111,36394,1372,192,2434,612,3218,17,031,810702,17031810702,0.052055460958404284,0.07888249794576828,0.19018023617153512
Census Tract 8108; Cook County; Illinois,98000,344100,168,5154,5144,44042,1385,172,2568,584,3333,17,031,810800,17031810800,0.03265940902021773,0.06697819314641744,0.17521752175217523
Census Tract 8109; Cook County; Illinois,59719,323200,414,5688,5633,43320,1335,124,2994,993,4163,17,031,810900,17031810900,0.07349547310491746,0.041416165664662656,0.23852990631755946
Census Tract 8110; Cook County; Illinois,109844,411000,199,4098,4098,56815,2259,126,2001,762,3060,17,031,811000,17031811000,0.04856027330405076,0.06296851574212893,0.24901960784313726
Census Tract 8111; Cook County; Illinois,67254,226400,396,7184,7181,31902,1277,188,3484,993,4758,17,031,811100,17031811100,0.05514552290767303,0.0539609644087256,0.20870113493064313
Census Tract 8112; Cook County; Illinois,73503,261000,798,5146,5146,34503,1143,143,2706,561,3628,17,031,811200,17031811200,0.1550719005052468,0.052845528455284556,0.15463065049614114
Census Tract 8113.01; Cook County; Illinois,70866,263400,276,4012,4012,29399,1248,108,2018,304,2810,17,031,811301,17031811301,0.06879361914257229,0.053518334985133795,0.10818505338078292
Census Tract 8113.02; Cook County; Illinois,62753,233000,823,3610,3598,24212,1230,256,2196,130,2516,17,031,811302,17031811302,0.22873818788215675,0.11657559198542805,0.051669316375198726
Census Tract 8114.01; Cook County; Illinois,84261,316300,284,4746,4743,35653,1107,88,2985,503,3300,17,031,811401,17031811401,0.059877714526670886,0.02948073701842546,0.15242424242424243
Census Tract 8114.02; Cook County; Illinois,87250,287500,194,4189,4133,31424,1161,124,2061,352,2749,17,031,811402,17031811402,0.04693926929591096,0.060164968461911696,0.1280465623863223
Census Tract 8115; Cook County; Illinois,81067,283600,457,6236,6236,29947,1080,345,3385,737,3924,17,031,811500,17031811500,0.0732841565105837,0.1019202363367799,0.18781855249745158
Census Tract 8116; Cook County; Illinois,64617,294900,144,5557,5550,35352,1236,118,3313,711,3898,17,031,811600,17031811600,0.025945945945945945,0.0356172653184425,0.18240123140071832
Census Tract 8117.01; Cook County; Illinois,75361,267700,451,2969,2949,34737,1039,73,1796,167,1934,17,031,811701,17031811701,0.1529331976941336,0.04064587973273942,0.08634953464322648
Census Tract 8117.02; Cook County; Illinois,76912,223100,633,5456,5435,33592,1083,155,2858,228,3622,17,031,811702,17031811702,0.11646734130634774,0.05423372988103569,0.06294864715626726
Census Tract 8118; Cook County; Illinois,100577,275000,359,5660,5353,31404,2295,133,2777,513,4099,17,031,811800,17031811800,0.0670651970857463,0.04789341015484336,0.12515247621371067
Census Tract 8119; Cook County; Illinois,179808,816100,201,6194,5254,79429,1399,164,2830,1047,3612,17,031,811900,17031811900,0.03825656642558051,0.057950530035335686,0.2898671096345515
Census Tract 8120; Cook County; Illinois,122227,569900,100,5798,5787,104268,1684,313,3083,1095,4149,17,031,812000,17031812000,0.017280110592707794,0.10152448913396042,0.26391901663051337
Census Tract 8121; Cook County; Illinois,141111,446200,172,4614,4614,66682,1199,176,2632,779,2947,17,031,812100,17031812100,0.03727785002167317,0.0668693009118541,0.2643366135052596
Census Tract 8122; Cook County; Illinois,214667,700800,210,3759,3696,93832,-666666666,125,1941,719,2474,17,031,812200,17031812200,0.056818181818181816,0.06439979392065945,0.2906224737267583
Census Tract 8123.01; Cook County; Illinois,89669,245300,509,5552,5484,74045,2394,80,3279,1716,4599,17,031,812301,17031812301,0.09281546316557257,0.024397682220189083,0.3731245923026745
Census Tract 8123.02; Cook County; Illinois,158864,535100,58,2707,2564,82816,1244,40,1304,516,1930,17,031,812302,17031812302,0.02262090483619345,0.03067484662576687,0.26735751295336785
Census Tract 8124; Cook County; Illinois,238472,690400,89,3317,3317,99486,2192,140,1620,731,2212,17,031,812400,17031812400,0.02683147422369611,0.08641975308641975,0.33047016274864377
Census Tract 8125; Cook County; Illinois,66757,456700,346,3377,3365,62882,1194,115,1885,526,2446,17,031,812500,17031812500,0.10282317979197622,0.0610079575596817,0.21504497138184792
Census Tract 8126; Cook County; Illinois,77083,372600,338,3553,3538,62964,1394,197,2075,1165,2635,17,031,812600,17031812600,0.09553420011305823,0.09493975903614457,0.44212523719165087
Census Tract 8127; Cook County; Illinois,97902,306400,299,3259,3259,74852,1338,108,2062,787,2417,17,031,812700,17031812700,0.0917459343356858,0.052376333656644035,0.3256102606537029
Census Tract 8128.01; Cook County; Illinois,75735,281100,529,3255,3255,62659,1500,180,1936,963,2640,17,031,812801,17031812801,0.16251920122887864,0.09297520661157024,0.36477272727272725
Census Tract 8128.02; Cook County; Illinois,101106,286100,90,2776,2776,55876,1438,20,1465,613,1752,17,031,812802,17031812802,0.032420749279538905,0.013651877133105802,0.3498858447488584
Census Tract 8129; Cook County; Illinois,141750,495500,607,4706,4671,66554,1450,45,2486,1212,3016,17,031,812900,17031812900,0.12995076000856348,0.018101367658889783,0.40185676392572944
Census Tract 8130; Cook County; Illinois,170286,481600,177,3678,3678,73104,1304,49,2005,717,2367,17,031,813000,17031813000,0.04812398042414356,0.024438902743142144,0.302915082382763
Census Tract 8131; Cook County; Illinois,116250,416500,200,4256,4249,65891,1409,88,2464,1153,3154,17,031,813100,17031813100,0.04706989879971758,0.03571428571428571,0.36556753329105895
Census Tract 8132; Cook County; Illinois,140346,480900,314,4483,4483,61520,1412,283,2322,1051,2811,17,031,813200,17031813200,0.07004238233325898,0.12187769164513351,0.3738882959800783
Census Tract 8133.01; Cook County; Illinois,52422,172400,313,2758,2758,22548,1175,144,1542,138,1533,17,031,813301,17031813301,0.11348803480783176,0.0933852140077821,0.09001956947162426
Census Tract 8133.02; Cook County; Illinois,61250,225500,709,3062,3062,23134,1097,16,1500,51,1955,17,031,813302,17031813302,0.23154800783801438,0.010666666666666666,0.02608695652173913
Census Tract 8134; Cook County; Illinois,83099,256600,1457,8309,8156,26021,1114,293,4001,413,4673,17,031,813400,17031813400,0.17864149092692497,0.07323169207698076,0.08838005563877595
Census Tract 8135; Cook County; Illinois,78890,284500,867,6481,6433,31425,1060,173,3638,310,4443,17,031,813500,17031813500,0.13477382247784858,0.047553600879604176,0.06977267611973892
Census Tract 8136; Cook County; Illinois,56846,285700,669,5084,5074,24299,1166,80,2484,135,3024,17,031,813600,17031813600,0.13184864012613323,0.0322061191626409,0.044642857142857144
Census Tract 8137.01; Cook County; Illinois,55250,223600,363,3112,3112,24325,1202,68,1588,140,1956,17,031,813701,17031813701,0.1166452442159383,0.042821158690176324,0.07157464212678936
Census Tract 8137.02; Cook County; Illinois,78750,291000,412,4282,4270,29247,1289,145,2488,108,2820,17,031,813702,17031813702,0.09648711943793911,0.05827974276527331,0.03829787234042553
Census Tract 8138.01; Cook County; Illinois,52218,235500,622,3090,3080,21992,1103,53,1574,106,1853,17,031,813801,17031813801,0.20194805194805196,0.033672172808132145,0.057204533189422556
Census Tract 8138.02; Cook County; Illinois,76250,243800,968,4985,4939,25645,1185,69,2448,316,2895,17,031,813802,17031813802,0.19599109131403117,0.028186274509803922,0.10915371329879102
Census Tract 8139; Cook County; Illinois,79180,259700,667,6419,6051,22322,1142,90,2933,292,4256,17,031,813900,17031813900,0.1102297140968435,0.03068530514831231,0.06860902255639098
Census Tract 8140; Cook County; Illinois,62566,253700,611,4666,4547,27568,1094,221,2504,372,2919,17,031,814000,17031814000,0.13437431273367056,0.08825878594249201,0.12744090441932168
Census Tract 8141; Cook County; Illinois,61867,253700,526,4662,4662,25166,1149,128,2284,249,2930,17,031,814100,17031814100,0.11282711282711283,0.05604203152364273,0.08498293515358361
Census Tract 8142; Cook County; Illinois,74178,194900,1202,8078,7992,23672,1204,187,4323,356,4961,17,031,814200,17031814200,0.1504004004004004,0.043256997455470736,0.07175972586172143
Census Tract 8143; Cook County; Illinois,53991,253200,1272,4631,4631,23599,1075,128,2138,97,2719,17,031,814300,17031814300,0.27467069747354783,0.05986903648269411,0.03567488047076131
Census Tract 8144; Cook County; Illinois,74173,232200,1156,7581,7398,25364,1317,203,3344,527,4886,17,031,814400,17031814400,0.15625844822925114,0.060705741626794256,0.10785918952108065
Census Tract 8145; Cook County; Illinois,92344,260500,97,5597,5139,28581,1219,53,2678,238,3518,17,031,814500,17031814500,0.018875267561782448,0.019790888722927558,0.06765207504263786
Census Tract 8146; Cook County; Illinois,102987,280500,666,5278,5278,36217,1151,235,2893,723,3635,17,031,814600,17031814600,0.1261841606669193,0.08123055651572762,0.19889958734525448
Census Tract 8147; Cook County; Illinois,79576,276100,623,5348,5348,31656,1194,188,2752,613,3772,17,031,814700,17031814700,0.11649214659685864,0.06831395348837209,0.16251325556733828
Census Tract 8148; Cook County; Illinois,66724,340800,821,6671,6671,30432,1296,421,3764,535,4689,17,031,814800,17031814800,0.1230700044970769,0.11184909670563231,0.11409682235018127
Census Tract 8149; Cook County; Illinois,62336,343800,689,6824,6824,33114,1138,275,4402,986,4940,17,031,814900,17031814900,0.10096717467760843,0.06247160381644707,0.19959514170040485
Census Tract 8150; Cook County; Illinois,82648,329700,259,4113,4113,31802,1360,104,2465,279,2787,17,031,815000,17031815000,0.06297106734743496,0.042190669371196754,0.10010764262648009
Census Tract 8151; Cook County; Illinois,86262,289500,645,4165,4156,34164,1385,215,2297,363,2864,17,031,815100,17031815100,0.1551973051010587,0.09360034828036569,0.1267458100558659
Census Tract 8152; Cook County; Illinois,69775,256500,429,6647,6647,35914,1280,65,3588,592,4456,17,031,815200,17031815200,0.0645403941627802,0.018115942028985508,0.13285457809694792
Census Tract 8153; Cook County; Illinois,102361,282500,191,3616,3616,55388,1313,201,2101,713,2619,17,031,815300,17031815300,0.05282079646017699,0.09566872917658258,0.2722413134784269
Census Tract 8154; Cook County; Illinois,62592,315100,657,5476,5387,39886,1127,59,3233,761,4007,17,031,815400,17031815400,0.12196027473547429,0.01824930405196412,0.18991764412278514
Census Tract 8155; Cook County; Illinois,88244,298600,1056,7457,7457,28887,1638,403,3839,611,4257,17,031,815500,17031815500,0.14161190827410486,0.10497525397238865,0.14352830631900398
Census Tract 8156; Cook County; Illinois,76667,296700,317,5363,5301,42511,1345,9,2562,944,3600,17,031,815600,17031815600,0.05980003772873043,0.00351288056206089,0.26222222222222225
Census Tract 8157.01; Cook County; Illinois,186667,510700,249,3891,3891,68801,-666666666,48,1887,806,2579,17,031,815701,17031815701,0.06399383191981496,0.025437201907790145,0.31252423419930203
Census Tract 8157.02; Cook County; Illinois,147694,489400,55,5047,5047,69268,1494,40,2702,1631,3676,17,031,815702,17031815702,0.01089756290865861,0.014803849000740192,0.4436887921653972
Census Tract 8158; Cook County; Illinois,113958,402000,113,1941,1913,56733,2042,48,997,306,1293,17,031,815800,17031815800,0.05906952430737062,0.048144433299899696,0.23665893271461716
Census Tract 8159; Cook County; Illinois,76875,218200,622,4746,4707,64036,1334,85,2977,1292,4011,17,031,815900,17031815900,0.13214361589122584,0.028552233792408465,0.32211418598853153
Census Tract 8160; Cook County; Illinois,90644,384400,304,3164,3164,64971,1489,92,1980,699,2315,17,031,816000,17031816000,0.09608091024020228,0.046464646464646465,0.3019438444924406
Census Tract 8161; Cook County; Illinois,70225,311300,653,6033,5774,41830,1344,172,2884,1074,4392,17,031,816100,17031816100,0.11309317630758572,0.059639389736477116,0.24453551912568305
Census Tract 8162; Cook County; Illinois,75735,320400,226,4212,4136,47225,1122,163,2122,605,2997,17,031,816200,17031816200,0.054642166344294,0.0768143261074458,0.20186853520186854
Census Tract 8163; Cook County; Illinois,66331,277800,864,4670,4659,29325,1308,47,2381,263,3073,17,031,816300,17031816300,0.1854475209272376,0.019739605207895843,0.08558411975268468
Census Tract 8164.01; Cook County; Illinois,92537,306800,194,3838,3838,27785,1222,134,2000,186,2564,17,031,816401,17031816401,0.05054715997915581,0.067,0.07254290171606864
Census Tract 8164.02; Cook County; Illinois,59792,243000,482,5174,5147,22948,1162,71,2366,225,2986,17,031,816402,17031816402,0.0936467845346804,0.030008453085376162,0.0753516409912927
Census Tract 8165; Cook County; Illinois,63328,-666666666,463,4052,4052,30216,947,80,2361,190,2879,17,031,816500,17031816500,0.11426456071076012,0.0338839474798814,0.06599513720041682
Census Tract 8166; Cook County; Illinois,66120,243200,523,4222,4222,21964,1412,120,1978,209,2340,17,031,816600,17031816600,0.12387494078635718,0.06066734074823053,0.08931623931623932
Census Tract 8167; Cook County; Illinois,68177,242600,266,2697,2697,26680,982,83,1368,166,1890,17,031,816700,17031816700,0.09862810530218762,0.06067251461988304,0.08783068783068783
Census Tract 8168; Cook County; Illinois,85521,246900,1019,5534,5416,32971,1456,94,2636,370,3815,17,031,816800,17031816800,0.18814623338257017,0.03566009104704097,0.09698558322411534
Census Tract 8169; Cook County; Illinois,103816,225900,436,5630,5630,31323,1454,222,3309,612,3815,17,031,816900,17031816900,0.07744227353463588,0.06708975521305531,0.16041939711664482
Census Tract 8170; Cook County; Illinois,78549,238900,331,4975,4811,32328,1316,114,2581,489,3315,17,031,817000,17031817000,0.06880066514238205,0.04416892677256877,0.14751131221719457
Census Tract 8171.01; Cook County; Illinois,71134,232200,1045,4884,4884,29080,1208,150,2337,297,3456,17,031,817101,17031817101,0.21396396396396397,0.06418485237483953,0.0859375
Census Tract 8171.02; Cook County; Illinois,71621,226900,299,2767,2767,34187,1301,117,1292,210,1964,17,031,817102,17031817102,0.1080592699674738,0.09055727554179567,0.10692464358452139
Census Tract 8172; Cook County; Illinois,63067,228200,597,4387,4387,25000,1268,55,1956,420,2762,17,031,817200,17031817200,0.136083884203328,0.028118609406952964,0.15206372194062273
Census Tract 8173; Cook County; Illinois,66875,183300,366,2687,2686,26125,1705,121,1312,155,1598,17,031,817300,17031817300,0.13626209977661952,0.09222560975609756,0.0969962453066333
Census Tract 8174; Cook County; Illinois,99018,265900,417,3143,3143,34050,1445,124,1514,210,2003,17,031,817400,17031817400,0.13267578746420616,0.08190224570673713,0.10484273589615577
Census Tract 8175; Cook County; Illinois,49985,230000,745,3872,3872,27955,1019,68,1585,349,2467,17,031,817500,17031817500,0.19240702479338842,0.04290220820189274,0.14146736927442238
Census Tract 8176; Cook County; Illinois,52317,225500,988,4076,4026,21235,1033,306,1723,298,2605,17,031,817600,17031817600,0.24540486835568803,0.1775972141613465,0.1143953934740883
Census Tract 8177; Cook County; Illinois,87970,230700,474,5036,5036,31206,1653,116,2191,394,3250,17,031,817700,17031817700,0.09412231930103257,0.05294386125057052,0.12123076923076923
Census Tract 8179; Cook County; Illinois,61250,259000,572,5807,5781,34321,1070,252,3011,480,4229,17,031,817900,17031817900,0.09894481923542639,0.08369312520757223,0.11350200993142587
Census Tract 8180; Cook County; Illinois,65641,272900,477,4180,4169,42985,1205,76,1833,435,2842,17,031,818000,17031818000,0.11441592708083473,0.041462084015275506,0.15306122448979592
Census Tract 8181; Cook County; Illinois,112292,331800,25,2167,2167,63825,1921,29,1240,552,1691,17,031,818100,17031818100,0.011536686663590217,0.02338709677419355,0.3264340626848019
Census Tract 8182; Cook County; Illinois,110625,299900,404,4621,4607,54717,1728,186,2845,750,3293,17,031,818200,17031818200,0.08769264163229867,0.06537785588752197,0.22775584573337382
Census Tract 8183; Cook County; Illinois,73929,240600,352,6096,5936,34188,1173,68,3692,752,4477,17,031,818300,17031818300,0.05929919137466307,0.018418201516793065,0.16796962251507705
Census Tract 8184.01; Cook County; Illinois,86827,301400,197,3430,3361,43261,1214,142,2068,490,2624,17,031,818401,17031818401,0.058613507884558165,0.06866537717601548,0.18673780487804878
Census Tract 8184.02; Cook County; Illinois,72112,315300,225,3368,3368,43072,1638,179,1711,855,2598,17,031,818402,17031818402,0.06680522565320665,0.10461718293395675,0.32909930715935337
Census Tract 8185; Cook County; Illinois,86598,347000,194,5068,4980,55984,1726,62,2285,1219,4293,17,031,818500,17031818500,0.03895582329317269,0.027133479212253828,0.2839506172839506
Census Tract 8186; Cook County; Illinois,102448,387800,269,4758,4753,59577,1220,56,2689,939,3331,17,031,818600,17031818600,0.05659583420997265,0.020825585719598364,0.28189732812969076
Census Tract 8187; Cook County; Illinois,125120,321100,127,3618,3618,55298,1463,31,1923,577,2654,17,031,818700,17031818700,0.03510226644555003,0.01612064482579303,0.2174076865109269
Census Tract 8188; Cook County; Illinois,114614,340100,181,5524,5524,53196,1085,54,3025,1192,3732,17,031,818800,17031818800,0.03276611151339609,0.01785123966942149,0.31939978563772775
Census Tract 8189; Cook County; Illinois,103389,406900,275,4595,4353,48698,1546,109,2329,991,3474,17,031,818900,17031818900,0.06317482196186539,0.04680120223271791,0.28526194588370757
Census Tract 8190; Cook County; Illinois,185217,662700,103,4659,4587,70478,1964,81,2215,1020,3004,17,031,819000,17031819000,0.022454763461957707,0.036568848758465014,0.3395472703062583
Census Tract 8191; Cook County; Illinois,47216,237800,845,4222,4222,31679,1145,100,2131,345,3088,17,031,819100,17031819100,0.20014211274277593,0.04692632566870014,0.11172279792746113
Census Tract 8192; Cook County; Illinois,95500,265300,596,6252,6252,32769,1408,143,3143,421,4142,17,031,819200,17031819200,0.09532949456174024,0.04549793191218581,0.10164171897633993
Census Tract 8193; Cook County; Illinois,106917,303200,409,2666,2665,43553,1265,14,1295,686,1920,17,031,819300,17031819300,0.15347091932457785,0.010810810810810811,0.3572916666666667
Census Tract 8194; Cook County; Illinois,77028,319600,213,5582,5582,47866,1428,193,3131,748,3898,17,031,819400,17031819400,0.03815836617699749,0.06164164803577132,0.19189327860441252
Census Tract 8195; Cook County; Illinois,93224,329800,255,3266,3218,66532,1932,10,1816,677,2434,17,031,819500,17031819500,0.07924176507147296,0.005506607929515419,0.27814297452752673
Census Tract 8196; Cook County; Illinois,213750,601800,173,4129,4129,80505,2241,37,2268,894,2638,17,031,819600,17031819600,0.041898764834100266,0.016313932980599646,0.3388931008339651
Census Tract 8197; Cook County; Illinois,227901,762800,135,5607,5578,98756,1067,79,2878,1636,3381,17,031,819700,17031819700,0.024202223019003228,0.027449617790132035,0.4838805087252292
Census Tract 8198.01; Cook County; Illinois,232716,752200,54,5082,5079,100822,1925,101,2353,1659,3143,17,031,819801,17031819801,0.010632014176018901,0.042923926901827454,0.5278396436525612
Census Tract 8198.02; Cook County; Illinois,206125,731100,29,2401,2401,141147,2803,15,1116,754,1650,17,031,819802,17031819802,0.012078300708038317,0.013440860215053764,0.45696969696969697
Census Tract 8199; Cook County; Illinois,240625,776200,51,3287,3287,87285,-666666666,41,1395,795,1842,17,031,819900,17031819900,0.015515667782172194,0.02939068100358423,0.43159609120521175
Census Tract 8200; Cook County; Illinois,250001,1089700,117,2121,2121,118606,3501,48,957,452,1300,17,031,820000,17031820000,0.055162659123055166,0.050156739811912224,0.3476923076923077
Census Tract 8201.01; Cook County; Illinois,124334,518900,357,7696,7289,87095,1750,154,3181,1981,5773,17,031,820101,17031820101,0.04897791192207436,0.0484124489154354,0.343149142560194
Census Tract 8201.03; Cook County; Illinois,92539,416300,245,4227,4175,56174,1538,90,2256,1025,3010,17,031,820103,17031820103,0.058682634730538925,0.0398936170212766,0.34053156146179403
Census Tract 8201.04; Cook County; Illinois,84615,370300,392,4664,4653,49011,1434,152,2553,684,3205,17,031,820104,17031820104,0.08424672254459488,0.05953779866823345,0.21341653666146645
Census Tract 8202.02; Cook County; Illinois,78182,180600,316,3239,3224,36825,1121,97,1521,217,2274,17,031,820202,17031820202,0.09801488833746898,0.06377383300460224,0.09542656112576957
Census Tract 8202.03; Cook County; Illinois,129000,490600,196,3724,3724,64584,-666666666,19,1711,701,2548,17,031,820203,17031820203,0.05263157894736842,0.011104617182933957,0.2751177394034537
Census Tract 8202.04; Cook County; Illinois,101838,470800,323,4810,4810,92040,1170,143,2784,1062,3941,17,031,820204,17031820204,0.06715176715176716,0.051364942528735635,0.26947475260086273
Census Tract 8203; Cook County; Illinois,73494,240000,702,6308,6308,34067,1256,124,3174,469,4088,17,031,820300,17031820300,0.11128725428027901,0.039067422810333964,0.11472602739726027
Census Tract 8204; Cook County; Illinois,53580,224300,512,4538,4530,32373,994,154,1838,356,3423,17,031,820400,17031820400,0.1130242825607064,0.08378672470076169,0.10400233713117149
Census Tract 8205.01; Cook County; Illinois,74614,295300,430,5169,5166,36953,972,182,2617,509,3595,17,031,820501,17031820501,0.0832365466511808,0.06954528085594192,0.1415855354659249
Census Tract 8205.02; Cook County; Illinois,62301,256600,823,5873,5321,28075,1133,206,2871,497,4323,17,031,820502,17031820502,0.15467017477917686,0.07175200278648554,0.11496645847790886
Census Tract 8206.03; Cook County; Illinois,64630,213500,1104,5563,5505,28181,1602,141,2683,357,3638,17,031,820603,17031820603,0.2005449591280654,0.05255311218784942,0.09813084112149532
Census Tract 8206.04; Cook County; Illinois,51224,215900,771,3648,3648,28908,1189,161,1743,213,2485,17,031,820604,17031820604,0.21134868421052633,0.09236947791164658,0.08571428571428572
Census Tract 8206.05; Cook County; Illinois,63137,239200,1172,4823,4823,31113,1253,249,3113,357,2923,17,031,820605,17031820605,0.2430022807381298,0.07998715065852875,0.12213479302086896
Census Tract 8206.06; Cook County; Illinois,100694,305200,236,3716,3687,52086,1529,96,2272,460,2841,17,031,820606,17031820606,0.06400867914293464,0.04225352112676056,0.16191481872580077
Census Tract 8207; Cook County; Illinois,66942,244900,850,6952,6910,35040,1154,164,3377,768,4532,17,031,820700,17031820700,0.12301013024602026,0.04856381403612674,0.16946160635481025
Census Tract 8208; Cook County; Illinois,87025,275500,134,3403,3403,30221,1236,49,1657,266,2143,17,031,820800,17031820800,0.03937702027622686,0.029571514785757393,0.1241250583294447
Census Tract 8209.01; Cook County; Illinois,74233,248500,570,5278,5278,27838,1436,70,2493,337,3551,17,031,820901,17031820901,0.10799545282303903,0.02807862013638187,0.09490284426921994
Census Tract 8209.02; Cook County; Illinois,86065,247500,730,5803,5791,25930,1607,338,2856,267,3290,17,031,820902,17031820902,0.12605767570367812,0.11834733893557423,0.08115501519756839
Census Tract 8210.01; Cook County; Illinois,51685,266900,789,5069,5069,27183,1211,187,2560,405,3431,17,031,821001,17031821001,0.15565200236733084,0.073046875,0.11804138735062664
Census Tract 8210.02; Cook County; Illinois,73271,269600,1075,5009,4936,35962,1211,317,2409,397,3470,17,031,821002,17031821002,0.21778768233387358,0.13158987131589872,0.11440922190201729
Census Tract 8211.01; Cook County; Illinois,103409,310200,410,4482,4348,38275,1167,94,2176,469,3251,17,031,821101,17031821101,0.09429622815087396,0.043198529411764705,0.14426330359889264
Census Tract 8211.02; Cook County; Illinois,100000,316800,322,4511,4511,33416,1144,22,2208,343,3054,17,031,821102,17031821102,0.07138106849922411,0.009963768115942028,0.1123117223313687
Census Tract 8212; Cook County; Illinois,39594,208000,831,5296,5261,28462,998,785,3346,859,4351,17,031,821200,17031821200,0.1579547614521954,0.23460848774656307,0.197425879108251
Census Tract 8213; Cook County; Illinois,50063,175400,1092,5753,5753,24690,1082,243,2859,502,4155,17,031,821300,17031821300,0.18981401008169652,0.08499475341028331,0.12081829121540313
Census Tract 8214.01; Cook County; Illinois,50946,186500,542,2243,2226,28337,1452,249,1182,200,1570,17,031,821401,17031821401,0.24348607367475292,0.21065989847715735,0.12738853503184713
Census Tract 8214.02; Cook County; Illinois,71058,182200,309,3450,3450,25683,1157,275,1748,336,2225,17,031,821402,17031821402,0.08956521739130435,0.15732265446224256,0.15101123595505617
Census Tract 8215; Cook County; Illinois,35361,91700,515,1344,1319,17091,1336,78,567,52,756,17,031,821500,17031821500,0.3904473085670963,0.13756613756613756,0.06878306878306878
Census Tract 8216; Cook County; Illinois,82955,247600,174,4132,4132,41435,1438,69,2439,689,2931,17,031,821600,17031821600,0.04211035818005808,0.028290282902829027,0.2350733538041624
Census Tract 8217; Cook County; Illinois,113088,281700,102,4690,4690,53386,-666666666,124,2299,880,3178,17,031,821700,17031821700,0.021748400852878463,0.053936494127881686,0.27690371302706107
Census Tract 8218; Cook County; Illinois,91815,269100,165,5483,5483,41877,1324,270,3025,1275,3724,17,031,821800,17031821800,0.030093014772934523,0.08925619834710743,0.34237379162191195
Census Tract 8219; Cook County; Illinois,103192,271000,332,5115,5018,39691,1616,143,2511,875,3341,17,031,821900,17031821900,0.06616181745715424,0.05694942254082039,0.2618976354384915
Census Tract 8220; Cook County; Illinois,61101,173400,292,4215,4215,32820,678,44,2162,330,2970,17,031,822000,17031822000,0.06927639383155397,0.020351526364477335,0.1111111111111111
Census Tract 8221.01; Cook County; Illinois,88906,256000,225,4437,4437,38024,-666666666,227,2413,442,2970,17,031,822101,17031822101,0.05070993914807302,0.09407376709490262,0.14882154882154883
Census Tract 8221.02; Cook County; Illinois,69261,210600,295,4328,4269,41734,1175,89,2392,600,3209,17,031,822102,17031822102,0.06910283438744437,0.037207357859531776,0.1869741352446245
Census Tract 8222; Cook County; Illinois,88000,279300,648,3610,3600,33362,1704,192,1911,389,2511,17,031,822200,17031822200,0.18,0.10047095761381476,0.15491835921943448
Census Tract 8223.01; Cook County; Illinois,108750,292800,192,3619,3619,38814,-666666666,88,1881,434,2552,17,031,822301,17031822301,0.05305332964907433,0.04678362573099415,0.1700626959247649
Census Tract 8223.02; Cook County; Illinois,96683,243400,188,4942,4709,36272,1283,106,2432,723,3704,17,031,822302,17031822302,0.0399235506476959,0.04358552631578947,0.19519438444924406
Census Tract 8224; Cook County; Illinois,60086,280700,1758,6325,6325,33473,1503,60,2829,613,3709,17,031,822400,17031822400,0.27794466403162055,0.021208907741251327,0.16527365866810462
Census Tract 8225; Cook County; Illinois,100417,282900,136,4225,4171,41732,1137,114,2101,618,3178,17,031,822500,17031822500,0.032606089666746586,0.054259876249405044,0.19446192573945878
Census Tract 8226.01; Cook County; Illinois,96471,299100,243,4337,4301,41354,1563,44,2287,591,2924,17,031,822601,17031822601,0.05649848872355266,0.019239177962396152,0.2021203830369357
Census Tract 8226.02; Cook County; Illinois,71677,308400,1293,7709,7709,40595,1347,212,3822,1234,5390,17,031,822602,17031822602,0.16772603450512388,0.0554683411826269,0.22894248608534323
Census Tract 8227.01; Cook County; Illinois,69819,224900,777,4895,4516,37147,1368,156,2126,970,2976,17,031,822701,17031822701,0.1720549158547387,0.07337723424270931,0.32594086021505375
Census Tract 8227.02; Cook County; Illinois,74801,322300,132,3193,3193,55441,1159,46,1626,419,2377,17,031,822702,17031822702,0.0413404321954275,0.028290282902829027,0.17627261253681112
Census Tract 8228.01; Cook County; Illinois,89531,278400,147,3228,3228,66093,1322,89,2054,745,2300,17,031,822801,17031822801,0.04553903345724907,0.0433300876338851,0.3239130434782609
Census Tract 8228.02; Cook County; Illinois,111172,296600,107,3400,3399,43886,1703,127,1644,488,2413,17,031,822802,17031822802,0.0314798470138276,0.07725060827250609,0.20223787815996686
Census Tract 8229; Cook County; Illinois,73750,232900,278,2117,2117,30986,1564,86,1066,218,1481,17,031,822900,17031822900,0.13131790269248939,0.08067542213883677,0.14719783929777178
Census Tract 8230.01; Cook County; Illinois,64963,223300,1599,7730,7383,24675,1278,347,3551,1249,5295,17,031,823001,17031823001,0.2165786265745632,0.09771895240777245,0.23588290840415485
Census Tract 8230.02; Cook County; Illinois,95852,245300,416,4544,4532,44778,1427,32,2640,526,3253,17,031,823002,17031823002,0.09179170344218888,0.012121212121212121,0.16169689517368582
Census Tract 8231.01; Cook County; Illinois,56274,201400,764,4139,4139,29721,1219,217,2176,354,2821,17,031,823101,17031823101,0.18458564870741725,0.09972426470588236,0.12548741580999645
Census Tract 8231.02; Cook County; Illinois,60938,230100,1013,3751,3751,30531,1287,117,1925,255,2438,17,031,823102,17031823102,0.2700613169821381,0.06077922077922078,0.10459392945036916
Census Tract 8232; Cook County; Illinois,95585,260800,413,4494,4467,43822,1450,158,2245,582,3254,17,031,823200,17031823200,0.092455786881576,0.07037861915367483,0.17885679164105717
Census Tract 8233.02; Cook County; Illinois,56284,195600,490,5865,5844,32759,1089,421,2953,329,4004,17,031,823302,17031823302,0.0838466803559206,0.14256688113782595,0.08216783216783216
Census Tract 8233.03; Cook County; Illinois,70732,226600,960,4463,4463,29809,1245,124,2387,298,2800,17,031,823303,17031823303,0.21510194936141608,0.05194805194805195,0.10642857142857143
Census Tract 8233.04; Cook County; Illinois,51662,183700,721,5977,5944,33493,1189,285,3172,540,4245,17,031,823304,17031823304,0.12129878869448182,0.08984867591424968,0.127208480565371
Census Tract 8234; Cook County; Illinois,62515,164100,896,4962,4962,26550,1103,336,2412,328,3129,17,031,823400,17031823400,0.18057234985892784,0.13930348258706468,0.10482582294662832
Census Tract 8235; Cook County; Illinois,72945,200500,507,4213,4193,36211,1150,268,2196,637,2824,17,031,823500,17031823500,0.12091581206773193,0.122040072859745,0.22556657223796034
Census Tract 8236.02; Cook County; Illinois,85351,218700,559,5815,5554,48834,1299,236,2911,918,5037,17,031,823602,17031823602,0.10064818149081743,0.08107179663345929,0.18225134008338298
Census Tract 8236.03; Cook County; Illinois,54677,102100,170,1792,1792,21427,1703,172,823,62,1053,17,031,823603,17031823603,0.09486607142857142,0.20899149453219928,0.05887939221272555
Census Tract 8236.04; Cook County; Illinois,125263,370100,238,3459,3459,67250,-666666666,68,1696,716,2509,17,031,823604,17031823604,0.06880601329864122,0.04009433962264151,0.28537265842965326
Census Tract 8236.05; Cook County; Illinois,102283,333500,172,4215,4021,46605,-666666666,43,2058,791,2888,17,031,823605,17031823605,0.04277542899776175,0.02089407191448008,0.2738919667590028
Census Tract 8237.02; Cook County; Illinois,69904,337300,747,6137,6137,42422,1272,122,3499,669,4305,17,031,823702,17031823702,0.12172071044484276,0.0348671048871106,0.1554006968641115
Census Tract 8237.03; Cook County; Illinois,63005,183000,1426,8277,8089,31949,1152,208,3980,645,5101,17,031,823703,17031823703,0.1762887872419335,0.05226130653266332,0.1264457949421682
Census Tract 8237.04; Cook County; Illinois,99583,323100,199,4412,4412,35482,1389,274,2303,490,3037,17,031,823704,17031823704,0.04510426110607434,0.11897524967433783,0.16134343101745144
Census Tract 8237.05; Cook County; Illinois,83621,303500,320,4695,4626,39704,1208,36,2357,467,3061,17,031,823705,17031823705,0.06917423259835712,0.015273652948663556,0.15256452139823587
Census Tract 8238.01; Cook County; Illinois,111221,485000,358,5422,5412,79614,2392,91,2380,1382,4339,17,031,823801,17031823801,0.06614929785661493,0.03823529411764706,0.31850656833371743
Census Tract 8238.03; Cook County; Illinois,93203,314000,491,7479,7325,36082,1195,184,3348,733,5270,17,031,823803,17031823803,0.06703071672354949,0.054958183990442055,0.13908918406072107
Census Tract 8238.05; Cook County; Illinois,62647,193500,252,2815,2744,40094,1941,35,1555,515,2097,17,031,823805,17031823805,0.09183673469387756,0.022508038585209004,0.24558893657606104
Census Tract 8238.06; Cook County; Illinois,65431,196600,500,4041,4041,36271,1101,160,2021,607,3023,17,031,823806,17031823806,0.12373174956693887,0.07916872835230084,0.20079391333112803
Census Tract 8239.01; Cook County; Illinois,113558,395500,175,3754,3638,63876,-666666666,41,1676,720,3028,17,031,823901,17031823901,0.048103353490929084,0.024463007159904536,0.23778071334214002
Census Tract 8239.03; Cook County; Illinois,141761,416900,122,4630,4439,68185,3501,64,2040,909,3414,17,031,823903,17031823903,0.02748366749267853,0.03137254901960784,0.2662565905096661
Census Tract 8239.04; Cook County; Illinois,108151,355500,206,3890,3890,55813,1736,74,1836,575,2995,17,031,823904,17031823904,0.05295629820051414,0.04030501089324619,0.19198664440734559
Census Tract 8240.03; Cook County; Illinois,108553,438800,103,5858,5730,47039,1098,158,2653,1055,4255,17,031,824003,17031824003,0.017975567190226877,0.05955522050508858,0.24794359576968272
Census Tract 8240.04; Cook County; Illinois,99911,536000,484,4827,4535,47263,719,28,2047,632,3431,17,031,824004,17031824004,0.10672546857772877,0.013678553981436248,0.18420285631011368
Census Tract 8240.05; Cook County; Illinois,150222,437600,127,5679,5679,57679,2310,208,3237,1041,3879,17,031,824005,17031824005,0.022363092093678465,0.0642570281124498,0.26836813611755606
Census Tract 8240.06; Cook County; Illinois,157158,596800,159,6200,6200,69790,1352,97,2882,1317,4112,17,031,824006,17031824006,0.02564516129032258,0.03365718251214434,0.32028210116731515
Census Tract 8241.05; Cook County; Illinois,105177,371700,297,6878,6878,49726,-666666666,66,3643,1114,5058,17,031,824105,17031824105,0.04318115731317244,0.018116936590721933,0.2202451561882167
Census Tract 8241.06; Cook County; Illinois,89107,358200,1009,6489,6489,47123,1444,177,3167,1269,4531,17,031,824106,17031824106,0.15549391277546618,0.055888853804862644,0.2800706245861841
Census Tract 8241.07; Cook County; Illinois,100273,350000,515,7681,7681,41458,1465,223,3590,1360,5082,17,031,824107,17031824107,0.0670485613852363,0.062116991643454036,0.2676111767020858
Census Tract 8241.13; Cook County; Illinois,131023,395300,203,6183,6183,53640,-666666666,91,3428,1425,4462,17,031,824113,17031824113,0.032831958596150734,0.026546091015169197,0.31936351411922903
Census Tract 8241.14; Cook County; Illinois,140000,408900,369,5550,5550,62863,2883,87,2905,1275,3728,17,031,824114,17031824114,0.06648648648648649,0.029948364888123923,0.34200643776824036
Census Tract 8241.15; Cook County; Illinois,68179,269500,248,3897,3712,38693,1555,50,1923,647,2905,17,031,824115,17031824115,0.0668103448275862,0.026001040041601663,0.22271944922547332
Census Tract 8241.16; Cook County; Illinois,79613,334500,531,5197,5197,54098,1421,224,2944,966,3716,17,031,824116,17031824116,0.10217433134500674,0.07608695652173914,0.25995694294940797
Census Tract 8241.19; Cook County; Illinois,110338,421000,126,5172,5172,55503,-666666666,79,2606,1219,3953,17,031,824119,17031824119,0.024361948955916472,0.030314658480429777,0.30837338730078423
Census Tract 8241.21; Cook County; Illinois,89792,283400,193,3146,3135,42019,2267,110,1588,636,2203,17,031,824121,17031824121,0.06156299840510367,0.06926952141057935,0.28869723104857015
Census Tract 8241.22; Cook County; Illinois,150388,375900,263,5830,5814,72516,-666666666,175,3031,972,4490,17,031,824122,17031824122,0.04523563811489508,0.057736720554272515,0.21648106904231626
Census Tract 8241.23; Cook County; Illinois,101714,279500,117,7581,7521,43674,1769,273,3946,827,4910,17,031,824123,17031824123,0.015556441962504986,0.0691839837810441,0.1684317718940937
Census Tract 8241.24; Cook County; Illinois,92098,307700,440,3064,3023,42583,1275,145,1725,486,2228,17,031,824124,17031824124,0.14555077737347005,0.08405797101449275,0.21813285457809695
Census Tract 8241.25; Cook County; Illinois,121991,279000,137,4247,4247,42214,2705,141,2478,649,3017,17,031,824125,17031824125,0.03225806451612903,0.05690072639225181,0.2151143520053033
Census Tract 8241.26; Cook County; Illinois,166333,390600,414,5690,5690,60708,-666666666,195,3316,1093,3930,17,031,824126,17031824126,0.07275922671353251,0.058805790108564536,0.278117048346056
Census Tract 8241.27; Cook County; Illinois,100313,335000,164,3893,3883,47218,-666666666,113,1980,596,2899,17,031,824127,17031824127,0.04223538501158898,0.05707070707070707,0.20558813383925492
Census Tract 8241.28; Cook County; Illinois,99744,430000,156,4283,4283,51884,637,118,2058,804,3281,17,031,824128,17031824128,0.03642306794303059,0.057337220602526724,0.24504724169460532
Census Tract 8241.29; Cook County; Illinois,115625,410400,89,4000,3843,60791,2597,91,1975,824,3032,17,031,824129,17031824129,0.023158990372105125,0.04607594936708861,0.2717678100263852
Census Tract 8243; Cook County; Illinois,49632,146700,1180,4123,4015,26886,1500,327,1942,308,2698,17,031,824300,17031824300,0.29389788293897884,0.16838311019567456,0.11415863602668644
Census Tract 8244; Cook County; Illinois,46336,268500,280,1912,1623,28396,1194,45,701,211,1416,17,031,824400,17031824400,0.1725200246457178,0.06419400855920114,0.14901129943502825
Census Tract 8245.03; Cook County; Illinois,95761,258200,768,6312,6312,47786,1410,150,3250,1362,4733,17,031,824503,17031824503,0.12167300380228137,0.046153846153846156,0.28776674413691106
Census Tract 8245.05; Cook County; Illinois,75876,254900,349,6363,6363,41461,1338,167,3432,897,4570,17,031,824505,17031824505,0.05484834197705485,0.048659673659673656,0.1962800875273523
Census Tract 8245.07; Cook County; Illinois,90417,282000,133,3720,3720,54027,1031,50,1996,543,2858,17,031,824507,17031824507,0.03575268817204301,0.025050100200400802,0.1899930020993702
Census Tract 8245.08; Cook County; Illinois,75833,235600,486,3659,3659,53765,1229,185,1885,688,2867,17,031,824508,17031824508,0.13282317573107405,0.09814323607427056,0.23997209626787583
Census Tract 8245.09; Cook County; Illinois,122100,285800,286,5004,4953,43457,1305,118,2401,867,3409,17,031,824509,17031824509,0.05774278215223097,0.04914618908788005,0.2543267820475213
Census Tract 8246.01; Cook County; Illinois,84519,232800,174,4049,4049,43396,1445,120,2228,397,2832,17,031,824601,17031824601,0.04297357372190665,0.05385996409335727,0.14018361581920905
Census Tract 8246.02; Cook County; Illinois,82366,225900,113,6508,6508,35985,1429,188,3580,800,4449,17,031,824602,17031824602,0.01736324523663184,0.05251396648044693,0.17981568891885816
Census Tract 8247.01; Cook County; Illinois,56726,201800,572,3602,3564,29905,1655,217,1769,265,2479,17,031,824701,17031824701,0.16049382716049382,0.12266817410966648,0.10689794271883823
Census Tract 8247.02; Cook County; Illinois,67316,187700,659,5315,5197,37741,1096,74,2812,450,3828,17,031,824702,17031824702,0.1268039253415432,0.02631578947368421,0.11755485893416928
Census Tract 8248; Cook County; Illinois,73125,166900,1479,7349,7268,21278,1252,345,3841,415,4287,17,031,824800,17031824800,0.203494771601541,0.08982035928143713,0.09680429204571962
Census Tract 8249; Cook County; Illinois,87393,155000,448,3043,2946,30172,1354,20,1253,134,1968,17,031,824900,17031824900,0.15207060420909707,0.01596169193934557,0.06808943089430894
Census Tract 8250; Cook County; Illinois,86067,231900,400,4594,4591,41469,1264,118,2660,781,3517,17,031,825000,17031825000,0.08712698758440426,0.0443609022556391,0.22206425931191356
Census Tract 8252; Cook County; Illinois,74946,220900,165,1778,1778,39771,2167,123,1074,201,1293,17,031,825200,17031825200,0.09280089988751405,0.11452513966480447,0.1554524361948956
Census Tract 8253.02; Cook County; Illinois,123750,292100,392,5337,5337,50852,1569,225,3146,601,3635,17,031,825302,17031825302,0.07344950346636687,0.07151938970120789,0.16533700137551582
Census Tract 8253.03; Cook County; Illinois,82596,255600,309,3778,3778,40929,1467,80,2026,496,2789,17,031,825303,17031825303,0.08178930651138168,0.039486673247778874,0.17784152025815705
Census Tract 8253.04; Cook County; Illinois,101089,267200,292,3981,3944,47828,1459,137,2285,720,2956,17,031,825304,17031825304,0.07403651115618662,0.059956236323851206,0.2435723951285521
Census Tract 8254; Cook County; Illinois,88346,231500,495,5510,5414,43608,1368,155,3063,814,4239,17,031,825400,17031825400,0.09142962689323975,0.05060398302317989,0.19202642132578437
Census Tract 8255.01; Cook County; Illinois,62300,183300,393,5040,4859,44545,1398,244,2459,535,3605,17,031,825501,17031825501,0.08088083967894628,0.09922732818218788,0.14840499306518723
Census Tract 8255.03; Cook County; Illinois,82031,169800,1483,6957,6947,36277,1188,488,3259,618,4959,17,031,825503,17031825503,0.2134734417734274,0.14973918379871126,0.12462189957652753
Census Tract 8255.04; Cook County; Illinois,77679,218600,1446,3762,3760,32108,1357,212,1865,207,2470,17,031,825504,17031825504,0.38457446808510637,0.11367292225201073,0.08380566801619434
Census Tract 8255.05; Cook County; Illinois,90357,200400,440,5445,5107,31745,2279,209,2520,824,3734,17,031,825505,17031825505,0.08615625611905228,0.08293650793650793,0.2206748794858061
Census Tract 8256; Cook County; Illinois,58919,126800,1041,5146,5146,25138,1577,347,2403,592,3185,17,031,825600,17031825600,0.20229304314030314,0.14440282979608823,0.1858712715855573
Census Tract 8257; Cook County; Illinois,57790,161300,570,3937,3632,25856,1208,188,1855,274,2776,17,031,825700,17031825700,0.15693832599118943,0.10134770889487871,0.09870317002881844
Census Tract 8258.01; Cook County; Illinois,36981,109000,1284,3345,3345,24347,1201,169,1472,271,2262,17,031,825801,17031825801,0.38385650224215245,0.11480978260869565,0.1198054818744474
Census Tract 8258.02; Cook County; Illinois,70696,158200,1472,6181,6181,28243,1560,250,2975,755,4116,17,031,825802,17031825802,0.23814916680148843,0.08403361344537816,0.18343051506316813
Census Tract 8258.03; Cook County; Illinois,66051,154400,773,5483,5425,34967,873,291,3216,736,4001,17,031,825803,17031825803,0.1424884792626728,0.09048507462686567,0.18395401149712573
Census Tract 8259; Cook County; Illinois,46705,136700,1066,3055,3055,20468,1510,311,1494,204,1838,17,031,825900,17031825900,0.34893617021276596,0.20816599732262384,0.11099020674646355
Census Tract 8260; Cook County; Illinois,77825,102400,872,2597,2597,28192,945,62,1037,154,1691,17,031,826000,17031826000,0.3357720446669234,0.05978784956605593,0.09107037256061502
Census Tract 8261; Cook County; Illinois,51316,133700,736,5316,5316,27309,1304,278,2920,355,3432,17,031,826100,17031826100,0.1384499623777276,0.09520547945205479,0.10343822843822843
Census Tract 8262.01; Cook County; Illinois,44409,112200,735,3811,3625,29980,1074,262,1637,604,3254,17,031,826201,17031826201,0.20275862068965517,0.16004886988393402,0.1856177012907191
Census Tract 8262.02; Cook County; Illinois,68878,150600,1438,6211,6202,25681,1611,311,2885,367,3254,17,031,826202,17031826202,0.23186069009996776,0.10779896013864818,0.11278426551936079
Census Tract 8263.01; Cook County; Illinois,70274,156200,532,4145,4145,26554,1547,420,2286,232,2744,17,031,826301,17031826301,0.12834740651387214,0.1837270341207349,0.08454810495626822
Census Tract 8263.03; Cook County; Illinois,85357,177700,443,3452,3427,34224,2050,123,1445,374,2253,17,031,826303,17031826303,0.12926758097461336,0.08512110726643599,0.16600088770528185
Census Tract 8263.04; Cook County; Illinois,44750,163000,647,2727,2724,25882,1309,99,990,494,2118,17,031,826304,17031826304,0.23751835535976504,0.1,0.2332389046270066
Census Tract 8264.01; Cook County; Illinois,49580,154300,756,3065,2871,22839,1881,251,1523,254,2006,17,031,826401,17031826401,0.26332288401253917,0.16480630334865398,0.12662013958125623
Census Tract 8264.02; Cook County; Illinois,56591,139100,1040,5184,5053,28763,1547,182,2268,681,3516,17,031,826402,17031826402,0.20581832574708095,0.08024691358024691,0.19368600682593856
Census Tract 8265; Cook County; Illinois,58524,121100,1592,5811,5811,27666,1183,406,2689,351,3422,17,031,826500,17031826500,0.27396317329203235,0.15098549646708814,0.10257159555815312
Census Tract 8266; Cook County; Illinois,43675,114000,2127,4798,4798,18261,1203,118,1727,363,2730,17,031,826600,17031826600,0.44330971238015837,0.06832657788071801,0.13296703296703297
Census Tract 8267; Cook County; Illinois,39726,117100,1636,4198,4195,21171,1208,493,1986,184,2770,17,031,826700,17031826700,0.3899880810488677,0.24823766364551864,0.0664259927797834
Census Tract 8268; Cook County; Illinois,61062,131600,1044,4554,4554,23174,1205,179,2335,140,2996,17,031,826800,17031826800,0.22924901185770752,0.07665952890792291,0.04672897196261682
Census Tract 8269.01; Cook County; Illinois,24665,80100,535,1629,1629,22539,699,86,712,107,1109,17,031,826901,17031826901,0.3284223449969306,0.12078651685393259,0.09648331830477908
Census Tract 8269.02; Cook County; Illinois,35711,82500,401,1244,1243,15991,1104,140,487,86,871,17,031,826902,17031826902,0.32260659694288013,0.2874743326488706,0.09873708381171067
Census Tract 8270; Cook County; Illinois,53750,84100,567,3162,3162,27317,1161,149,1533,246,2254,17,031,827000,17031827000,0.1793168880455408,0.09719504240052185,0.10913930789707187
Census Tract 8271; Cook County; Illinois,25404,79500,577,1982,1982,22873,926,87,954,168,1497,17,031,827100,17031827100,0.29112008072653883,0.09119496855345911,0.11222444889779559
Census Tract 8272; Cook County; Illinois,56964,129400,468,3546,3546,28426,1194,363,1651,81,2378,17,031,827200,17031827200,0.1319796954314721,0.21986674742580253,0.03406223717409588
Census Tract 8273; Cook County; Illinois,29966,106200,920,2546,2538,24924,631,131,928,143,1508,17,031,827300,17031827300,0.3624901497241923,0.1411637931034483,0.09482758620689655
Census Tract 8274; Cook County; Illinois,32485,120200,634,2716,2481,26564,716,70,1138,211,1899,17,031,827400,17031827400,0.2555421201128577,0.061511423550087874,0.1111111111111111
Census Tract 8275; Cook County; Illinois,73043,88000,485,5130,5130,23758,1114,403,2771,81,2997,17,031,827500,17031827500,0.09454191033138401,0.14543486106098882,0.02702702702702703
Census Tract 8276; Cook County; Illinois,50038,140200,554,2804,2746,22639,2036,76,1281,180,1888,17,031,827600,17031827600,0.20174799708667152,0.05932864949258392,0.09533898305084745
Census Tract 8277; Cook County; Illinois,56038,119600,725,2568,2565,22983,1194,226,1268,155,1438,17,031,827700,17031827700,0.2826510721247563,0.17823343848580442,0.10778859527121001
Census Tract 8278.01; Cook County; Illinois,82489,199200,803,4429,4188,33116,1272,213,2212,437,3268,17,031,827801,17031827801,0.191738299904489,0.09629294755877034,0.13372093023255813
Census Tract 8278.02; Cook County; Illinois,86042,219200,292,3318,3202,31449,2702,187,1795,200,2050,17,031,827802,17031827802,0.09119300437226734,0.10417827298050139,0.0975609756097561
Census Tract 8278.04; Cook County; Illinois,80458,215600,388,2968,2968,38661,1921,57,1477,455,2163,17,031,827804,17031827804,0.1307277628032345,0.03859174001354096,0.21035598705501618
Census Tract 8278.05; Cook County; Illinois,97500,242500,466,2531,2531,39668,2569,212,1252,343,1647,17,031,827805,17031827805,0.18411694982220467,0.16932907348242812,0.2082574377656345
Census Tract 8279.01; Cook County; Illinois,96696,291700,126,1963,1805,46779,3501,50,810,232,1500,17,031,827901,17031827901,0.06980609418282549,0.06172839506172839,0.15466666666666667
Census Tract 8279.02; Cook County; Illinois,64507,161600,754,4415,4415,30494,1230,185,1951,294,2903,17,031,827902,17031827902,0.17078142695356738,0.09482316760635572,0.10127454357561144
Census Tract 8280; Cook County; Illinois,70673,160800,515,5254,5184,40662,1206,323,2819,775,3615,17,031,828000,17031828000,0.09934413580246913,0.11457963816956368,0.2143845089903181
Census Tract 8281; Cook County; Illinois,76034,176500,385,4497,4497,39791,1707,373,2583,533,3235,17,031,828100,17031828100,0.08561263064265065,0.14440572977158342,0.16476043276661514
Census Tract 8282.01; Cook County; Illinois,67813,158700,559,4116,4116,33033,1134,211,2355,451,2816,17,031,828201,17031828201,0.1358114674441205,0.08959660297239914,0.16015625
Census Tract 8282.02; Cook County; Illinois,57353,202900,1195,5111,5111,33470,1169,203,2498,504,3690,17,031,828202,17031828202,0.2338094306397965,0.08126501200960769,0.13658536585365855
Census Tract 8283; Cook County; Illinois,53400,156000,355,3015,3015,33036,1105,245,1557,567,2305,17,031,828300,17031828300,0.11774461028192372,0.1573538856775851,0.24598698481561823
Census Tract 8284.01; Cook County; Illinois,70054,212000,483,3426,3394,32669,1259,118,1498,403,2161,17,031,828401,17031828401,0.1423099587507366,0.0787716955941255,0.18648773715872283
Census Tract 8284.02; Cook County; Illinois,59534,159300,646,3442,3368,30294,1230,157,1466,543,2227,17,031,828402,17031828402,0.19180522565320665,0.10709413369713507,0.24382577458464302
Census Tract 8285.03; Cook County; Illinois,62153,73100,804,4500,4351,22403,1389,169,1903,229,2667,17,031,828503,17031828503,0.18478510687198346,0.08880714661061481,0.08586426696662917
Census Tract 8285.04; Cook County; Illinois,71154,147200,836,4848,4826,24206,1715,331,2366,284,3118,17,031,828504,17031828504,0.1732283464566929,0.13989856297548606,0.09108402822322001
Census Tract 8285.05; Cook County; Illinois,105748,240800,669,6643,6640,41562,1420,218,3815,1327,4483,17,031,828505,17031828505,0.10075301204819277,0.05714285714285714,0.2960071380771805
Census Tract 8285.07; Cook County; Illinois,87104,206500,221,4172,4172,37591,1659,207,2034,570,2809,17,031,828507,17031828507,0.052972195589645256,0.10176991150442478,0.2029191883232467
Census Tract 8285.08; Cook County; Illinois,63107,109300,783,4443,4418,31994,1349,81,2629,413,3402,17,031,828508,17031828508,0.17722951561792666,0.03081019399011031,0.12139917695473251
Census Tract 8286.01; Cook County; Illinois,104002,226100,186,4153,4148,46994,1188,184,2221,1059,2991,17,031,828601,17031828601,0.044840887174541946,0.08284556506078343,0.354062186559679
Census Tract 8286.02; Cook County; Illinois,107154,262900,447,4417,4220,40273,2660,157,2248,614,3066,17,031,828602,17031828602,0.10592417061611374,0.06983985765124555,0.20026092628832354
Census Tract 8287.01; Cook County; Illinois,63686,221300,931,4236,4231,31890,979,385,1963,759,2765,17,031,828701,17031828701,0.22004254313401087,0.19612837493632196,0.27450271247739605
Census Tract 8287.02; Cook County; Illinois,90263,191900,282,3893,3757,40647,1457,432,2352,608,2925,17,031,828702,17031828702,0.07505988820867714,0.1836734693877551,0.20786324786324786
Census Tract 8288.01; Cook County; Illinois,111042,223200,654,5318,5163,48890,2310,218,2688,894,3633,17,031,828801,17031828801,0.12667054038349795,0.08110119047619048,0.24607762180016515
Census Tract 8288.02; Cook County; Illinois,70565,180700,284,3129,3108,28251,1244,114,1329,448,1971,17,031,828802,17031828802,0.09137709137709138,0.08577878103837472,0.22729578893962454
Census Tract 8289; Cook County; Illinois,46979,137900,1415,3918,3906,21106,1068,268,1721,260,2250,17,031,828900,17031828900,0.36226318484383,0.1557234166182452,0.11555555555555555
Census Tract 8290; Cook County; Illinois,-666666666,-666666666,466,811,811,12266,515,128,328,36,492,17,031,829000,17031829000,0.5745992601726264,0.3902439024390244,0.07317073170731707
Census Tract 8291; Cook County; Illinois,33958,93200,942,3151,3151,22973,960,117,1459,95,2245,17,031,829100,17031829100,0.29895271342430974,0.08019191226867718,0.042316258351893093
Census Tract 8292; Cook County; Illinois,54787,157500,1857,5709,5684,29084,1213,178,2370,530,3370,17,031,829200,17031829200,0.32670654468684024,0.0751054852320675,0.1572700296735905
Census Tract 8293.01; Cook County; Illinois,98777,213700,317,3932,3885,40550,892,293,1884,544,2460,17,031,829301,17031829301,0.08159588159588159,0.15552016985138004,0.22113821138211381
Census Tract 8293.02; Cook County; Illinois,51363,136800,980,3110,2898,22379,1204,236,1465,81,1799,17,031,829302,17031829302,0.33816425120772947,0.16109215017064846,0.04502501389660923
Census Tract 8294.01; Cook County; Illinois,57386,116700,115,983,971,19763,797,175,525,63,529,17,031,829401,17031829401,0.1184346035015448,0.3333333333333333,0.11909262759924386
Census Tract 8294.02; Cook County; Illinois,57560,32400,501,3031,3031,30627,916,258,1815,445,2275,17,031,829402,17031829402,0.1652919828439459,0.14214876033057852,0.1956043956043956
Census Tract 8295; Cook County; Illinois,58691,149300,1180,3907,3863,27935,1196,159,2033,240,2621,17,031,829500,17031829500,0.3054620761066529,0.07820954254795869,0.09156810377718429
Census Tract 8296; Cook County; Illinois,68472,137200,432,2884,2873,24860,1189,84,1192,255,2037,17,031,829600,17031829600,0.15036547163243996,0.07046979865771812,0.1251840942562592
Census Tract 8297; Cook County; Illinois,60680,200100,440,2778,2778,33624,1056,173,1210,405,2049,17,031,829700,17031829700,0.1583873290136789,0.14297520661157026,0.19765739385065886
Census Tract 8298; Cook County; Illinois,135365,279200,191,6072,6050,62361,2078,172,3441,1388,4566,17,031,829800,17031829800,0.0315702479338843,0.04998546934030805,0.30398598335523436
Census Tract 8299.02; Cook County; Illinois,101875,267500,542,7535,7535,54617,1261,610,3991,1643,4959,17,031,829902,17031829902,0.07193098871930989,0.15284389877223753,0.33131679774148015
Census Tract 8299.03; Cook County; Illinois,72750,175400,403,3571,3571,32051,1814,138,1928,541,2442,17,031,829903,17031829903,0.112853542425091,0.07157676348547717,0.22153972153972154
Census Tract 8299.04; Cook County; Illinois,80673,256700,143,4539,4539,47712,2609,253,2143,656,3547,17,031,829904,17031829904,0.03150473672615114,0.11805879608026132,0.18494502396391316
Census Tract 8300.01; Cook County; Illinois,46071,56100,498,2349,2349,30675,984,65,1004,104,1882,17,031,830001,17031830001,0.2120051085568327,0.0647410358565737,0.05526036131774708
Census Tract 8300.03; Cook County; Illinois,112361,277800,608,7804,7804,47373,1404,187,4023,1365,5501,17,031,830003,17031830003,0.07790876473603281,0.046482724335073326,0.24813670241774222
Census Tract 8300.04; Cook County; Illinois,111906,294800,650,6514,6381,50838,2404,608,3699,1023,4590,17,031,830004,17031830004,0.10186491145588465,0.16436874831035414,0.22287581699346407
Census Tract 8300.05; Cook County; Illinois,105731,325300,527,3542,3524,60857,3501,59,1648,690,2697,17,031,830005,17031830005,0.14954597048808171,0.035800970873786406,0.25583982202447164
Census Tract 8300.06; Cook County; Illinois,67417,170800,407,2399,2399,40615,503,158,1207,240,2081,17,031,830006,17031830006,0.16965402250937892,0.1309030654515327,0.11532916866890917
Census Tract 8300.07; Cook County; Illinois,56042,189900,453,4872,4726,33673,1310,217,2564,340,3461,17,031,830007,17031830007,0.09585272958104105,0.08463338533541341,0.09823750361167292
Census Tract 8300.08; Cook County; Illinois,116362,246500,224,4370,4370,48076,2705,151,2345,781,2946,17,031,830008,17031830008,0.05125858123569794,0.06439232409381664,0.2651052274270197
Census Tract 8301; Cook County; Illinois,103527,158900,268,2812,2812,39398,2194,68,1338,424,1995,17,031,830100,17031830100,0.0953058321479374,0.05082212257100149,0.21253132832080202
Census Tract 8302.01; Cook County; Illinois,53671,174900,564,5266,5266,31669,1307,560,2737,484,4058,17,031,830201,17031830201,0.10710216483099126,0.20460358056265984,0.1192705766387383
Census Tract 8302.02; Cook County; Illinois,91886,129900,908,3462,3377,29016,1703,112,1476,450,2372,17,031,830202,17031830202,0.2688777021024578,0.07588075880758807,0.1897133220910624
Census Tract 8303; Cook County; Illinois,42500,-666666666,1000,5238,5230,28096,1333,123,2406,448,3279,17,031,830300,17031830300,0.19120458891013384,0.05112219451371571,0.13662702043305885
Census Tract 8304; Cook County; Illinois,65878,117300,452,4003,3996,30799,1647,228,1968,408,2819,17,031,830400,17031830400,0.11311311311311312,0.11585365853658537,0.14473217452997517
Census Tract 8305; Cook County; Illinois,78347,200200,351,4071,4071,24195,1066,217,1921,300,2477,17,031,830500,17031830500,0.08621960206337509,0.11296199895887558,0.12111425111021397
Census Tract 8306; Cook County; Illinois,65599,266200,755,4665,4659,36182,1330,398,3170,983,3574,17,031,830600,17031830600,0.1620519424769264,0.12555205047318613,0.27504196978175716
Census Tract 8307; Cook County; Illinois,72050,351200,958,4285,4248,56276,1350,231,3004,1425,3369,17,031,830700,17031830700,0.22551789077212805,0.07689747003994674,0.42297417631344614
Census Tract 8308; Cook County; Illinois,76768,388100,146,2603,2603,72955,1466,58,2107,926,2254,17,031,830800,17031830800,0.05608912792931233,0.027527289985761746,0.4108251996450754
Census Tract 8309; Cook County; Illinois,150288,577200,286,3359,3353,90281,2446,183,2179,924,2509,17,031,830900,17031830900,0.08529674917983895,0.08398347865993575,0.36827421283379835
Census Tract 8310; Cook County; Illinois,209904,961200,113,2431,2431,142484,2435,96,1736,945,1956,17,031,831000,17031831000,0.04648292883587001,0.055299539170506916,0.4831288343558282
Census Tract 8311; Cook County; Illinois,104399,471400,549,6760,6742,51776,1662,105,4217,1880,5005,17,031,831100,17031831100,0.08142984277662414,0.024899217453165756,0.3756243756243756
Census Tract 8312; Cook County; Illinois,63628,326400,539,4597,4597,26903,1329,194,2476,225,3097,17,031,831200,17031831200,0.11725038068305417,0.07835218093699516,0.07265095253471102
Census Tract 8313; Cook County; Illinois,50134,343200,402,1310,1310,17864,1261,9,431,25,885,17,031,831300,17031831300,0.3068702290076336,0.02088167053364269,0.02824858757062147
Census Tract 8314; Cook County; Illinois,-666666666,214100,753,2767,2544,24760,952,89,972,311,2047,17,031,831400,17031831400,0.2959905660377358,0.09156378600823045,0.1519296531509526
Census Tract 8315; Cook County; Illinois,87727,261000,399,3778,3778,36678,1589,95,2011,445,2625,17,031,831500,17031831500,0.10561143462149285,0.04724017901541522,0.16952380952380952
Census Tract 8316; Cook County; Illinois,61781,308700,1060,7240,7205,27820,1214,282,3428,736,5004,17,031,831600,17031831600,0.14712005551700208,0.0822637106184364,0.14708233413269384
Census Tract 8317; Cook County; Illinois,58875,432300,315,2270,2270,50362,887,11,1247,427,1635,17,031,831700,17031831700,0.13876651982378854,0.008821170809943865,0.26116207951070336
Census Tract 8318; Cook County; Illinois,87470,339300,1266,6600,6411,40914,1495,137,3285,1080,4199,17,031,831800,17031831800,0.19747309312119793,0.04170471841704718,0.25720409621338414
Census Tract 8319; Cook County; Illinois,132877,513400,307,2991,2991,89090,2317,56,2251,1139,2392,17,031,831900,17031831900,0.10264125710464728,0.024877832074633496,0.4761705685618729
Census Tract 8320; Cook County; Illinois,155000,568200,69,1874,1874,99797,2326,35,1632,853,1529,17,031,832000,17031832000,0.0368196371398079,0.02144607843137255,0.5578809679529104
Census Tract 8321; Cook County; Illinois,96083,391200,513,3957,3957,55656,1810,143,2763,910,2615,17,031,832100,17031832100,0.12964366944655042,0.05175533840028954,0.3479923518164436
Census Tract 8322; Cook County; Illinois,151894,832200,285,3206,3205,111942,1939,62,2510,1384,2482,17,031,832200,17031832200,0.08892355694227769,0.024701195219123506,0.5576148267526189
Census Tract 8323; Cook County; Illinois,110855,731400,174,2316,2316,107547,2067,57,1875,910,1861,17,031,832300,17031832300,0.07512953367875648,0.0304,0.48898441698011824
Census Tract 8324; Cook County; Illinois,137883,548200,129,3487,3460,83437,2115,120,2616,1426,2852,17,031,832400,17031832400,0.037283236994219655,0.045871559633027525,0.5
Census Tract 8325; Cook County; Illinois,153839,865900,330,3439,3371,96916,1898,138,2100,1017,2260,17,031,832500,17031832500,0.09789380005932957,0.06571428571428571,0.45
Census Tract 8326; Cook County; Illinois,220875,744800,72,4150,4150,139824,2651,126,2678,1300,2960,17,031,832600,17031832600,0.017349397590361446,0.04705003734129948,0.4391891891891892
Census Tract 8329; Cook County; Illinois,83149,540200,561,2162,2162,50195,1955,59,1374,565,1397,17,031,832900,17031832900,0.25948196114708605,0.04294032023289665,0.4044380816034359
Census Tract 8330; Cook County; Illinois,192016,835200,344,6109,6109,136610,3019,233,4868,2551,5195,17,031,833000,17031833000,0.056310361761335734,0.04786359901396878,0.4910490856592878
Census Tract 8331; Cook County; Illinois,164825,532500,676,9022,8981,141574,2626,116,7251,3765,7652,17,031,833100,17031833100,0.07527001447500278,0.01599779340780582,0.49202822791427075
Census Tract 8333; Cook County; Illinois,91500,544400,663,2861,2845,65424,2249,195,1875,605,1636,17,031,833300,17031833300,0.23304042179261863,0.104,0.3698044009779951
Census Tract 8339; Cook County; Illinois,35583,194600,1530,2716,2691,13486,1122,162,925,67,1309,17,031,833900,17031833900,0.568561872909699,0.17513513513513512,0.05118411000763942
Census Tract 8340; Cook County; Illinois,29728,127900,895,3029,3029,19372,1281,415,1297,181,1815,17,031,834000,17031834000,0.2954770551337075,0.3199691595990748,0.09972451790633609
Census Tract 8342; Cook County; Illinois,60966,201800,755,4687,4687,30272,1164,218,2288,262,3863,17,031,834200,17031834200,0.16108384894388736,0.09527972027972027,0.06782293554232462
Census Tract 8343; Cook County; Illinois,68527,237300,457,6103,6103,38425,993,408,3438,1144,4344,17,031,834300,17031834300,0.07488120596427986,0.11867364746945899,0.26335174953959484
Census Tract 8344; Cook County; Illinois,37279,332900,689,3733,3733,43885,1361,172,1921,606,2625,17,031,834400,17031834400,0.18457005089740156,0.08953669963560645,0.23085714285714284
Census Tract 8345; Cook County; Illinois,-666666666,218300,678,1616,1616,22313,1317,154,914,47,1006,17,031,834500,17031834500,0.41955445544554454,0.16849015317286653,0.04671968190854871
Census Tract 8346; Cook County; Illinois,26587,263600,775,2299,2299,24610,843,215,960,139,1640,17,031,834600,17031834600,0.33710308829926056,0.22395833333333334,0.08475609756097562
Census Tract 8347; Cook County; Illinois,40952,204500,571,1580,1580,21705,1141,158,713,108,1208,17,031,834700,17031834700,0.3613924050632911,0.22159887798036465,0.08940397350993377
Census Tract 8348; Cook County; Illinois,24207,-666666666,575,1780,1610,17353,540,279,666,82,1138,17,031,834800,17031834800,0.35714285714285715,0.4189189189189189,0.07205623901581722
Census Tract 8349; Cook County; Illinois,16250,118900,351,1010,1010,19750,633,138,310,22,826,17,031,834900,17031834900,0.3475247524752475,0.44516129032258067,0.026634382566585957
Census Tract 8350; Cook County; Illinois,56279,159800,667,5468,5468,34482,1070,291,2471,352,3334,17,031,835000,17031835000,0.1219824433065106,0.11776608660461352,0.10557888422315537
Census Tract 8351; Cook County; Illinois,59174,174400,1053,4617,4574,24606,936,216,1880,229,2890,17,031,835100,17031835100,0.23021425448185395,0.1148936170212766,0.07923875432525952
Census Tract 8352; Cook County; Illinois,72931,267800,188,2057,2057,30401,1200,41,1169,230,1489,17,031,835200,17031835200,0.09139523578026251,0.03507271171941831,0.1544660846205507
Census Tract 8355; Cook County; Illinois,22639,181700,809,1545,1545,16382,554,131,647,93,1069,17,031,835500,17031835500,0.5236245954692557,0.20247295208655333,0.08699719363891488
Census Tract 8356; Cook County; Illinois,14184,-666666666,481,725,725,15835,1283,68,251,24,522,17,031,835600,17031835600,0.663448275862069,0.27091633466135456,0.04597701149425287
Census Tract 8358; Cook County; Illinois,65536,268500,436,2031,2031,38309,1718,218,1314,421,1425,17,031,835800,17031835800,0.21467257508616444,0.1659056316590563,0.29543859649122806
Census Tract 8360; Cook County; Illinois,88000,313700,568,2695,2695,53473,1196,157,1293,365,1629,17,031,836000,17031836000,0.21076066790352505,0.1214230471771075,0.22406384284837325
Census Tract 8361; Cook County; Illinois,24141,331500,760,2110,2034,23735,1164,222,1092,264,1361,17,031,836100,17031836100,0.37364798426745327,0.2032967032967033,0.19397501836884642
Census Tract 8362; Cook County; Illinois,158889,342600,29,2281,373,16857,-666666666,72,690,42,275,17,031,836200,17031836200,0.0777479892761394,0.10434782608695652,0.15272727272727274
Census Tract 8363; Cook County; Illinois,52917,392200,495,1849,1848,41671,1563,169,1151,347,1181,17,031,836300,17031836300,0.26785714285714285,0.14682884448305822,0.2938187976291279
Census Tract 8364; Cook County; Illinois,25867,431300,983,3357,3357,53321,794,147,1580,613,2573,17,031,836400,17031836400,0.2928209711051534,0.0930379746835443,0.23824329576369996
Census Tract 8365; Cook County; Illinois,53750,557800,629,1680,1680,30288,974,25,683,147,1048,17,031,836500,17031836500,0.3744047619047619,0.036603221083455345,0.14026717557251908
Census Tract 8366; Cook County; Illinois,76250,231100,347,2906,2900,41814,1611,97,1739,354,2214,17,031,836600,17031836600,0.1196551724137931,0.05577918343875791,0.15989159891598917
Census Tract 8367; Cook County; Illinois,78081,286700,918,3150,3142,24011,1453,217,1557,102,1767,17,031,836700,17031836700,0.2921705919796308,0.13937058445728967,0.057724957555178265
Census Tract 8368; Cook County; Illinois,30914,292600,1171,2867,2867,19592,1138,208,1425,148,1763,17,031,836800,17031836800,0.4084408789675619,0.14596491228070174,0.08394781622234827
Census Tract 8369; Cook County; Illinois,-666666666,251100,1625,2181,2181,18010,1136,73,649,271,1136,17,031,836900,17031836900,0.7450710683172856,0.11248073959938366,0.238556338028169
Census Tract 8370; Cook County; Illinois,36607,288200,444,2318,2318,24959,1346,278,1162,290,1522,17,031,837000,17031837000,0.1915444348576359,0.23924268502581755,0.19053876478318002
Census Tract 8371; Cook County; Illinois,49667,285800,383,1584,1584,34678,1149,183,894,305,1092,17,031,837100,17031837100,0.24179292929292928,0.20469798657718122,0.2793040293040293
Census Tract 8373; Cook County; Illinois,27431,213100,822,2164,1969,23891,1295,115,1091,91,1713,17,031,837300,17031837300,0.4174707973590655,0.10540788267644363,0.05312317571511967
Census Tract 8374; Cook County; Illinois,41279,340500,906,1956,1946,35238,1191,274,890,199,1225,17,031,837400,17031837400,0.46557040082219936,0.30786516853932583,0.16244897959183674
Census Tract 8378; Cook County; Illinois,33159,401300,807,2467,2433,35647,1344,200,1407,457,1869,17,031,837800,17031837800,0.3316892725030826,0.14214641080312723,0.24451578384162653
Census Tract 8380; Cook County; Illinois,-666666666,379500,1307,3069,3069,29188,438,381,1357,366,2013,17,031,838000,17031838000,0.4258716194200065,0.28076639646278556,0.18181818181818182
Census Tract 8381; Cook County; Illinois,49458,338600,448,1873,1870,75716,2351,105,1235,375,1642,17,031,838100,17031838100,0.23957219251336898,0.08502024291497975,0.22838002436053592
Census Tract 8382; Cook County; Illinois,83911,601400,146,1606,1020,52077,1617,70,809,226,922,17,031,838200,17031838200,0.14313725490196078,0.0865265760197775,0.24511930585683298
Census Tract 8383; Cook County; Illinois,114020,815500,384,3014,2985,103799,2349,105,2293,1337,2561,17,031,838300,17031838300,0.12864321608040202,0.045791539467945924,0.5220616946505271
Census Tract 8386; Cook County; Illinois,20725,285100,622,1642,1473,27656,1042,100,557,45,981,17,031,838600,17031838600,0.4222674813306178,0.17953321364452424,0.045871559633027525
Census Tract 8387; Cook County; Illinois,34742,228200,1977,4136,4136,16194,989,202,1425,169,2679,17,031,838700,17031838700,0.4779980657640232,0.14175438596491227,0.06308324001493094
Census Tract 8388; Cook County; Illinois,21576,155500,1069,2396,2396,16148,584,222,994,104,1654,17,031,838800,17031838800,0.4461602671118531,0.22334004024144868,0.06287787182587666
Census Tract 8390; Cook County; Illinois,106650,346200,1584,10391,9933,83826,2328,611,8150,3577,8490,17,031,839000,17031839000,0.15946843853820597,0.07496932515337423,0.421319199057715
Census Tract 8391; Cook County; Illinois,132361,423300,637,8355,7076,116544,2481,179,6200,1816,5870,17,031,839100,17031839100,0.09002261164499717,0.028870967741935483,0.30936967632027257
Census Tract 8392; Cook County; Illinois,39924,126300,536,2295,2295,42365,1090,116,1215,368,1817,17,031,839200,17031839200,0.23355119825708062,0.09547325102880659,0.20253164556962025
Census Tract 8395; Cook County; Illinois,49769,448600,215,1827,1709,41111,382,82,750,233,1273,17,031,839500,17031839500,0.12580456407255705,0.10933333333333334,0.18303220738413198
Census Tract 8396; Cook County; Illinois,68102,428200,350,1687,1661,47506,649,144,812,275,1278,17,031,839600,17031839600,0.2107164358819988,0.17733990147783252,0.21517996870109546
Census Tract 8397; Cook County; Illinois,85030,400600,457,4910,4897,56788,1377,41,2858,1331,3605,17,031,839700,17031839700,0.09332244231161936,0.014345696291112667,0.36920943134535367
Census Tract 8398; Cook County; Illinois,82361,598800,498,2747,2747,42545,1275,135,1727,590,2127,17,031,839800,17031839800,0.18128867855842737,0.0781702374059062,0.2773859896567936
Census Tract 8399; Cook County; Illinois,108194,449600,452,4568,4568,64813,1492,87,2868,845,3738,17,031,839900,17031839900,0.0989492119089317,0.030334728033472803,0.22605671482075976
Census Tract 8400; Cook County; Illinois,99013,525600,521,2622,2622,48158,1502,160,1422,314,2114,17,031,840000,17031840000,0.19870327993897788,0.11251758087201125,0.14853358561967833
Census Tract 8401; Cook County; Illinois,77465,462300,515,2879,2879,36708,1230,30,1557,417,2133,17,031,840100,17031840100,0.17888155609586662,0.019267822736030827,0.19549929676511954
Census Tract 8402; Cook County; Illinois,56944,363900,657,2233,2233,30203,1221,89,999,271,1680,17,031,840200,17031840200,0.2942230183609494,0.0890890890890891,0.16130952380952382
Census Tract 8403; Cook County; Illinois,71205,327100,647,3548,3548,35111,1373,305,1840,574,2563,17,031,840300,17031840300,0.1823562570462232,0.16576086956521738,0.2239563012095201
Census Tract 8404; Cook County; Illinois,111481,307600,312,3426,3426,37337,1250,160,1959,337,2548,17,031,840400,17031840400,0.09106830122591944,0.0816743236345074,0.13226059654631084
Census Tract 8407; Cook County; Illinois,106840,198800,289,4001,3980,34110,1138,171,2476,778,2728,17,031,840700,17031840700,0.07261306532663317,0.06906300484652665,0.28519061583577715
Census Tract 8408; Cook County; Illinois,48750,228300,619,3457,3457,21953,1268,92,1699,295,2026,17,031,840800,17031840800,0.17905698582586058,0.05414949970570924,0.1456071076011846
Census Tract 8410; Cook County; Illinois,113106,426800,254,1280,1280,75200,2031,65,857,487,1056,17,031,841000,17031841000,0.1984375,0.07584597432905485,0.46117424242424243
Census Tract 8411; Cook County; Illinois,44083,354600,1470,7324,7324,29216,1286,419,4194,980,5623,17,031,841100,17031841100,0.20070999453850355,0.09990462565569862,0.17428418993419884
Census Tract 8412; Cook County; Illinois,71250,328300,857,5004,5004,42849,1183,194,2532,686,3471,17,031,841200,17031841200,0.17126298960831335,0.07661927330173776,0.19763756842408528
Census Tract 8413; Cook County; Illinois,62214,382000,756,3970,3964,45017,1316,126,2459,771,3071,17,031,841300,17031841300,0.19071644803229063,0.05124034160227735,0.2510582872028655
Census Tract 8415; Cook County; Illinois,27029,260900,992,2735,2502,15484,1302,195,787,74,1441,17,031,841500,17031841500,0.3964828137490008,0.24777636594663277,0.05135322692574601
Census Tract 8417; Cook County; Illinois,67560,216200,205,1249,1249,31022,1103,0,743,152,1000,17,031,841700,17031841700,0.16413130504403523,0.0,0.152
Census Tract 8418; Cook County; Illinois,60179,190100,405,2249,2244,28649,1115,214,1094,281,1358,17,031,841800,17031841800,0.1804812834224599,0.1956124314442413,0.20692194403534608
Census Tract 8419; Cook County; Illinois,141017,419900,573,6567,3801,53169,2325,337,3630,1015,3399,17,031,841900,17031841900,0.15074980268350435,0.09283746556473829,0.2986172403648132
Census Tract 8420; Cook County; Illinois,136667,354200,180,2768,1103,29708,2119,179,1041,316,1431,17,031,842000,17031842000,0.1631912964641886,0.17195004803073968,0.22082459818308875
Census Tract 8421; Cook County; Illinois,63304,227900,1439,6780,6741,25522,969,382,3363,272,4375,17,031,842100,17031842100,0.21346981160065273,0.1135890573892358,0.06217142857142857
Census Tract 8422; Cook County; Illinois,162736,505900,298,3807,3807,108131,2610,51,3014,2100,3349,17,031,842200,17031842200,0.0782768584187024,0.01692103516921035,0.6270528515974918
Census Tract 8423; Cook County; Illinois,161957,637400,265,3490,3490,99645,2267,100,2539,1595,2977,17,031,842300,17031842300,0.07593123209169055,0.03938558487593541,0.5357742693987235
Census Tract 8424; Cook County; Illinois,78494,191600,273,2855,2855,43971,981,63,1407,501,2057,17,031,842400,17031842400,0.09562171628721541,0.04477611940298507,0.24355858045697618
Census Tract 8425; Cook County; Illinois,36925,208300,891,3066,3066,16516,902,175,1155,147,1540,17,031,842500,17031842500,0.29060665362035226,0.15151515151515152,0.09545454545454546
Census Tract 8426; Cook County; Illinois,92500,357100,749,4223,4223,39881,991,116,2357,510,3011,17,031,842600,17031842600,0.17736206488278475,0.04921510394569368,0.16937894387246763
Census Tract 8428; Cook County; Illinois,67875,254300,1458,7411,7411,30923,1182,385,3973,772,4554,17,031,842800,17031842800,0.19673458372689245,0.09690410269317896,0.16952129995608256
Census Tract 8429; Cook County; Illinois,29363,348600,1025,2422,2422,33908,904,124,1217,484,1991,17,031,842900,17031842900,0.4232039636663914,0.1018898931799507,0.2430939226519337
Census Tract 8430; Cook County; Illinois,25483,-666666666,703,2271,2252,22061,1142,109,1035,127,1625,17,031,843000,17031843000,0.31216696269982236,0.10531400966183575,0.07815384615384616
Census Tract 8431; Cook County; Illinois,51023,381600,448,1381,1381,39082,1371,32,584,127,907,17,031,843100,17031843100,0.32440260680666183,0.0547945205479452,0.14002205071664828
Census Tract 8432; Cook County; Illinois,74764,272700,363,2135,2135,47051,1176,102,1411,451,1597,17,031,843200,17031843200,0.17002341920374708,0.07228915662650602,0.28240450845335
Census Tract 8433; Cook County; Illinois,83393,267200,404,1718,1663,24136,1243,207,821,145,1127,17,031,843300,17031843300,0.2429344558027661,0.25213154689403167,0.12866015971606035
Census Tract 8434; Cook County; Illinois,42813,230600,479,1279,1279,18049,1083,41,458,65,785,17,031,843400,17031843400,0.3745113369820172,0.08951965065502183,0.08280254777070063
Census Tract 8435; Cook County; Illinois,70625,151300,65,8706,488,4297,-666666666,0,340,212,6876,17,031,843500,17031843500,0.13319672131147542,0.0,0.030831878999418267
Census Tract 8436; Cook County; Illinois,84403,390000,474,2974,2974,43421,1737,193,1952,675,2149,17,031,843600,17031843600,0.1593813046402152,0.09887295081967214,0.3140995812005584
Census Tract 8437; Cook County; Illinois,150357,689400,137,2602,2602,90330,1802,58,1597,890,1889,17,031,843700,17031843700,0.05265180630284397,0.036318096430807766,0.471148755955532
Census Tract 8438; Cook County; Illinois,58846,172200,365,1960,1960,28755,904,116,957,220,1317,17,031,843800,17031843800,0.18622448979591838,0.12121212121212122,0.16704631738800305
Census Tract 8439; Cook County; Illinois,56923,142300,870,3712,3712,37062,1362,56,2022,639,2747,17,031,843900,17031843900,0.234375,0.027695351137487636,0.23261740080087367
Census Tract 8446; Cook County; Illinois,58144,314700,484,2081,1910,28451,1259,331,971,309,1564,17,031,844600,17031844600,0.2534031413612565,0.3408856848609681,0.19757033248081843
Census Tract 8447; Cook County; Illinois,60250,296400,736,2311,2311,28447,1409,157,1249,249,1518,17,031,844700,17031844700,0.3184768498485504,0.1257005604483587,0.16403162055335968
Census Tract 9800; Cook County; Illinois,-666666666,-666666666,0,0,0,-666666666,-666666666,0,0,0,0,17,031,980000,17031980000,,,
Census Tract 9801; Cook County; Illinois,-666666666,-666666666,0,0,0,-666666666,-666666666,0,0,0,0,17,031,980100,17031980100,,,
Census Tract 9900; Cook County; Illinois,-666666666,-666666666,0,0,0,-666666666,-666666666,0,0,0,0,17,031,990000,17031990000,,,
