Unnamed: 0,id,permit_,permit_type,application_start_date,issue_date,street_number,street_name,work_type,work_description,subtotal_waived,total_fee,census_tract,ward,xcoordinate,ycoordinate,issue_year,issue_month,issue_day,is_solar,is_flood,is_green
1502,1402003,B100018609,PERMIT – EXPRESS PERMIT PROGRAM,2004-11-29T00:00:00.000,2008-06-12T00:00:00.000,1717.0,TAYLOR ST,Electrical Work,"INSTALLATION OF LOW VOLTAGE CCTV EQUIPMENT AT THE STEAM PLANT, BUILDING 921.",0.0,40.0,283000.0,27.0,1164985.7464222105,1895589.748531639,2008,06,12,0,0,1
7114,1643483,B100090479,PERMIT – EXPRESS PERMIT PROGRAM,2006-01-18T00:00:00.000,2006-01-19T00:00:00.000,1909.0,CLIFTON AVE,Monthly Maintenance Permit,GENERAL MAINTENANCE OF PLANT LIGHTING AND DEVICES FOR JANUARY 2006,0.0,40.0,72000.0,32.0,1167904.9108260272,1912466.0961525952,2006,01,19,0,0,1
7650,1644990,100091309,PERMIT - RENOVATION/ALTERATION,2006-01-23T00:00:00.000,2006-04-12T00:00:00.000,10.0,35TH ST,,"REPLACEMENT OF EXISTING PLAZA TOPPING SLAB, WATERPROOF MEMBRANE AND DRAINAGE SYSTEM. NEW SITE LIGHTING AND PLANTERS. JOB INCLUDES DEMO AND REPLACE OUTSIDE MACHINE SHED AS PER PLAN",16860.0,16860.0,,,1176749.9009340925,1881839.3588424933,2006,04,12,0,1,1
11698,1653927,100096857,PERMIT - SIGNS,2006-02-17T00:00:00.000,2006-02-17T00:00:00.000,1601.0,BELMONT AVE,,IN PARKING PLANTER SOUTH OF BUILDING  FACING EAST   386783,0.0,145.5,,,1165055.070235965,1921275.5007928296,2006,02,17,0,0,1
13385,1657799,100099352,PERMIT - RENOVATION/ALTERATION,2006-03-03T00:00:00.000,2006-03-03T00:00:00.000,211.0,CLINTON ST,,"RENOVATION AND RESTORATION OF AN EXISTING MASONRY AND STEEL HEATING PLANT TO MIXED USE MERCANTILE, COMMERCIAL AND PARKING GARAGE REVISION TO PERMIT #1048888",102679.5,102679.5,,,1172724.767888465,1901834.538929095,2006,03,03,0,0,1
15002,1661414,100101573,PERMIT - RENOVATION/ALTERATION,2006-03-14T00:00:00.000,2006-03-14T00:00:00.000,1243.0,CORNELIA AVE,,REVISION TO PERMIT NUMBER 100083016 TO REPLACE PROPOSED WOOD DECK WITH NON-COMBUSTIBLE TERRACE (CONCRETE SLAB ON MASONRY BEARING WALLS) WITH BASEMENT STORAGE ROOM UNDERNEATH. (ELECTRICAL FOR STORAGE ROOM COVERED UNDER PREVIOUS PERMITS).ADD PLANTER TO GARAGE ROOF.,0.0,349.8,,,1167204.8969187972,1923332.5381252824,2006,03,14,0,0,1
15363,1662236,100102083,PERMIT - RENOVATION/ALTERATION,2006-03-16T00:00:00.000,2006-06-06T00:00:00.000,4357.0,COTTAGE GROVE AVE,,STORE INTERIOR REMODELING TO TRANSFER LAUNDRY DROP-OFF OR PICK-UP TO GENERAL LAUNDRY CLEINING PLANT OR FACILITY.,0.0,1114.0,,,1182375.3599600804,1876065.5209822208,2006,06,06,0,0,1
15851,1663411,B100102767,PERMIT – EXPRESS PERMIT PROGRAM,2006-03-21T00:00:00.000,2006-04-03T00:00:00.000,400.0,RANDOLPH ST,Electrical Work,INSTALL A CIRCUIT FOR 3 GROUND LIGHTS AND 3 GFI OUTLETS IN A  PLANTER BOX,0.0,40.0,320100.0,42.0,1179242.6833303138,1901368.637636837,2006,04,03,0,0,1
17676,1667767,100105356,PERMIT - RENOVATION/ALTERATION,2006-04-03T00:00:00.000,2006-09-14T00:00:00.000,141.0,JACKSON BLVD,,"REMOVAL OF SIDEWALK VAULTS, INSTALLATION OF NEW SIDEWALKS, BOLLARDS, PLANTERS AND INTERIOR RENOVATIONS.",0.0,10789.87,,,1175228.522349154,1898922.7429636095,2006,09,14,0,0,1
18471,1669749,100106567,PERMIT - RENOVATION/ALTERATION,2006-04-10T00:00:00.000,2006-05-25T00:00:00.000,1134.0,BARRY AVE,,"INTERIOR ALTERATIONS AS PER PLANS: NEW ELECTRIC SERVICE, MECHANICAL AND PLUMBING UPGRADES, NEW WATER SERVICE AND NEW TREE PLANTINGS.",0.0,4889.0,,,1168036.6203884769,1920773.457750884,2006,05,25,0,0,1
19210,1671173,100107560,PERMIT - EASY PERMIT PROCESS,2006-04-18T00:00:00.000,2006-04-18T00:00:00.000,222.0,RIVERSIDE PLZ,,OIA '222 S RIVERSIDE DR' REMOVE / REPLACE CONCRETE PLANTER WALLS WITH COLORED CONCRETE TO MATCH  EXISTING DESIGN: REPAIR HYDROTECH WATERPROOFING SYSTEM;REPLACE RIGID HEAVY DUTY INSULATION AND POUR COLORED CONCRETE STEPS AND SLAB TO MATCH EXISTING MIX DESIGN.,0.0,957.5,,,1173452.253789193,1899110.8815385632,2006,04,18,0,0,1
19833,1672757,100108491,PERMIT - NEW CONSTRUCTION,2006-04-24T00:00:00.000,2006-09-07T00:00:00.000,851.0,115TH ST,,NEW SINGLE STORY BRICK & MASONRY BUILDING W/ GREEN ROOF.STRIP CENTER,0.0,18110.08,,,1172502.0783373695,1828539.239563751,2006,09,07,0,0,1
20103,1673300,100108841,PERMIT - EASY PERMIT PROCESS,2006-04-21T00:00:00.000,2006-04-25T00:00:00.000,1516.0,STATE PKWY,,PATCH MISC. CONCRETE AROUND POOL DECK. REMOVE /REPLACE EXISTING TILES AND PLANTERS ON TERRACE NO. 5C.,0.0,1037.5,,,1175967.889147352,1910592.069545413,2006,04,25,0,0,1
22335,1678608,100111925,PERMIT - EASY PERMIT PROCESS,2006-05-10T00:00:00.000,2006-05-10T00:00:00.000,4404.0,BERTEAU AVE,,"REPAIR /REPLACE FOUR EVAPCO CONDENSERS WITH TWO EVAPCO PMCB-240 EA. ONE EVAPCO PMCB 435.ON SOUTH SIDE OF PLANT REPLACE ONE FRICK ALCB-4896-375. REMOVE EXISTING KRACK UNIT ,INSTALL CONTROLS,TIE IN AND LEAK TEST ABOVE. AMMONIA R717. EXISTING STEEL SUPPORTS.",0.0,400.0,,,1146038.7310384407,1927570.6699327112,2006,05,10,0,0,1
23304,1680934,100113216,PERMIT - RENOVATION/ALTERATION,2006-05-17T00:00:00.000,2006-06-05T00:00:00.000,1942.0,POTOMAC AVE,,CONSTRUCT WOOD DECK WITH PERGOLA AND GREEN ROOF ON EXISTING GARAGE ROOF.,0.0,185.0,,,1163041.1377150803,1908701.8904721744,2006,06,05,0,0,1
24182,1682845,100114382,PERMIT - EASY PERMIT PROCESS,2006-05-23T00:00:00.000,2006-05-23T00:00:00.000,917.0,GARFIELD BLVD,,"HEATING PLANT ROOM ON 2ND FLR TO BE 1 HOUR FIRE RATED BY REPLACE EXISTING DRYWALL WITH (5/8"") DRYWALL (SAME SIZE & LOCATION)",0.0,135.0,,,1171032.7741244282,1868188.104049352,2006,05,23,0,0,1
25421,1685680,100116191,PERMIT - SIGNS,2006-06-02T00:00:00.000,2006-06-02T00:00:00.000,1040.0,63RD ST,,DOUBLE FACE SIGN: POLE MOUNTED SIGN IN PLANTING AREA 387489,0.0,132.0,,,1170277.5452638378,1863074.5645857789,2006,06,02,0,0,1
28010,1691705,100119843,PERMIT - RENOVATION/ALTERATION,2006-07-11T00:00:00.000,2006-07-21T00:00:00.000,111.0,CANAL ST,,"REMOVAL OF EXISTING INTERIOR STORE FRONTS TO BE REPLACED WITH GYPSUM BOARD PARTITION WITH NEW SOLID CORE DOOR WITH SIDELIGHTS, INSTALLTION OF NEW INTERIOR PLANTERS, NEW SECURITY DESK, RELOCATION OF MAIL DROP SLOTS AND PAY PHONE AND NEW WOOD TRIM AND METAL BASE AT LOBBY - NO HVAC OR PLUMBING - CONDITIONAL PERMIT SUBJECT TO FIELD INSPECTION",0.0,1700.0,,,1173149.2804430018,1900924.6248469823,2006,07,21,0,0,1
28696,1693293,100120758,PERMIT - RENOVATION/ALTERATION,2006-07-06T00:00:00.000,2006-09-05T00:00:00.000,3141.0,JACKSON BLVD,,CREATING A MECHANICAL ROOM (FORMERLY A STORAGE ROOM) WITHIN THE BASEMENT OF THE EXISTING SCHOOL. ADDING A BOILER PLANT PER PLANS,0.0,3200.0,,,1155301.6548473071,1898475.1321462672,2006,09,05,0,0,1
29405,1694515,100121639,PERMIT - NEW CONSTRUCTION,2006-06-30T00:00:00.000,2006-07-25T00:00:00.000,4100.0,PACKERS AVE,,ERECT STORY OFFICE AND MAINTENANCE FACILITY WITH DETACHED AUTOMATED CONCRETE REDI-MIX PLANT SITE IMPROVEMENTS INCLUDE LANDSCAPE AND FENCE.,0.0,9052.2,,,1168109.21422889,1877557.2187800491,2006,07,25,0,0,1
32385,1701133,B100125970,PERMIT – EXPRESS PERMIT PROGRAM,2006-07-21T00:00:00.000,2006-07-21T00:00:00.000,7404.0,ROCKWELL ST,Electrical Work,"ASSEMBLY OF CONDUIT AND BOXES AT AN OFF SITE MANUFACTURING PLANT LOCATED AT DUKANE PRECAST AT 1805 HIGH GROVE LN, NAPERVILLE IL.",0.0,40.0,661000.0,18.0,1160284.6925648411,1855423.029708706,2006,07,21,0,0,1
32386,1701135,B100125971,PERMIT – EXPRESS PERMIT PROGRAM,2006-07-21T00:00:00.000,2006-07-21T00:00:00.000,7400.0,ROCKWELL ST,Electrical Work,"ASSEMBLY OF CONDUIT AND BOXES AT AN OFF SITE MANUFACTURING PLANT LOCATED AT DUKANE PRECAST AT 1805 HIGH GROVE LN, NAPERVILLE IL.",0.0,40.0,661000.0,18.0,1160283.4943026777,1855469.3450423956,2006,07,21,0,0,1
32389,1701144,B100125976,PERMIT – EXPRESS PERMIT PROGRAM,2006-07-21T00:00:00.000,2006-07-21T00:00:00.000,7406.0,ROCKWELL ST,Electrical Work,"ASSEMBLY OF CONDUIT AND BOXES AT AN OFF SITE MANUFACTURING PLANT LOCATED AT DUKANE PRECAST AT 1805 HIGH GROVE LN, NAPERVILLE IL.",0.0,40.0,661000.0,18.0,1160285.4029731385,1855399.9902607168,2006,07,21,0,0,1
32392,1701149,B100125979,PERMIT – EXPRESS PERMIT PROGRAM,2006-07-21T00:00:00.000,2006-07-21T00:00:00.000,7408.0,ROCKWELL ST,Electrical Work,"ASSEMBLY OF CONDUIT AND BOXES AT AN OFF SITE MANUFACTURING PLANT LOCATED AT DUKANE PRECAST AT 1805 HIGH GROVE LN, NAPERVILLE IL.",0.0,40.0,661000.0,18.0,1160286.1133814354,1855376.9508127272,2006,07,21,0,0,1
32395,1701154,B100125982,PERMIT – EXPRESS PERMIT PROGRAM,2006-07-21T00:00:00.000,2006-07-21T00:00:00.000,7412.0,ROCKWELL ST,Electrical Work,"ASSEMBLY OF CONDUIT AND BOXES AT AN OFF SITE MANUFACTURING PLANT LOCATED AT DUKANE PRECAST AT 1805 HIGH GROVE LN, NAPERVILLE IL.",0.0,40.0,661000.0,18.0,1160287.527917439,1855330.8778774764,2006,07,21,0,0,1
32397,1701162,B100125984,PERMIT – EXPRESS PERMIT PROGRAM,2006-07-21T00:00:00.000,2006-07-21T00:00:00.000,7414.0,ROCKWELL ST,Electrical Work,"ASSEMBLY OF CONDUIT AND BOXES AT AN OFF SITE MANUFACTURING PLANT LOCATED AT DUKANE PRECAST AT 1805 HIGH GROVE LN, NAPERVILLE IL.",0.0,40.0,661000.0,18.0,1160288.23478284,1855307.8383205165,2006,07,21,0,0,1
32398,1701170,B100125985,PERMIT – EXPRESS PERMIT PROGRAM,2006-07-21T00:00:00.000,2006-07-21T00:00:00.000,7416.0,ROCKWELL ST,Electrical Work,"ASSEMBLY OF CONDUIT AND BOXES AT AN OFF SITE MANUFACTURING PLANT LOCATED AT DUKANE PRECAST AT 1805 HIGH GROVE LN, NAPERVILLE IL",0.0,40.0,661000.0,18.0,1160288.941648241,1855284.7987635569,2006,07,21,0,0,1
32399,1701172,B100125986,PERMIT – EXPRESS PERMIT PROGRAM,2006-07-21T00:00:00.000,2006-07-21T00:00:00.000,7420.0,ROCKWELL ST,Electrical Work,"ASSEMBLY OF CONDUIT AND BOXES AT AN OFF SITE MANUFACTURING PLANT LOCATED AT DUKANE PRECAST AT 1805 HIGH GROVE LN, NAPERVILLE IL.",0.0,40.0,661000.0,18.0,1160290.357923042,1855238.717266386,2006,07,21,0,0,1
32400,1701174,B100125987,PERMIT – EXPRESS PERMIT PROGRAM,2006-07-21T00:00:00.000,2006-07-21T00:00:00.000,7422.0,ROCKWELL ST,Electrical Work,"ASSEMBLY OF CONDUIT AND BOXES AT AN OFF SITE MANUFACTURING PLANT LOCATED AT DUKANE PRECAST AT 1805 HIGH GROVE LN, NAPERVILLE IL.",0.0,40.0,661000.0,18.0,1160291.066205503,1855215.6777529456,2006,07,21,0,0,1
32401,1701176,B100125988,PERMIT – EXPRESS PERMIT PROGRAM,2006-07-21T00:00:00.000,2006-07-21T00:00:00.000,7424.0,ROCKWELL ST,Electrical Work,"ASSEMBLY OF CONDUIT AND BOXES AT AN OFF SITE MANUFACTURING PLANT LOCATED AT DUKANE PRECAST AT 1805 HIGH GROVE LN, NAPERVILLE IL.",0.0,40.0,661000.0,18.0,1160291.774487964,1855192.6382395057,2006,07,21,0,0,1
33061,1703028,B100127005,PERMIT – EXPRESS PERMIT PROGRAM,2006-07-26T00:00:00.000,2006-07-26T00:00:00.000,1909.0,CLIFTON AVE,Electrical Work,GENERAL MAINTENANCE FOR PLANT REPAIR OF DEVISES AND LIGHTING.,0.0,40.0,72000.0,32.0,1167904.9108260272,1912466.0961525952,2006,07,26,0,0,1
33772,1704726,100128100,PERMIT - RENOVATION/ALTERATION,2006-07-31T00:00:00.000,2006-08-10T00:00:00.000,6034.0,BROADWAY,,INSTALL GREEN ROOF ON EXISTING BUILDING.,0.0,160.0,,,1167166.2485079167,1940336.0796079224,2006,08,10,0,0,1
39716,1721943,B100136363,PERMIT – EXPRESS PERMIT PROGRAM,2006-09-12T00:00:00.000,2006-09-12T00:00:00.000,3250.0,KEDZIE AVE,Monthly Maintenance Permit,"MAINTENANCE. REWIRING OF EXISTING CONCRETE PLANT, DETRIORATED RUBBER CORDS, AND MOTOR CONNECTIONS",0.0,40.0,210200.0,35.0,1154433.2817999993,1921613.0844996355,2006,09,12,0,0,1
40589,1724835,B100137640,PERMIT – EXPRESS PERMIT PROGRAM,2006-09-18T00:00:00.000,2006-09-18T00:00:00.000,190.0,DELAWARE PL,Electrical Work,REPLACING EXISTING OUTDOOR OUTLETS AT TREE PLANTERS,0.0,50.0,81300.0,2.0,1177819.523114923,1906713.9915811245,2006,09,18,0,0,1
43401,1731712,100141550,PERMIT - EASY PERMIT PROCESS,2006-10-06T00:00:00.000,2006-10-12T00:00:00.000,32.0,SCOTT ST,,REPAIR\REPLACE TRELLIS AND PARGOLA FOR PLANTS AND FLOWERS AS NEEDED.,0.0,135.0,,,1176414.492372088,1908758.0112684497,2006,10,12,0,0,1
43858,1732612,100142166,PERMIT - NEW CONSTRUCTION,2006-12-04T00:00:00.000,2007-03-01T00:00:00.000,632.0,BARRY AVE,,ERECT NEW 4 STORIES CONCRETE FRAME RESIDENTIAL BUILDING WITH PARTIAL UNDERGROUND GARAGE AND GREEN ROOF,0.0,18226.0,,,1171357.4543008402,1920745.5279253377,2007,03,01,0,0,1
46578,1740297,100146141,PERMIT - RENOVATION/ALTERATION,2006-11-16T00:00:00.000,2006-12-15T00:00:00.000,5333.0,ELSTON AVE,,INSTALL 6 NEW YORK 12.5 TON A/C UNITS ON THE ROOFTOP PLATFORMS TO AIR CONDITION MANUFACTURING AREA OF PLANT PER PLANS,0.0,750.0,,,1141096.7891973823,1935212.1070116071,2006,12,15,0,0,1
47071,1741833,100146952,PERMIT - RENOVATION/ALTERATION,2006-11-24T00:00:00.000,2006-12-01T00:00:00.000,63.0,LAKE ST,,BUILD OUT OF RES. UNIT 2303 FROM PREVIOUSLY APPROVED WHITE BOX SHELL. REFERENCE PERMIT # 1028581 NO REFRIGERATION WORK AND NO FUTURE PLANTERS UNDER THIS PERMIT.,0.0,2920.0,,,1176921.9116598507,1901704.0951074923,2006,12,01,0,0,1
49915,1754395,100151267,PERMIT - WRECKING/DEMOLITION,2006-11-30T00:00:00.000,2006-12-12T00:00:00.000,11236.0,TORRENCE AVE,,WRECK AND REMOVE A PARTIAL COKE PLANT FACILITY.,0.0,110.0,,,1195577.177858963,1830868.6892852064,2006,12,12,0,0,1
51527,1759868,100153664,PERMIT - NEW CONSTRUCTION,2006-12-14T00:00:00.000,2006-12-14T00:00:00.000,5615.0,MARYLAND AVE,,NEW CONSTRUCTION---WEST UTILITY PLANT.  CAISSON---ONLY PERMIT.,333.8,333.8,,,1182910.040798075,1867887.0830021277,2006,12,14,0,0,1
51856,1760839,B100154216,PERMIT – EXPRESS PERMIT PROGRAM,2006-12-18T00:00:00.000,2006-12-18T00:00:00.000,1900.0,119TH ST,Monthly Maintenance Permit,MONTHLY MAINTENANCE FOR NOV. 2006 TO NORTH AND SOUTH PLANTS.,0.0,80.0,750500.0,21.0,1165816.9857402628,1825778.636548858,2006,12,18,0,0,1
54677,1769865,100158461,PERMIT - NEW CONSTRUCTION,2007-01-18T00:00:00.000,2007-01-18T00:00:00.000,6035.0,BLACKSTONE AVE,,NEW CONSTRUCTION---SOUTH UTILITY PLANT.   CAISSONS ONLY.,539.75,539.75,,,1186920.6080503608,1865010.722835065,2007,01,18,0,0,1
56318,1775237,B100161142,PERMIT – EXPRESS PERMIT PROGRAM,2007-02-01T00:00:00.000,2007-02-15T00:00:00.000,4501.0,47TH ST,Electrical Work,SWITCH OUT EXISTING EQUIPMENT WITH IDENTICAL EQUIPMENT.  PERFORM VARIOUS MAINTENANCE PROJECTS THROUGHOUT PLANT.,0.0,68.0,570300.0,14.0,1147134.5540159626,1873047.1223526136,2007,02,15,0,0,1
57207,1778367,100162614,PERMIT - RENOVATION/ALTERATION,2007-04-09T00:00:00.000,2007-04-25T00:00:00.000,600.0,DEARBORN ST,,REVISION TO EXISTING PLANTERS AT ENTRANCE OF BUILDING AS PLANS,0.0,560.0,,,1175794.76604717,1904196.874550272,2007,04,25,0,0,1
57235,1778403,B100162648,PERMIT – EXPRESS PERMIT PROGRAM,2007-02-12T00:00:00.000,2007-02-13T00:00:00.000,3259.0,100TH ST,Monthly Maintenance Permit,"ELECTRICAL MAINTENANCE PERMIT FOR JANUARY 2007.     1.REPAIR AS NEDED, 200AMP CORDS & PLUGS FOR PORTABLE CONVEYORS.  2.REPLACE ROTATE MOTOR WITH EQUAL ON S TOWER.  3.REPLACE GATE RING BRUSHES ON S TOWER.  4.REPLACE PUSH BUTTON SWITCH ON BELT POLE BYPASS SWITCH.  5.REPLACE MOTOR GENERATOR WIGH EQUAL ON S TOWER.  6.CHECK, REPAIR AS NEEDED ALL 120V EXTENSION CORDS ALL PLANT.",0.0,40.0,510100.0,10.0,1199934.8305530904,1839253.0909184285,2007,02,13,0,0,1
57568,1779417,100163117,PERMIT - RENOVATION/ALTERATION,2007-02-21T00:00:00.000,2007-04-13T00:00:00.000,1000.0,OHIO ST,,"RENOVATE UPPER SOUTH ROADWAY AT THE JARDINE WATER PURIFICATION PLANT TO INCLUDE STRUCTURAL, ELECTRICAL MODIFICATIONS, GENERATOR RELOCATION, GENERATOR SHED AND LANDSCAPING AS PER PLANS.",155671.25,155671.25,,,1183213.414379655,1904604.8644569567,2007,04,13,0,0,1
58874,1783574,100165073,PERMIT - RENOVATION/ALTERATION,2007-02-28T00:00:00.000,2007-04-17T00:00:00.000,3052.0,CHRISTIANA AVE,,"DECONVERT FROM 3 DWELLING UNITS TO 2 DWELLING UNITS.  ERECT A REAR THREE  STORY ADDITION, INTERIOR AND EXTERIOR ALTERATIONS AND A GREEN ROOF AS PER ARCHITECT'S PLANS - INCLUDING ELECTRICAL, PLUMBING AND HVAC WORK",0.0,3503.25,,,1153476.9206427385,1920325.284729435,2007,04,17,0,0,1
59541,1785660,B100166149,PERMIT – EXPRESS PERMIT PROGRAM,2007-03-07T00:00:00.000,2007-03-08T00:00:00.000,10355.0,WOODLAWN AVE,Electrical Work,TEMPORARY ELECTRICAL SERVICE FOR A PORTABLE CONCRETE PLANT FOR THE DAN RYAN RECONSTRUCTION PROJECT.,0.0,100.0,500200.0,9.0,1186098.2727464552,1836293.8926480797,2007,03,08,0,0,1
60482,1788433,100167484,PERMIT - RENOVATION/ALTERATION,2007-03-15T00:00:00.000,2008-01-04T00:00:00.000,1000.0,WASHINGTON BLVD,,INSTALL ROOFTOP DECK AND GREEN ROOF PER PLANS.,0.0,2160.0,,,1169747.6844968658,1900753.9837312417,2008,01,04,0,0,1
62290,1793392,B100170131,PERMIT – EXPRESS PERMIT PROGRAM,2007-04-03T00:00:00.000,2007-04-04T00:00:00.000,111.0,MAPLE ST,Electrical Work,INSTALL DECORATIVE LIGHTING IN TWO (2) PLANTER BOXES TO LIGHT THE TREE FOLIAGE. NO NEW CIRCUITS.REPLACE NINE (9) DECORATIVE FIXTURES ON THE FACE OF THE BLDG. WITH EXACT DUPLICATE UNITS.,0.0,40.0,81000.0,2.0,1175202.220498124,1907559.749202338,2007,04,04,0,0,1
64007,1798242,B100172640,PERMIT – EXPRESS PERMIT PROGRAM,2007-04-12T00:00:00.000,2007-05-01T00:00:00.000,211.0,CHICAGO AVE,Electrical Work,INSTALLATION OF TELEPHONE SYSTEM AND 12 LOCATIONS AMERICAN ACAMEDY OF IMPLANT DENTISTRY SUITE #750 312-355-1550 #16160401,0.0,40.0,81400.0,2.0,1177847.3023313608,1905732.603291848,2007,05,01,0,0,1
64567,1799739,100173398,PERMIT - NEW CONSTRUCTION,2007-04-17T00:00:00.000,2007-04-19T00:00:00.000,5615.0,MARYLAND AVE,,NEW CONSTRUCTION---UTILITY PLANT.  FOUNDATION ONLY.,1538.5,1538.5,,,1182910.040798075,1867887.0830021277,2007,04,19,0,0,1
65361,1801892,100174467,PERMIT - RENOVATION/ALTERATION,2007-04-23T00:00:00.000,2007-06-28T00:00:00.000,11306.0,DRAKE AVE,,"ERECT SECOND STORY ADDITION (29'X30') W/GREEN ROOF/DECK ONTO EXISTING ONE STORY BRICK SFR. WORK TO INCLUD ELEC, PLUMB, AND CARPENTRY. CONDITIONAL PERMIT SUBJECT TO FIELD INSPECTION.",0.0,341.0,,,1154682.479348143,1829319.7033833,2007,06,28,0,0,1
67660,1807787,100177703,PERMIT - RENOVATION/ALTERATION,2007-05-10T00:00:00.000,2007-06-27T00:00:00.000,1909.0,CLIFTON AVE,,INSTALLATION OF GREEN ROOF SYSTEM.,0.0,545.0,,,1167904.9108260272,1912466.0961525952,2007,06,27,0,0,1
68066,1808930,B100178275,PERMIT – EXPRESS PERMIT PROGRAM,2007-05-14T00:00:00.000,2007-05-15T00:00:00.000,2201.0,LUMBER ST,Electrical Work,TO RE-ROUTE EXISTING SERVICE ENTRANCE CONDUCTORS TO PORTABLE CONCRETE PLANT.,0.0,100.0,310100.0,25.0,1172646.1010479662,1889604.2514060517,2007,05,15,0,0,1
69245,1811647,100179820,PERMIT - RENOVATION/ALTERATION,2007-06-01T00:00:00.000,2007-08-16T00:00:00.000,7300.0,WESTERN AVE,,"NEW DRY CLEANING STORE IN EXISTING RETAIL SPACE WITH (1) PLANT AREA WITH EQUIPMENT AND NEW SERVICE ROOMS:(1)BOILER ROOM AND EQUIPMENT, (1)OFFICE, (1)LUNCH ROOM, AS WELL AS THE INSTALLATION OF A NEW 200AMP ADDITIONAL ELECTRICAL PANEL AND MINOR MECHANICAL AND PLUMBING WORK",0.0,1421.0,,,1158974.931888644,1948414.8605655308,2007,08,16,0,0,1
69969,1813098,B100180741,PERMIT – EXPRESS PERMIT PROGRAM,2007-06-01T00:00:00.000,2007-07-18T00:00:00.000,4507.0,MAYPOLE AVE,Electrical Work,TOTAL 3 METERS  ONE FOR PUBLIC AND 100AMP SERVICE UP GRADE ON REAR. NO NEW CIRCUITS.CORRECT  THE VIOLATIONS AS LISTED ON INSPECTION COMPLANT.,0.0,90.0,260400.0,28.0,1146253.4189097018,1901035.600316586,2007,07,18,0,0,1
70315,1813811,100181176,PERMIT - NEW CONSTRUCTION,2007-05-30T00:00:00.000,2007-05-30T00:00:00.000,6035.0,BLACKSTONE AVE,,NEW CONSTRUCTION OF COMBINED SOUTH UTILITY PLANT----FOUNDATION ONLY.,1358.75,1358.75,,,1186920.6080503608,1865010.722835065,2007,05,30,0,0,1
70354,1813889,100181232,PERMIT - NEW CONSTRUCTION,2007-06-04T00:00:00.000,2007-06-06T00:00:00.000,3955.0,BELMONT AVE,,NEW CONSTRUCTION OF ONE STORY METAL FRAME AND MASONRY COMMERCIAL BUILDING WITH GREEN ROOF- CERTIFIED CORRECTIONS CONDITIONAL PERMIT- SUBJECT TO FULL COMPLIANCE WITH THE MUNICIPAL CODE OF CHICAGO AND FIELD INSPECTION,0.0,1499.1,,,1149518.6730514509,1920947.1629882697,2007,06,06,0,0,1
70781,1814870,100181843,PERMIT - RENOVATION/ALTERATION,2007-06-04T00:00:00.000,2007-06-18T00:00:00.000,2446.0,SAWYER AVE,,INSTALL GREEN ROOF ON EXISTING SINGLE STORY SINGLE FAMILY RESIDENCE PER PLANS.,0.0,135.0,,,1155048.41217154,1887364.106128332,2007,06,18,0,0,1
71409,1816091,B100182631,PERMIT – EXPRESS PERMIT PROGRAM,2007-06-07T00:00:00.000,2007-06-07T00:00:00.000,6101.0,BLACKSTONE AVE,Electrical Work,UNIVERSITY OF CHICAGO/STEAM PLANT - 4/120V 15AMP CIRCUITS FOR BOILER,40.0,40.0,420100.0,5.0,1186938.2659688846,1864791.0198129565,2007,06,07,0,0,1
72786,1819088,100184469,PERMIT - RENOVATION/ALTERATION,2007-06-15T00:00:00.000,2007-09-14T00:00:00.000,1769.0,ARTHUR AVE,,ERECT REAR FIRST FLOOR AND BASEMENT ADDITION & PORCH TO SFR. AND  ACCESS TO GREEN ROOF FOR MAINTANCE ONLY AS PER PLANS,0.0,2000.0,,,1163307.131834551,1943432.5275072271,2007,09,14,0,0,1
73840,1821497,100185827,PERMIT - RENOVATION/ALTERATION,2007-06-25T00:00:00.000,2007-11-14T00:00:00.000,21.0,CHESTNUT ST,,CONSTRUCT TERRACE GARDEN AND GREEN ROOF ON EXISTING BUILDING PER PLANS.,0.0,1160.0,,,1175962.4090509105,1906167.9073216617,2007,11,14,0,0,1
75020,1824081,100187344,PERMIT - PORCH CONSTRUCTION,2007-07-03T00:00:00.000,2007-07-06T00:00:00.000,1912.0,MILLER ST,,REMOVE EXISTING FROM PORCH REPLACE AS PER PLANTS,0.0,152.5,,,1169729.7567691798,1890933.0763515627,2007,07,06,0,0,1
76672,1827826,B100189448,PERMIT – EXPRESS PERMIT PROGRAM,2007-07-16T00:00:00.000,2007-07-16T00:00:00.000,633.0,WELLS ST,Electrical Work,REWORK CONDUIT FEEDING LIGHTS IN OUTDOOR PLANTERS.  REPLACE 8 FIXTURES WITH NEW FIXTURES.,0.0,40.0,81700.0,42.0,1174663.91420226,1904511.868286289,2007,07,16,0,0,1
76751,1827988,B100189548,PERMIT – EXPRESS PERMIT PROGRAM,2007-07-17T00:00:00.000,2007-07-17T00:00:00.000,549.0,115TH ST,Monthly Maintenance Permit,GENERAL PLANT MAINTENANCE 06-1 THRU 06-30,0.0,40.0,540100.0,9.0,1181930.198083346,1828763.3895091584,2007,07,17,0,0,1
76756,1828013,B100189553,PERMIT – EXPRESS PERMIT PROGRAM,2007-07-17T00:00:00.000,2007-07-17T00:00:00.000,11700.0,COTTAGE GROVE AVE,Monthly Maintenance Permit,GENERAL PLANT MAINTENANCE 06-1 THRU 06-30,0.0,40.0,540100.0,9.0,1181539.9872167113,1827276.524550643,2007,07,17,0,0,1
76909,1828368,B100189732,PERMIT – EXPRESS PERMIT PROGRAM,2007-07-18T00:00:00.000,2007-07-18T00:00:00.000,4550.0,PACKERS AVE,Monthly Maintenance Permit,GENERAL PLANT MAINTENANCE 06-1 THRU 06-30,0.0,40.0,610200.0,15.0,1168171.2491638365,1874390.257286444,2007,07,18,0,0,1
77459,1829793,100190445,PERMIT - NEW CONSTRUCTION,2007-07-23T00:00:00.000,2007-07-24T00:00:00.000,1625.0,FLOURNOY ST,,CONSTRUCT THE FOUNDATION ONLY FOR A NEW PARKING GARAGE AND CENTRAL PLANT BUILDING.,0.0,285.35,,,1165531.3917124283,1896935.3858831252,2007,07,24,0,0,1
77533,1829962,100190550,PERMIT - NEW CONSTRUCTION,2007-07-23T00:00:00.000,2007-07-23T00:00:00.000,6035.0,BLACKSTONE AVE,,"NEW CONSTRUCTION, COMBINED SOUTH UTILITY PLANT",15078.3,15078.3,,,1186920.6080503608,1865010.722835065,2007,07,23,0,0,1
77700,1830358,100190802,PERMIT - NEW CONSTRUCTION,2007-07-24T00:00:00.000,2007-07-24T00:00:00.000,5615.0,MARYLAND AVE,,NEW CONSTRUCTION---WEST UTILITY POWER PLANT,24156.8,24156.8,,,1182910.040798075,1867887.0830021277,2007,07,24,0,0,1
77745,1830461,100190860,PERMIT - RENOVATION/ALTERATION,2007-08-03T00:00:00.000,2007-12-07T00:00:00.000,1111.0,CERMAK RD,,"ERECT FOUNDATION SYSTEMS, ONE NEW SILO AND MECHANICAL EQUIPMENT SHED AT EXISTING POWER PLANT AS PER PLANS.",0.0,2251.0,,,1169438.949233045,1889547.236695234,2007,12,07,0,0,1
78830,1833404,100192365,PERMIT - RENOVATION/ALTERATION,2007-08-01T00:00:00.000,2007-08-01T00:00:00.000,2450.0,FAIRFIELD AVE,,"REPLACE EXISTING PORCH/DECK WITH NEW REAR DECK WITH ENCLOSED WALL & PLANTER, REPLACE LATTICE WITH VINYL SIDING PER OWNER'S PLANS",0.0,630.0,,,1157578.4850299575,1916401.1349407225,2007,08,01,0,0,1
78861,1833506,100192402,PERMIT - NEW CONSTRUCTION,2007-08-03T00:00:00.000,2007-10-05T00:00:00.000,3501.0,PULASKI RD,,"ERECT FOUNDATION SYSTEMS, TWO NEW SILOS, AND MECHANICAL EQUIPMENT SHED AT EXISTING POWER PLANT AS PER PLANS.",75.0,1375.0,,,1150298.4992295883,1881313.7993275912,2007,10,05,0,0,1
79161,1834304,100192805,PERMIT - RENOVATION/ALTERATION,2007-08-14T00:00:00.000,2007-10-23T00:00:00.000,205.0,MICHIGAN AVE,,"NEW ENTRANCE CANOPY, NEW PLANTERS AND FOUTAIN, FIRST FLOOR LOBBY REMODELING, SECOND FLOOR LOBBY REMODELING",0.0,39728.0,,,1177299.1665166349,1901811.5640549655,2007,10,23,0,0,1
79325,1834779,B100193082,PERMIT – EXPRESS PERMIT PROGRAM,2007-08-06T00:00:00.000,2007-08-06T00:00:00.000,600.0,KINZIE ST,Monthly Maintenance Permit,REQUIRED MAINTENANCE OF ELECTRIC EQUIPMENT AT THE CHOCOLATE PRODUCING PLANT,0.0,70.0,243600.0,27.0,1172231.085536217,1902955.411466567,2007,08,06,0,0,1
83193,1844638,B100198454,PERMIT – EXPRESS PERMIT PROGRAM,2007-09-06T00:00:00.000,2007-09-06T00:00:00.000,600.0,KINZIE ST,Monthly Maintenance Permit,ELECTRICAL MAINTENANCE ON EQUIPMENT IN THE CHOCOLATE PRODUCTION PLANT,0.0,60.0,243600.0,27.0,1172231.085536217,1902955.411466567,2007,09,06,0,0,1
83263,1844795,100198537,PERMIT - RENOVATION/ALTERATION,2007-09-26T00:00:00.000,2009-05-01T00:00:00.000,2320.0,93RD ST,,ADD ONE CHILLER TO EXISTING PLANT AND REPLACE THE EXISTING FIRE PUMP ELECTRICAL GENERATOR.,0.0,1075.0,4804.0,7.0,1193366.0657973452,1843796.171467658,2009,05,01,0,0,1
84660,1848009,100200324,PERMIT - RENOVATION/ALTERATION,2007-09-17T00:00:00.000,2007-10-22T00:00:00.000,1048.0,37TH ST,,INSTALL GREEN ROOF ON EXISTING BUILDING PER PLANS.,0.0,335.0,,,1169753.7282968431,1880315.412175812,2007,10,22,0,0,1
85669,1850305,100201629,PERMIT - RENOVATION/ALTERATION,2007-09-24T00:00:00.000,2007-10-01T00:00:00.000,350.0,ORLEANS ST,,INSTALL GREEN ROOF ON EXISTING BUILDING PER PLANS.,0.0,1785.0,,,1173830.2043093375,1902816.2950918656,2007,10,01,0,0,1
87313,1854139,B100204200,PERMIT – EXPRESS PERMIT PROGRAM,2007-10-04T00:00:00.000,2007-10-04T00:00:00.000,600.0,KINZIE ST,Monthly Maintenance Permit,REQUIRED MAINTENANCE OF ELECTRIC EQUIPMENT AT THE CHOCOLATE MANUFACTURING PLANT,0.0,100.0,243600.0,27.0,1172231.085536217,1902955.411466567,2007,10,04,0,0,1
88172,1855931,100205397,PERMIT - RENOVATION/ALTERATION,2007-10-10T00:00:00.000,2007-10-22T00:00:00.000,555.0,DEARBORN ST,,INSTALL FENCE ATOP PARAPET WALL ALONG EXISTING GREEN ROOF PER PLANS.,0.0,135.0,,,1176054.760082411,1897704.0344705896,2007,10,22,0,0,1
90745,1861442,100208709,PERMIT - RENOVATION/ALTERATION,2008-01-16T00:00:00.000,2008-02-27T00:00:00.000,1445.0,RASCHER AVE,,"ADDITION OF A ROOFDECK, PLANTERS, WOOD TRELLIS & HOT TUB ON AN EXISTING GARAGE.",0.0,564.0,,,1165518.7671662825,1936253.3328702636,2008,02,27,0,0,1
90976,1861947,100209010,PERMIT - RENOVATION/ALTERATION,2007-10-29T00:00:00.000,2007-12-21T00:00:00.000,2042.0,21ST ST,,REINFORCE EXISTING COMMERCIAL DETACHED GARAGE TO INSTALL GREEN ROOF ONLY AS PER PLANS,0.0,185.0,,,1162889.251189485,1890104.977502761,2007,12,21,0,0,1
92049,1864616,B100210517,PERMIT – EXPRESS PERMIT PROGRAM,2007-11-06T00:00:00.000,2007-11-06T00:00:00.000,600.0,KINZIE ST,Monthly Maintenance Permit,REQUIRED MAINTENANCE OF ELECTRICAL EQUIPMENT INSIDE CHOCOLATE MANUFACTURING PLANT; EQUIPMENT REWIRING AND/OR UPATES.,0.0,160.0,243600.0,27.0,1172231.085536217,1902955.411466567,2007,11,06,0,0,1
93698,1868501,100212812,PERMIT - RENOVATION/ALTERATION,2007-11-19T00:00:00.000,2007-12-19T00:00:00.000,20.0,STATE ST,,NEW GREEN ROOF ON EXISTING COMMERCIAL BUILDING AS PER PLANS.,0.0,258.0,,,1176322.5830344714,1900559.5854968904,2007,12,19,0,0,1
95711,1873611,100215462,PERMIT - RENOVATION/ALTERATION,2007-12-07T00:00:00.000,2007-12-07T00:00:00.000,451.0,HURON ST,,ADD MISSING PLUMBING DRAWINGS AND OMIT 5TH FLOOR PLANTERS COMBINE DWELLING UNITS CONVERTING 5 DWELLING UNITS TO 3 DWELLING UNITS,0.0,1550.0,,,1172882.9278663427,1904944.758061461,2007,12,07,0,0,1
96344,1875322,100216323,PERMIT - RENOVATION/ALTERATION,2007-12-14T00:00:00.000,2008-03-31T00:00:00.000,3241.0,WABASH AVE,,"PROJECT INVOLVES CONVERTING AN OLD COMERCIAL KITCHEN & SERVING AREA OF AN EXISTING DORMITORY INTO A HIGH EFFICIENCY BOILER PLANT W/ (10) 3,000 BOILERS",40628.5,40628.5,3506.0,3.0,1177300.123553833,1883353.379758784,2008,03,31,0,0,1
97071,1877233,100217301,PERMIT - NEW CONSTRUCTION,2007-12-21T00:00:00.000,2007-12-21T00:00:00.000,1625.0,FLOURNOY ST,,NEW CONSTRUCTION FOR RUSH HOSPITAL PARKING GARAGE AND CENTRAL ENERGY PLANT.{ALSO SEE REVISION PERMIT #100291975: FOR MODIFICATIONS TO SEVEN LEVEL SUPPORTED PARKING STRUCTURE & CENTRAL ENERGY PLANT(711 S. PAULINA)},77988.7,77988.7,2829.0,2.0,1165531.3917124283,1896935.3858831252,2007,12,21,0,0,1
97732,1879237,B100218288,PERMIT – EXPRESS PERMIT PROGRAM,2008-01-02T00:00:00.000,2008-01-02T00:00:00.000,3259.0,100TH ST,Monthly Maintenance Permit,"MAINTENANCE PERMIT FOR DECEMBER 2007.    1.REPLACE HIGH TEMPERATURE SWITCH ON OIL FURNACE IN LUNCH ROOM. 2.REPAIR & CLOSE EXPOSED WIRING IN HEN HOUSE. 3.RELAMP 400W & 150W SODIUM LAMPS, GENERAL PLANT. 4.CHECK & REPAIR AS NEEDED, ALL 200A POWER EXTENSION CORDS. 5.CHECK 200HP DC MOTOR BRUSHES, ALL OK. 6.REPLACE 8 BRUSHES ON MAIN S DC GENERATOR.",0.0,40.0,510100.0,10.0,1199934.8305530904,1839253.0909184285,2008,01,02,0,0,1
97909,1879718,B100218494,PERMIT – EXPRESS PERMIT PROGRAM,2008-01-04T00:00:00.000,2008-01-04T00:00:00.000,600.0,KINZIE ST,Monthly Maintenance Permit,ELECTRICAL MAINTENANCE OF ELECTRICAL EQUIPMENT AT THE CHOCOLATE MANUFACTURING PLANT; POWER AND CONTROL WORK ON EXISTING EQUIPMENT.,0.0,128.0,243600.0,27.0,1172231.085536217,1902955.411466567,2008,01,04,0,0,1
101052,1888212,100222837,PERMIT - SIGNS,2008-02-21T00:00:00.000,2008-02-27T00:00:00.000,401.0,WABASH AVE,,"TRUMP INTERNATIONAL HOTEL & TOWER DIRECTIONAL MONUMENT PLANTER SIGN LOCATED ON NORTH EAST SIDE OF THE PROPERTY NEAR/FACING UPPER NORTH WABASH AVE. DIRECTIONAL SIGN POINTS TOWARD THE GRAND BALLROOM MEETING ROOMS, HOTEL ENTRANCE, & THE SHOPS AT TRUMP TOWER",0.0,264.0,,,1176696.3094413497,1903037.6002105984,2008,02,27,0,0,1
101059,1888219,100222844,PERMIT - SIGNS,2008-02-21T00:00:00.000,2008-02-27T00:00:00.000,401.0,WABASH AVE,,"TRUMP INTERNATIONAL HOTEL & TOWER DIRECTIONAL MONUMENT PLANTER SIGN LOCATED ON THE WESTSIDE OF THE PROPERTY NEAR THE ENTRANCE FROM MICHIGAN AVE. DIRECTIONAL SIGN POINTS TOWARD HOTEL ENTRANCE, SIXTEEN THE SPA AT TRUMP REBAR, & TERRACE SHOPS RIVERWALK SHOPS.",0.0,264.0,,,1176696.3094413497,1903037.6002105984,2008,02,27,0,0,1
101066,1888228,100222853,PERMIT - SIGNS,2008-02-21T00:00:00.000,2008-02-27T00:00:00.000,401.0,WABASH AVE,,"DIRECTIONAL MONUMENT PLANTER SIGN LOCATED AT THE SOUTH-EASTSIDE OF THE PROPERTY NEAR/FACING UPPER NORTH WABASH AVE. DIRECTIONAL SIGN TOWARD THE HOTEL ENTRANCE, & TERRACE SHOPS RIVERWALK SHOPS",0.0,246.0,,,1176696.3094413497,1903037.6002105984,2008,02,27,0,0,1
101068,1888230,100222855,PERMIT - SIGNS,2008-02-21T00:00:00.000,2008-02-27T00:00:00.000,401.0,WABASH AVE,,"DIRECTIONAL MONUMENT PLANTER SIGN LOCATED AT THE SOUTH-WESTSIDE OF THE PROPERTY NEAR/FACING MICHIGAN AVE ENTRANCE. DIRECTIONAL SIGN TOWARD BALLROOM MEETING ROOM, TERRACE SHOPS RIVERWALK SHOPS.",0.0,245.0,,,1176696.3094413497,1903037.6002105984,2008,02,27,0,0,1
101070,1888232,100222857,PERMIT - SIGNS,2008-02-21T00:00:00.000,2008-02-27T00:00:00.000,401.0,WABASH AVE,,"DIRECTIONAL MONUMENT PLANTER SIGN LOCATED AT THE NORTH-EASTSIDE OF THE PROPERTY NEAR/FACING UPPER NORTH WABASH AVE. DIRECTIONAL SIGN TOWARDS GRAND BALLROOM MEETING ROOMS, & THE SHOPS AT TRUMP TOWER",0.0,245.0,,,1176696.3094413497,1903037.6002105984,2008,02,27,0,0,1
101092,1888299,100222906,PERMIT - SIGNS,2008-02-21T00:00:00.000,2008-02-27T00:00:00.000,401.0,WABASH AVE,,DIRECTIONAL MONUMENT PLANTER SIGN LOCATED AT THE NORTHSIDE OF THE PROPERTY FACING NORTH UPPER WABASH AVE. DIRECTING TOWARD TRUMP TOWER PUBLIC PARKINGLOT.,0.0,243.0,,,1176696.3094413497,1903037.6002105984,2008,02,27,0,0,1
101113,1888415,B100222957,PERMIT – EXPRESS PERMIT PROGRAM,2008-02-06T00:00:00.000,2008-02-06T00:00:00.000,600.0,KINZIE ST,Monthly Maintenance Permit,"ELECTRICAL MAINTENANCE OF MACHINERY INSIDE CHOCOLATE PLANT, WIRING ADDITIONAL CIRCUITS, RECONNECTING EXISTING MACHINES",0.0,126.0,243600.0,27.0,1172231.085536217,1902955.411466567,2008,02,06,0,0,1
102165,1891379,100224335,PERMIT - RENOVATION/ALTERATION,2008-03-11T00:00:00.000,2008-05-07T00:00:00.000,1000.0,OHIO ST,,ROOF REPLACEMENT FOR NEW GREEN ROOF TO INCLUDE IRRIGATION AS PER PLANS.,60393.0,60393.0,814.0,42.0,1183213.414379655,1904604.8644569567,2008,05,07,0,0,1
102332,1891853,100224562,PERMIT - RENOVATION/ALTERATION,2008-04-17T00:00:00.000,2008-06-12T00:00:00.000,1927.0,MILWAUKEE AVE,,GREEN ROOF 'GREEN GRID SYSTEM' WITH PRIVATE ROOF DECKS - GREEN PERMIT PROGRAM,0.0,1227.48,2222.0,1.0,1160225.5876520532,1912843.9776554191,2008,06,12,0,0,1
102443,1892236,100224703,PERMIT - RENOVATION/ALTERATION,2008-02-20T00:00:00.000,2008-03-28T00:00:00.000,2013.0,CLEVELAND AVE,,"INTERIOR AND EXTERIOR ALTERATIONS TO DECONVERT FROM 4 DU TO SFR AND NEW 2 CAR MASONRY ATTACHED GARAGE WITH ROOF DECK, NEW GREEN ROOF, NEW ROOF DECKS, AND PENTHOUSE ADDITION TO EXISTING MASONRY BUILDING AND COACH HOUSE AS PER PLANS.                                                                                                                              CONDITIONAL PERMIT SUBJECT TO FIELD INSPECTION",0.0,16955.0,713.0,43.0,1172644.1028496055,1913731.5412755944,2008,03,28,0,0,1
102823,1893286,100225199,PERMIT - NEW CONSTRUCTION,2008-02-25T00:00:00.000,2008-02-25T00:00:00.000,3955.0,BELMONT AVE,,REVISION TO PERMIT #100812232. REVISION TO MEP SYSTEM FOR ONE STORY METAL FRAME AND MASONRY BUILDING WITH WOOD TRUSSES AND GREEN ROOF.,0.0,695.0,,,1149518.6730514509,1920947.1629882697,2008,02,25,0,0,1
103813,1895839,B100226482,PERMIT – EXPRESS PERMIT PROGRAM,2008-03-05T00:00:00.000,2008-03-05T00:00:00.000,600.0,KINZIE ST,Monthly Maintenance Permit,"REQUIRED MAINTENANCE OF ELECTRICAL EQUIPMENT AT CHOCOLATE MANUFACTURING PLANT; WIRE POWER AND CONTROL CIRCUITS, COMMUNICATION DEVICES FOR INTERNAL NETWORKS",0.0,132.0,243600.0,27.0,1172231.085536217,1902955.411466567,2008,03,05,0,0,1
104176,1896759,B100226975,PERMIT – EXPRESS PERMIT PROGRAM,2008-03-09T00:00:00.000,2008-03-12T00:00:00.000,9239.0,JEFFERY AVE,Electrical Work,(1) 12 MM BK FIBER OPTIC CABLE AND (1) 50 PAIR OUTSIDE PLANT CABLE BETWEEN MAIN BUILDING AND ANNEX.  INSTALL (13) DATA OUTLETS IN COMPUTER LAB 220.  INSTALL TMGB IN ANNEX TEACHERS LOUNGE TO GROUND LIGHTNING PROTECTORS.  INSTALL (3) NEW WIRELESS ACCESS POINT BRACKETS IN ANNEX BUILDING.  REMOVE (1) EXISTING ACCESS POINT BRACKET.  NOTE:  THIS IS A NO-FEE E-RATE PROJECT.,520.0,520.0,480400.0,7.0,1191168.4546646269,1843939.0667652376,2008,03,12,0,0,1
105260,1899578,100228427,PERMIT - WRECKING/DEMOLITION,2008-04-02T00:00:00.000,2008-04-02T00:00:00.000,1400.0,32ND ST,,WRECK & REMOVE EXISTING CONCRETE PLANT.  PLANT A.,0.0,455.0,,,,,2008,04,02,0,0,1
105309,1899724,100228483,PERMIT - WRECKING/DEMOLITION,2008-03-19T00:00:00.000,2008-04-02T00:00:00.000,1400.0,32ND ST,,WRECK & REMOVE EXISTING CONCRETE PLANT.  PLANT B.,0.0,133.0,,,,,2008,04,02,0,0,1
105310,1899725,100228484,PERMIT - WRECKING/DEMOLITION,2008-03-19T00:00:00.000,2008-04-02T00:00:00.000,1400.0,32ND ST,,WRECK & REMOVE EXISTING CONCRETE PLANT.  PLANT C. GARAGE.,0.0,110.0,,,,,2008,04,02,0,0,1
106138,1902064,100229620,PERMIT - RENOVATION/ALTERATION,2008-05-14T00:00:00.000,2009-12-17T00:00:00.000,4744.0,RICE ST,,"DEMOLITION OF ALL INTERIOR FINISHES BOTH FIRST AND SECOND FLOOR. INTERIOR RENOVATION OF FIRST FLOOR TO ALLOW FOR METAL FABRICATION SHOP, INCLUDING DEMOLITION OF STRUCTURAL WALLS TO BE RESUPPORTED. INTERIOR RENOVATION OF SECOND FLOOR TO ALLOW FOR OFFICE SPACE, INCLUDING THE DEMOLITION OF CERTAIN FLOOR AREAS TO BE RESUPPORTED. PROJECT INCLUDES AN AREA OF GREEN ROOF. PLUS A 29' HIGH SINGLE STORY ADDITION ON THE WEST END OF THE EXISTING BUILDING, THE ADDITION WILL REQUIRE THE DEMOLITION OF A SMALL PORTION OF THE EXISTING BUILDING.",0.0,8291.28,2510.0,37.0,1144334.329247201,1905266.3175101115,2009,12,17,0,0,1
106732,1903802,B100230432,PERMIT – EXPRESS PERMIT PROGRAM,2008-04-02T00:00:00.000,2008-04-04T00:00:00.000,100.0,BELLEVUE PL,Electrical Work,INSTALL CONDUIT TO PLANTERS,0.0,70.0,81200.0,42.0,1176899.0651593104,1907567.948245873,2008,04,04,0,0,1
107454,1905552,B100231455,PERMIT – EXPRESS PERMIT PROGRAM,2008-04-09T00:00:00.000,2008-04-09T00:00:00.000,679.0,MICHIGAN AVE,Electrical Work,STREET PLANTER PHOTOVOILIC,0.0,40.0,81400.0,42.0,1177344.9459439632,1905090.8083174245,2008,04,09,0,0,1
107758,1906286,100231879,PERMIT - NEW CONSTRUCTION,2008-04-10T00:00:00.000,2008-06-27T00:00:00.000,1509.0,WALTON ST,,"ERECT A 3 STORY, 3 DU RESIDENTIAL 3B BUILDING WITH A GREEN ROOF [NO ROOF DECK] AND DETACHED 3 CAR MASONRY GARAGE - CONDITIONAL PERMIT SUBJECT TO FIELD INSPECTION                                                                                                                               CHICAGO GREEN HOMES - GREEN PERMIT PROGRAM",1300.0,3642.0,2420.0,1.0,1166106.3813890317,1906392.3946485333,2008,06,27,0,0,1
107759,1906287,100231880,PERMIT - NEW CONSTRUCTION,2008-04-10T00:00:00.000,2008-06-25T00:00:00.000,1505.0,WALTON ST,,"ERECT A 3 STORY, 3 DU RESIDENTIAL 3B BUILDING WITH A GREEN ROOF [NO ROOF DECK] AND DETACHED 3 CAR MASONRY GARAGE - CONDITIONAL PERMIT SUBJECT TO FIELD INSPECTION                                                                                                                                 CHICAGO GREEN HOMES - GREEN PERMIT PROGRAM",1000.0,3342.0,2420.0,1.0,1166147.7243385408,1906393.65334086,2008,06,25,0,0,1
107760,1906288,100231881,PERMIT - NEW CONSTRUCTION,2008-04-10T00:00:00.000,2008-06-25T00:00:00.000,1329.0,WALTON ST,,"ERECT A 3 STORY, 3 DU RESIDENTIAL 3B BUILDING WITH A GREEN ROOF [NO ROOF DECK] AND DETACHED 3 CAR MASONRY GARAGE - CONDITIONAL PERMIT SUBJECT TO FIELD INSPECTION                                                                                                                               CHICAGO GREEN HOMES - GREEN PERMIT PROGRAM",1000.0,3342.0,2419.0,27.0,1167304.4412627202,1906428.920596464,2008,06,25,0,0,1
109262,1909857,B100233879,PERMIT – EXPRESS PERMIT PROGRAM,2008-04-23T00:00:00.000,2008-04-23T00:00:00.000,1653.0,CONGRESS PKWY,Electrical Work,WEST CAMPUS ACCESS CONTROL CHANGES.  CARD READERS TO CHILLER PLANT.  (03-7155 & 03-7156),0.0,40.0,282500.0,27.0,1165244.8598182844,1897752.8398491775,2008,04,23,0,0,1
109327,1909989,100233963,PERMIT - NEW CONSTRUCTION,2008-04-24T00:00:00.000,2008-04-24T00:00:00.000,5615.0,MARYLAND AVE,,BOILER INSTALLATION FOR NEW UTILITY PLANT.,21353.8,21353.8,4114.0,5.0,1182910.040798075,1867887.0830021277,2008,04,24,0,0,1
110692,1922460,B100235852,PERMIT – EXPRESS PERMIT PROGRAM,2008-05-05T00:00:00.000,2008-05-05T00:00:00.000,600.0,KINZIE ST,Monthly Maintenance Permit,"REQUIRED MAINTENANCE OF ELECTRIC EQUIPMENT AT THE CHOCOLATE FACTORY PLANT; REWIRED EXISTING CIRCUITS, REPLACED DEFECTIVE MOTORS, CHECKED POWER AND CONTROL WIRING.",0.0,110.0,243600.0,27.0,1172231.085536217,1902955.411466567,2008,05,05,0,0,1
111622,1924742,100237086,PERMIT - RENOVATION/ALTERATION,2008-05-21T00:00:00.000,2008-05-29T00:00:00.000,3211.0,UNION AVE,,FACADE RENOVATION REPLACE EXISTING BRICK FACE VENEER AS PER PLANTS,0.0,175.0,6010.0,11.0,1172198.4020435228,1883540.06946018,2008,05,29,0,0,1
112210,1926095,100237845,PERMIT - EASY PERMIT PROCESS,2008-05-16T00:00:00.000,2008-05-16T00:00:00.000,11134.0,LOOMIS ST,,"REPAIR EXISTING MASONRY FACADE, PLANTER BOX, REPLACE EXISTING FRONT DOOR, PATCH AND REPAIR EXISTING DRYWALL AND PLASTER.  NO STRUCTURAL WORK.",0.0,139.9,7506.0,34.0,1168950.333979399,1830757.0468665315,2008,05,16,0,0,1
112345,1926432,100238029,PERMIT - RENOVATION/ALTERATION,2008-10-24T00:00:00.000,2008-12-29T00:00:00.000,633.0,BELDEN AVE,,"ROOFTOP ADDITION REDUCTION IN SIZE & OTHER ROOFTOP ALTERATIONS AS PER ARCHITECT'S AND LANDMARK STAMPED PLANS - ROOFTOP ENCLOSURE TO BE 7'5"" WIDE SETBACK BY 15'-10"" FROM THE FRONT FACADE, 36'-8"" IN HEIGHT TO THE TOP FROM GRADE, EXISTING RAILINGS TO BE REMOVED AND RELOCATED TO BE 15'-10"" SETBACK FROM FRONT FACADE, PLANTER BOXES TO BE RELOCATED TO BE MINIMALLY VISIBLE FROM STREET, AND EAST PARAPET WALL TO BE REDUCE IN HEIGHT - NO CHANGE TO FRONT FACADE, WINDOWS, OR DOORS ALLOWED WITH THIS PERMIT",0.0,375.0,712.0,43.0,1171513.7731870206,1915490.7743608032,2008,12,29,0,0,1
112593,1926998,100238336,PERMIT - RENOVATION/ALTERATION,2008-05-20T00:00:00.000,2008-06-04T00:00:00.000,900.0,MICHIGAN AVE,,REPLACE ROOFING SYSTEM ON EXISTING 17 STORY GARAGE WITH GREEN ROOF AS PER PLANS - NO STRUCTURAL CHANGES,0.0,4771.64,812.0,42.0,1177285.361874675,1906673.8034002704,2008,06,04,0,0,1
114506,1931605,100240979,PERMIT - RENOVATION/ALTERATION,2008-06-04T00:00:00.000,2008-07-15T00:00:00.000,66.0,RANDOLPH ST,,REMOVE EXISTING ROOFING SYSTEM AND REPLACE WITH GREEN ROOFING SYSTEM TO INCLUDE MINOR STRUCTURAL MODIFICATIONS AND MINOR PLUMBING MODIFICATIONS,75.0,75.0,3201.0,42.0,1177002.8173384054,1901336.244663172,2008,07,15,0,0,1
116236,1935357,100243274,PERMIT - RENOVATION/ALTERATION,2008-06-20T00:00:00.000,2008-09-26T00:00:00.000,351.0,21ST ST,,"EXPANSION OF EXISTING CHILLER PLANT IN SUPPORT OF EXISTING DATA CENTER EQUIPMENT EXPANSION IN BASEMENT, ON 9TH FL., AND ROOFTOP.",0.0,1580.0,3301.0,2.0,1178942.5732110855,1890287.0587496164,2008,09,26,0,0,1
118056,1939760,B100245712,PERMIT – EXPRESS PERMIT PROGRAM,2008-07-03T00:00:00.000,2008-07-03T00:00:00.000,600.0,KINZIE ST,Monthly Maintenance Permit,REQUIRED MAINTENANCE OF ELECTRICAL EQUIPMENT INSIDE CHOCOLATE MANUFACTURING PLANT; INSTALL AND WIRE POWER AND COMMUNICATION CIRCUITS; EQUIPMENT TESTING;,0.0,450.0,243600.0,27.0,1172231.085536217,1902955.411466567,2008,07,03,0,0,1
118182,1940074,100245879,PERMIT - RENOVATION/ALTERATION,2008-07-07T00:00:00.000,2008-08-19T00:00:00.000,6901.0,FAIRFIELD AVE,,"MASONRY TUCK POINTING AND CLEANING.  INSTALL NEW WINDOW GUARDS, INSTALL MISSING HANDRAILS, REPAIR ALL ENTRY WAY STOOPS AND STEPS, REPAIR ROOF FLASHING, INSTALL TRASH ENCLOSURE, INSTALL ORNAMENTAL FENCING AND PLANT ADDITIONAL TREES",75.0,75.0,6609.0,18.0,1159272.82134066,1858741.620709098,2008,08,19,0,0,1
118638,1941006,100246441,PERMIT - RENOVATION/ALTERATION,2008-07-09T00:00:00.000,2008-07-09T00:00:00.000,11601.0,TOUHY AVE,,GREEN ROOF BEING INSTALLED ON TRANSFORMER BUILDING FOR AIR TRAFFIC CONTROL TOWER AT NORTH AIRFIELD OF O'HARE INTERNATIONAL AIRPORT.,0.0,237.0,,41.0,1098098.5774643964,1945979.209781826,2008,07,09,0,0,1
120184,1944723,100248883,PERMIT - RENOVATION/ALTERATION,2008-08-07T00:00:00.000,2008-08-08T00:00:00.000,2531.0,WASHTENAW AVE,,INSTALL GREEN ROOF SYSTEM ON EXISTING ROOF,125.0,200.0,2203.0,35.0,1157975.810033871,1916845.683169352,2008,08,08,0,0,1
120927,1946514,100249872,PERMIT - RENOVATION/ALTERATION,2008-07-29T00:00:00.000,2009-03-24T00:00:00.000,21.0,ADAMS ST,,INSTALLATION OF PLANTERS TO EXTERIOR WALLS OF A PARKING GARAGE,0.0,922.9,3204.0,42.0,1176624.83217978,1899431.3886826904,2009,03,24,0,0,1
121174,1947060,100250163,PERMIT - RENOVATION/ALTERATION,2008-09-11T00:00:00.000,2008-09-11T00:00:00.000,555.0,MONROE ST,,"GREEN PERMIT APPLICATION     INSTALLATION OF WIND TURBINES AND SOLAR PANELS ONLY, ON GREEN ROOF OF 1-SOTRY BUILDING AREA",0.0,2075.0,2819.0,2.0,1172558.891231282,1899783.8065239112,2008,09,11,1,0,1
121986,1949040,B100251271,PERMIT – EXPRESS PERMIT PROGRAM,2008-08-05T00:00:00.000,2008-08-05T00:00:00.000,600.0,KINZIE ST,Monthly Maintenance Permit,REQUIRED MAINTENANCE OF ELECTRICAL EQUIPMENT INSIDE CHOCOLATE FACTORY PLANT; WIRED CIRCUITS FOR POWER AND CONTROL; WORKED ON COMMUNICATION CIRCUITS FOR DATA MONITORING AND VISUALIZATION OF PROCESS VALUES.,0.0,400.0,243600.0,27.0,1172231.085536217,1902955.411466567,2008,08,05,0,0,1
122220,1949625,100251569,PERMIT - NEW CONSTRUCTION,2008-09-15T00:00:00.000,2008-09-15T00:00:00.000,2465.0,BURLING ST,,PRIVATE GARAGE WITH GREEN ROOFTOP TERRACE WITH GROUND LEVEL TERRACE,0.0,450.0,702.0,43.0,1170893.577535821,1916836.645680808,2008,09,15,0,0,1
125520,1957386,100256139,PERMIT - RENOVATION/ALTERATION,2008-09-11T00:00:00.000,2008-10-08T00:00:00.000,1000.0,WASHINGTON BLVD,,ERECT NEW PERGOLA TO EXISTING GREEN ROOF. ALTERATIONS TO PERMIT #100187484.,0.0,175.0,2802.0,27.0,1169747.6844968658,1900753.9837312417,2008,10,08,0,0,1
125629,1957640,B100256283,PERMIT – EXPRESS PERMIT PROGRAM,2008-09-05T00:00:00.000,2008-09-05T00:00:00.000,600.0,KINZIE ST,Monthly Maintenance Permit,REQUIRED MAINTENANCE OF ELECTRIC EQUIPMENT IN THE CHOCOLATE MANUFACTURING PLANT; WIRE ADDITIONAL CIRCUITS FOR POWER AND CONTROL LOADS.,0.0,400.0,243600.0,27.0,1172231.085536217,1902955.411466567,2008,09,05,0,0,1
125630,1957643,100256284,PERMIT - RENOVATION/ALTERATION,2008-09-05T00:00:00.000,2008-09-17T00:00:00.000,3915.0,HOYNE AVE,,"TWO STORY FRAME ADDITION AT REAR OF EXISTING 2 STORY FRAME HOUSE, WITH BASEMENTS.  HOUSE HAS GABLE ROOF, ADDITION TO HAVE FLAT GREEN ROOF AS PER PLANS - INCLUDING ELECTRICAL. PLUMBING AND HVAC WORK",0.0,1129.17,505.0,47.0,1161694.7896601344,1926061.8471428256,2008,09,17,0,0,1
126849,1960416,100257892,PERMIT - RENOVATION/ALTERATION,2008-10-20T00:00:00.000,2008-10-22T00:00:00.000,8.0,MONROE ST,,CONSTRUCT GREEN ROOF ON EXISTING 21 STORY 170 DWELLING UNIT BUILDING.,0.0,497.73,3203.0,42.0,1176314.7907103803,1899962.107486524,2008,10,22,0,0,1
127297,1961545,100258476,PERMIT - RENOVATION/ALTERATION,2008-09-22T00:00:00.000,2009-03-24T00:00:00.000,50.0,OHIO ST,,INSTALLATION OF PLANTERS TO EXTERIOR WALLS OF A PARKING GARAGE TO INCLUDE IRRIGATION AND DRAINAGE SYSTEMS,0.0,375.0,815.0,42.0,1176791.9970148243,1904253.4630205948,2009,03,24,0,1,1
127299,1961547,100258478,PERMIT - RENOVATION/ALTERATION,2008-09-22T00:00:00.000,2009-03-24T00:00:00.000,177.0,WELLS ST,,"INSTALLATION OF PLANTERS TO EXTERIOR WALLS OF A PARKING GARAGE, INSTALL IRRIGATION SYSTEM, AND TRAY PLANTARS ON THE ROOF",0.0,801.96,3202.0,42.0,1174742.0296758865,1901554.1156399855,2009,03,24,0,0,1
127965,1963255,100259359,PERMIT - RENOVATION/ALTERATION,2008-09-25T00:00:00.000,2008-09-29T00:00:00.000,5700.0,LAKE SHORE DR,,"ADDITION OF NEW CENTRAL CHILLED WATER PLANT AND ASSOCIATED EQUIPMENT, DEMOLITION WORK",4485.25,4485.25,4110.0,5.0,1189643.311333888,1867483.815786542,2008,09,29,0,0,1
129391,1966484,B100261157,PERMIT – EXPRESS PERMIT PROGRAM,2008-10-06T00:00:00.000,2008-10-06T00:00:00.000,600.0,KINZIE ST,Monthly Maintenance Permit,REQUIRED MAINTENANCE OF ELECTRICAL EQUIPMENT INSIDE CHOCOLATE MANUFACTURING PLANT; WIRE CIRCUITS FOR POWER AND CONTROL; WIRE COMMUNICATION DEVICES FOR DATA COLLECTION AND SYSTEMS MONITORING.,0.0,400.0,243600.0,27.0,1172231.085536217,1902955.411466567,2008,10,06,0,0,1
130379,1969118,B100262425,PERMIT – EXPRESS PERMIT PROGRAM,2008-10-14T00:00:00.000,2008-10-15T00:00:00.000,6053.0,BLACKSTONE AVE,Electrical Work,UNIVERSITY OF CHICAGO/STEAM PLANT/TEMPORARY BOILERS,150.0,150.0,420100.0,5.0,1186936.0976526376,1864905.1357627956,2008,10,15,0,0,1
131743,1972445,100264185,PERMIT - NEW CONSTRUCTION,2008-10-24T00:00:00.000,2008-10-24T00:00:00.000,1200.0,78TH ST,,7 STORY TYPE 1A 102 UNIT SENIOR RESIDENCE WITH GREEN ROOF- PLANNED DEVELOPMENT,27908.0,27908.0,4501.0,8.0,1185587.7421578558,1853564.4589579385,2008,10,24,0,0,1
132159,1973524,100264754,PERMIT - RENOVATION/ALTERATION,2008-10-29T00:00:00.000,2009-03-24T00:00:00.000,181.0,DEARBORN ST,,INSTALLATION OF PLANTERS TO EXTERIOR WALLS OF A PARKING GARAGE,0.0,513.36,3202.0,42.0,1175948.7064611134,1901597.9734012575,2009,03,24,0,0,1
132160,1973525,100264755,PERMIT - RENOVATION/ALTERATION,2008-10-29T00:00:00.000,2009-04-23T00:00:00.000,318.0,FEDERAL ST,,INSTALLATION OF PLANTERS TO EXTERIOR WALLS OF A PARKING GARAGE,0.0,825.0,3205.0,2.0,1175828.934763668,1898782.100565069,2009,04,23,0,0,1
132162,1973527,100264757,PERMIT - RENOVATION/ALTERATION,2008-10-29T00:00:00.000,2009-03-24T00:00:00.000,20.0,RANDOLPH ST,,INSTALLATION OF PLANTERS TO EXTERIOR WALLS OF A PARKING GARAGE,0.0,375.0,3201.0,42.0,1176536.5216395066,1901330.3563765113,2009,03,24,0,0,1
132163,1973528,100264758,PERMIT - RENOVATION/ALTERATION,2008-12-15T00:00:00.000,2009-03-24T00:00:00.000,326.0,WELLS ST,,INSTALLATION OF PLANTERS TO EXTERIOR WALLS OF A PARKING GARAGE,0.0,375.0,3205.0,2.0,1174741.7048287126,1898712.2800122355,2009,03,24,0,0,1
132651,1974710,100265374,PERMIT - RENOVATION/ALTERATION,2008-10-31T00:00:00.000,2008-10-31T00:00:00.000,1645.0,ONTARIO ST,,"1645 W ONTARIO- GREEN ROOF ONLY, ATOP CONDO UNIT #2E",0.0,240.0,2432.0,1.0,1165134.6545540197,1904170.9864595565,2008,10,31,0,0,1
133056,1975770,B100265976,PERMIT – EXPRESS PERMIT PROGRAM,2008-11-05T00:00:00.000,2008-11-05T00:00:00.000,600.0,KINZIE ST,Monthly Maintenance Permit,"REQUIRED MAINTENANCE OF ELECTRICAL EQUIPMENT INSIDE CHOCOLATE FACTORY PLANT; WIRE CIRCUITS FOR POWER AND CONTROL, REWIRE EXISTING EQUIPMENT, WIRE COMMUNICATION SYSTEMS FOR PLANT PROCESS MONITORING AND DATA ACQUISITION.",0.0,400.0,243600.0,27.0,1172231.085536217,1902955.411466567,2008,11,05,0,0,1
133194,1978830,100266154,PERMIT - RENOVATION/ALTERATION,2008-11-06T00:00:00.000,2009-01-27T00:00:00.000,330.0,WABASH AVE,,"INSTALL 6,680 SQFT OF GREEN ROOF ON AN EXISTING 52 STORY HIGHRISE.",2037.4,2112.4,815.0,42.0,1176567.7158615051,1902546.2920632963,2009,01,27,0,0,1
134381,1994337,100267730,PERMIT - RENOVATION/ALTERATION,2008-11-26T00:00:00.000,2008-11-26T00:00:00.000,5700.0,CICERO AVE,,GREEN ROOF MODULES AT VARIOUS LOCATIONS ON EXISTING MIDWAY AIRPORT PARKING GARAGE.,0.0,825.0,5612.0,23.0,1145607.9660026017,1866377.4161644632,2008,11,26,0,0,1
136151,2000122,B100270220,PERMIT – EXPRESS PERMIT PROGRAM,2008-12-05T00:00:00.000,2008-12-05T00:00:00.000,600.0,KINZIE ST,Monthly Maintenance Permit,"REQUIRED MAINTENANCE OF ELECTRICAL EQUIPMENT INSIDE CHOCOLATE FACTORY PLANT; CHECK MOTORS, CIRCUITS, EMERGENCY LIGHTING LOADS; WIRE ADDITIONAL CIRCUITS FOR POWER AND CONTROL; WIRE COMMUNICATION CIRCUITS FOR DATA LOGGING AND MACHINES MONITORING.",0.0,400.0,243600.0,27.0,1172231.085536217,1902955.411466567,2008,12,05,0,0,1
136208,2000250,100270307,PERMIT - RENOVATION/ALTERATION,2008-12-08T00:00:00.000,2008-12-10T00:00:00.000,140.0,ROOSEVELT RD,,REVISION TO PERMIT # 100205864.  RECONFIGURATION OF RESIDENTIAL UNITS.  MODIFICATION OF MECHANICAL PENTHOUSE AND GREEN ROOF LAYOUT.,0.0,24990.06,3205.0,2.0,1175272.2679976006,1895071.4990133464,2008,12,10,0,0,1
136398,2000926,100270587,PERMIT - EASY PERMIT PROCESS,2008-12-09T00:00:00.000,2008-12-09T00:00:00.000,300.0,RANDOLPH ST,,"COMPLETE FINAL PHASE OF PLANT 3 BY INSTALLING TWO NEW CENTRIFUGAL PACKAGED R-123 LIQUID CHILLERS DEVELOPING 1,100 HP. EACH . WATER COOLED,SELF CONTAINED AND LOCATED IN THE BASEMENT. TO BE INSTALLED IN A CITY OF CHICAGO MACHINERY ROOM PER CODE.",0.0,800.0,3201.0,42.0,1178363.8727460606,1901353.091891168,2008,12,09,0,0,1
137093,2003434,100271579,PERMIT - NEW CONSTRUCTION,2008-12-17T00:00:00.000,2008-12-18T00:00:00.000,901.0,63RD ST,,"A SIX STORY, 99 D.U. RESIDENTIAL BUILDING UTILIZING CAST-IN-PLACE CONCRETE STRUCTURE WITH MASONRY VENEER.  GREEN ELEMENTS INCLUDE  A GREEN ROOF, GEOTHERMAL HEATING AND COOLING, A NATURALIZED DETENTION BASIN, AND A PERMEABLE PAVING PARKING LOT",51855.8,51855.8,6810.0,16.0,1171373.6614958383,1863023.367788629,2008,12,18,0,0,1
138433,2008435,100273759,PERMIT - RENOVATION/ALTERATION,2009-01-16T00:00:00.000,2009-03-06T00:00:00.000,351.0,21ST ST,,REVISION TO EXISTING PERMIT #100243274 TO ADD ONE ADDITIONAL CHILLER AND A WATER RISER SYSTEM TO THE EXISTING CHILLER PLANT,0.0,375.0,3301.0,2.0,1178942.5732110855,1890287.0587496164,2009,03,06,0,0,1
138474,2008558,100273818,PERMIT - RENOVATION/ALTERATION,2009-01-08T00:00:00.000,2009-01-09T00:00:00.000,1701.0,57TH DR,,"ADDITION OF NEW CENTRAL CHILLED WATER PLANT AND ASSOCIATED EQUIPMENT PER PLANS. NEW COOLING TOWER SETS ON NEW CONCRETE FOUNDATION PIERS. ERECT NEW STONE, MASONRY AND METAL SCREEN WALL WITH NEW CONCRETE FOUNDATIONS.  REMOVE EXISTING WOOD CONSTRUCTION AND CONSTRUCT EQUIPMENT PLATFORM FOR NEW PUMP & FAN ROOM.  ERECT NEW PARTITIONS FOR NEW OFFICE, MECHANICAL & ELECTRICAL ROOMS.  CERTIFICATE OF OCCUPANCY IS REQUIRED.",17775.0,17775.0,4110.0,5.0,1188646.1960026042,1867881.7692925937,2009,01,09,0,0,1
139178,2010925,100274971,PERMIT - RENOVATION/ALTERATION,2009-01-23T00:00:00.000,2009-01-23T00:00:00.000,3020.0,LAMON AVE,,"ROOF RECPLACEMENT THROUGHOUT, REPAIR INTERIOR WATER DAMAGE, TUCKPOINT PARAPETS, RPLACE BIRDSCREENOVER LIGHTWELL, PLANT TREES, REPLACE CONDUIT ATTACHMENTS.",100245.0,100245.0,1902.0,31.0,1143139.2851312044,1919727.76446953,2009,01,23,0,0,1
139356,2011485,100275208,PERMIT - RENOVATION/ALTERATION,2009-03-27T00:00:00.000,2009-06-09T00:00:00.000,1428.0,STATE PKWY,,REMOVAL OF EXISTING DECK ABOVE GARAGE FOR NEW DECK WITH PLANTINGS AS PER PLANS,0.0,200.0,802.0,42.0,1175984.2874490223,1910084.919424784,2009,06,09,0,0,1
140553,2016176,100276786,PERMIT - RENOVATION/ALTERATION,2009-02-06T00:00:00.000,2009-03-25T00:00:00.000,1106.0,BRYN MAWR AVE,,"REHABILITATION OF EXISTING 1 STORY MASONRY BUILDING, COMBINE EXISTING RETAIL 1 AND 2 AT 1106-08 W BRYN MAWR TOGETHER FOR A NEW DRY CLEANERS DROP-OFF AND PICK UP ONLY ( NO ON-PREMISE PLANT ).",0.0,700.6,306.0,48.0,1167765.1490812935,1937396.3240371288,2009,03,25,0,0,1
140928,2017704,100277300,PERMIT - NEW CONSTRUCTION,2009-06-18T00:00:00.000,2009-07-21T00:00:00.000,3315.0,CARMEN AVE,,ARTIFICIAL TURF TO REPLACE EXISTING LAWN AREA. TREES AND OTHER PLANTING TO BE ADDED AND AN EXISTING FENCE MOVED. STORMWATER REVIEW FEE PAID TO THE REVIEWER.,1075.0,1075.0,1305.0,39.0,1153208.3431230115,1933650.397942082,2009,07,21,0,1,1
141234,2019086,B100277676,PERMIT – EXPRESS PERMIT PROGRAM,2009-02-11T00:00:00.000,2009-02-11T00:00:00.000,600.0,KINZIE ST,Monthly Maintenance Permit,REQUIRED MAINTENANCE OF ELECTRICAL EQUIPMENT INSIDE CHOCOLATE FACTORY PLANT; REWIRE CIRCUITS FOR POWER AND CONTROL DEVICES; WORK ON WIRING COMMUNICATION SYSTEM FOR DATA LOGGING AND MONITORING.,0.0,350.0,243600.0,27.0,1172231.085536217,1902955.411466567,2009,02,11,0,0,1
142705,2023231,100279502,PERMIT - NEW CONSTRUCTION,2009-03-27T00:00:00.000,2009-04-28T00:00:00.000,4707.0,MARQUETTE RD,,"CONSTRUCTION OF NEW 104,000 SF, 3 STORY, L-PROTOTYPE, K-12 SCHOOL FOR THE CHICAGO PUBLIC SCHOOL SYSTEM.  CONSTRUCTION INCLUDES STEEL FRAME, NON-LOAD BEARING MASONRY CAVITY WALL, CAST-IN-PLACE CONCRETE ROOF AND FLOOR SLABS, CAST-IN-PLACE CONCRETE FOUNDATION WALLS AND SPREAD FOOTINGS AND THERMOPLASTIC SINGLE-PLY MEMBRANE ROOFING WITH 25% GREEN ROOF.",39554.54,39554.54,6505.0,13.0,1146123.6399020215,1859720.3880762411,2009,04,28,0,0,1
142755,2023355,100279565,PERMIT - NEW CONSTRUCTION,2009-04-16T00:00:00.000,2009-05-01T00:00:00.000,634.0,DEARBORN ST,,"NEW PLAZA SPACE WITH SEATING, PATHS, LIGHTING, RAILINGS, GREENSCREENS, PLANTINGS AND REMEDIATION",1575.0,1575.0,3205.0,2.0,1175980.436991606,1897444.7291021915,2009,05,01,0,0,1
143215,2024718,B100280174,PERMIT – EXPRESS PERMIT PROGRAM,2009-03-05T00:00:00.000,2009-03-05T00:00:00.000,600.0,KINZIE ST,Monthly Maintenance Permit,"REQUIRED MAINTENANCE OF ELECTRICAL EQUIPMENT INSIDE CHOCOLATE PRODUCTION PLANT; WIRE CIRCUITS FOR POWER, CONTROL AND COMMUNICATION AS NEEDED FOR PRODUCTION UPDATES.",0.0,400.0,243600.0,27.0,1172231.085536217,1902955.411466567,2009,03,05,0,0,1
145430,2031936,100283143,PERMIT - RENOVATION/ALTERATION,2009-03-20T00:00:00.000,2009-03-27T00:00:00.000,705.0,ADDISON ST,,THE WORK CONSISTS OF: MECHANICAL ROOM AND EQUIPMENT RENOVATIONS IN BOOTH HALL; UNDERGROUND PIPING; SYSTEM CONTROLS; AND CORRESPONDING SITE WORK FOR CHILLER PLANT WORK,750.0,800.0,618.0,46.0,1170816.13871796,1924099.5833612676,2009,03,27,0,0,1
145431,2031937,100283144,PERMIT - RENOVATION/ALTERATION,2009-03-20T00:00:00.000,2009-04-01T00:00:00.000,3539.0,HALSTED ST,,"THE WORK CONSISTS OF: THE CONSTRUCTION OF A CENTRAL CHILLER PLANT, MECHANICAL ROOM AND EQUIPMENT RENOVATIONS IN COX, UNDERGROUND PIPING; SYSTEM CONTROLS; AND CORRESPONDING SITE WORK.",0.0,50.0,618.0,46.0,1170330.1810360886,1923879.22627223,2009,04,01,0,0,1
145432,2031938,100283145,PERMIT - RENOVATION/ALTERATION,2009-03-20T00:00:00.000,2009-04-01T00:00:00.000,731.0,ADDISON ST,,"THE WORK CONSISTS OF: MECHANICAL ROOM AND EQUIPMENT RENOVATIONS IN MARSHALL HALL, UNDERGROUND PIPING; SYSTEM CONTROLS; AND CORRESPONDING SITE WORK FOR CHILLER PLANT ADDITION",0.0,50.0,618.0,46.0,1170554.150293874,1924094.0204317784,2009,04,01,0,0,1
145605,2032439,100283378,PERMIT - RENOVATION/ALTERATION,2009-03-23T00:00:00.000,2009-05-28T00:00:00.000,1000.0,OHIO ST,,INT. BUILDOUT OF TWO ROOMS WITH NEW HVAC AT JARDINE WATER PURIFICATION PLANT AS PER PLANS.,0.0,1405.31,814.0,42.0,1183213.414379655,1904604.8644569567,2009,05,28,0,0,1
146947,2036176,100285282,PERMIT - NEW CONSTRUCTION,2009-05-26T00:00:00.000,2009-06-03T00:00:00.000,3248.0,HOYNE AVE,,"SINGLE FAMILY RESIDENCE WITH NEW (2) STORY ADDITION, MEZZANINE, NEW ATTACHED (2) CAR GARAGE W/ GREEN ROOF.  GREEN PERMIT PROGRAM.  SELF CERTIFIED.  CONDITIONAL APPROVAL SUBJECT TO FIELD INSPECTION.",1595.93,1670.93,511.0,32.0,1161735.453861379,1921774.5066689176,2009,06,03,0,0,1
147045,2036508,B100285420,PERMIT – EXPRESS PERMIT PROGRAM,2009-04-03T00:00:00.000,2009-04-06T00:00:00.000,600.0,KINZIE ST,Monthly Maintenance Permit,REQUIRED MAINTENANCE OF ELECTRICAL EQUIPMENT INSIDE CHOCOLATE FACTORY PLANT; ANNUAL ELECTRICAL EQUIPMENT CLEANING; SCHEDULED PMS ON EQUIPMENT DOWN FOR REPAIRS; WIRE ADDITIONAL CIRCUITS FOR POWER AND CONTROLS.,0.0,400.0,243600.0,27.0,1172231.085536217,1902955.411466567,2009,04,06,0,0,1
147309,2037328,B100285806,PERMIT – EXPRESS PERMIT PROGRAM,2009-04-07T00:00:00.000,2009-04-16T00:00:00.000,65.0,GOETHE ST,Electrical Work,INSTALL NEW GFIS IN PLANTER BOXES,0.0,50.0,80100.0,43.0,1176745.6840377166,1909033.710390417,2009,04,16,0,0,1
147360,2037444,100285867,PERMIT - RENOVATION/ALTERATION,2009-04-10T00:00:00.000,2009-06-05T00:00:00.000,5311.0,BLACKSTONE AVE,,"PROVIDE NEW SIDEWALK PLANTERS, MOVE REVOLVING DOOR AND SWING DOOR TO FACE OF BUILDING AND CHANGE 2ND FLOOR FRAMING FROM PRECAST CONCRETE DECK TO STEEL FRAME AND POURED CONCRETE PER PLANS",0.0,375.0,4108.0,4.0,1186855.6345419418,1870278.5310474737,2009,06,05,0,0,1
147901,2038641,100286503,PERMIT - RENOVATION/ALTERATION,2009-06-12T00:00:00.000,2010-10-27T00:00:00.000,353.0,CHICAGO AVE,,"IN RESPONSE TO BUILDING VIOLATIONS, WE ARE RAISING THE HEIGHT OF THE EXISTING METAL RAILINGS ON THE BALCONIES AND RECONSTRUCTING THE EXISTING ROOF DECK TO MEET CURRENT CODES.- ATTENTION: NO PLANTERS TO BE ON THIS DECK",0.0,375.0,818.0,42.0,1173621.318377383,1905617.6918538483,2010,10,27,0,0,1
148379,2040301,100287151,PERMIT - NEW CONSTRUCTION,2009-05-15T00:00:00.000,2009-09-02T00:00:00.000,7511.0,SOUTH SHORE DR,,"NEW 3 STORY MASONRY SCHOOL. PRE-K THRU 8TH GRADES. NEW PARKING LOT, TRASH ENCLOSURE, GREEN ROOF AND LANDSCAPING. LEED SILVER.",40135.58,40135.58,4314.0,7.0,1196129.9847873156,1856209.4657215965,2009,09,02,0,0,1
148395,2040350,100287171,PERMIT - EASY PERMIT PROCESS,2009-04-16T00:00:00.000,2009-04-16T00:00:00.000,50.0,OHIO ST,,INSTALL DRAIN PIPING IN PLANTER BOXES IN PARKING GARAGE.,0.0,300.0,815.0,42.0,1176791.9970148243,1904253.4630205948,2009,04,16,0,1,1
148400,2040375,100287176,PERMIT - EASY PERMIT PROCESS,2009-04-16T00:00:00.000,2009-04-16T00:00:00.000,21.0,ADAMS ST,,INSTALL DRAIN PIPING TO PLANTER BOXES IN PARKING GARAGE,0.0,300.0,3204.0,42.0,1176624.83217978,1899431.3886826904,2009,04,16,0,1,1
148402,2040379,100287178,PERMIT - EASY PERMIT PROCESS,2009-04-16T00:00:00.000,2009-04-16T00:00:00.000,177.0,WELLS ST,,INSTALL DRAIN PIPING IN EXISTING PLANTER BOXES IN PARKING GARAGE.,0.0,300.0,3202.0,42.0,1174742.0296758865,1901554.1156399855,2009,04,16,0,1,1
150606,2046174,100290057,PERMIT - RENOVATION/ALTERATION,2009-05-05T00:00:00.000,2009-05-05T00:00:00.000,11306.0,DRAKE AVE,,ERECT A SECOND FLOOR ADDITION TO AN EXISTING SINGLE FAMILY RESIDENCE WITH A GREEN ROOF GARDEN AS PER HOME OWNER PLANS.******NO PLUMBING****,0.0,500.0,7404.0,19.0,1154682.479348143,1829319.7033833,2009,05,05,0,0,1
150668,2046323,B100290130,PERMIT – EXPRESS PERMIT PROGRAM,2009-05-05T00:00:00.000,2009-05-05T00:00:00.000,600.0,KINZIE ST,Monthly Maintenance Permit,REQUIRED MAINTENANCE OF ELECTRICAL EQUIPMENT INSIDE CHOCOLATE FACTORY PLANT; REWIRE CIRCUITS FOR POWER AND CONTROLS; WIRE COMMUNICATION DEVICES FOR PROCESSES DATA LOGGING AND ANALYZING.,0.0,600.0,243600.0,27.0,1172231.085536217,1902955.411466567,2009,05,05,0,0,1
152189,2050499,100291975,PERMIT - RENOVATION/ALTERATION,2009-05-20T00:00:00.000,2009-05-20T00:00:00.000,711.0,PAULINA ST,,REVISION TO PERMIT NO. 100217301 FOR MODIFICATIONS TO SEVEN LEVEL SUPPORTED PARKING STRUCTURE & CENTRAL ENERGY PLANT (CERTIFICATE OF OCCUPANCY REQUIRED),75.0,75.0,2829.0,2.0,1165207.785761841,1896831.6373208945,2009,05,20,0,0,1
153660,2054443,100293868,PERMIT - RENOVATION/ALTERATION,2009-06-05T00:00:00.000,2009-06-16T00:00:00.000,6739.0,CHAMPLAIN AVE,,INSTALL NEW GREEN ROOF ON EXISTING 2-STORY RESIDENTIAL BUILDING.NO OTHER CHANGES TO EXISTING BUILDING.,0.0,275.09,4212.0,6.0,1181772.565141417,1860309.2647060135,2009,06,16,0,0,1
154295,2056255,B100294660,PERMIT – EXPRESS PERMIT PROGRAM,2009-06-04T00:00:00.000,2009-06-04T00:00:00.000,600.0,KINZIE ST,Monthly Maintenance Permit,REQUIRED PM ON ELECTRICAL EQUIPMENT INSIDE CHOCOLATE MANUFACTURING PLANT; REWIRE CIRCUITS FOR POWER AND CONTROL DEVICES;,0.0,350.0,243600.0,27.0,1172231.085536217,1902955.411466567,2009,06,04,0,0,1
155139,2058427,100295716,PERMIT - EASY PERMIT PROCESS,2009-06-10T00:00:00.000,2009-06-10T00:00:00.000,3600.0,59TH ST,,SOUTH ELEVATION MASONRY:  REPAIR OF NON - LOAD BEARING EXTERIOR MASONRY WALL AT ICE PLANT (480 SQ FT ) SUBJECT TO FIELD INSPECTION,0.0,325.0,6204.0,14.0,1153294.656296431,1865289.9552579576,2009,06,10,0,0,1
155180,2058562,100295776,PERMIT - EASY PERMIT PROCESS,2009-06-10T00:00:00.000,2009-06-10T00:00:00.000,1000.0,OHIO ST,,JARDINE WATER PURIFICATION PLANT - EAST FILTER BUILDING - ROOF EMERGENCY REPAIR. SUBJECT TO FIELD INSPECTION,0.0,200.0,814.0,42.0,1183213.414379655,1904604.8644569567,2009,06,10,0,0,1
155505,2059486,100296216,PERMIT - RENOVATION/ALTERATION,2009-07-01T00:00:00.000,2010-08-30T00:00:00.000,5757.0,SHERIDAN RD,,"INTERIOR AND EXTERIOR RENOVATION - REPLACEMENT OF EXISTING DETERIORATED ASPHALT SURFACE COURSE IN THE DRIVEWAY, REPAIR OF SPALLED EXTERIOR SURFACES OF CONCRETE PLANTER WALLS AND BASEMENT CEILING, REPLACEMENT OF EXISTING DETERIORATED PLANTER WALL COPING, AND INSTALLATION OF A NEW WATERPROOFING MEMBRANE ON THE PLANTERS' WALLS AND FLOORS AS PER PLANS.",0.0,825.0,306.0,48.0,1168626.0341200405,1938660.43466726,2010,08,30,0,0,1
157676,2064974,100299019,PERMIT - RENOVATION/ALTERATION,2009-06-30T00:00:00.000,2009-06-30T00:00:00.000,4540.0,CAMPBELL AVE,,"SCHOOL ADDITION OF 4,5000 SQ. FT. WITH GREEN ROOF, STAND-ALONE MECHANICAL SYSTEM, WITH PARKING AND LANDSCAPE SITE WORK.",2201.25,2201.25,408.0,47.0,1158841.8988075897,1930252.4591798848,2009,06,30,0,0,1
157821,2065395,100299205,PERMIT - RENOVATION/ALTERATION,2009-07-01T00:00:00.000,2009-08-24T00:00:00.000,3116.0,BELDEN AVE,,"BOILER PLANT REPLACEMENT, WITH OTHER ALTERATIONS TO THE MECHANICAL AND ELECTRICAL SYSTEMS",59799.0,59799.0,2212.0,26.0,1155126.9016249925,1915284.2028514016,2009,08,24,0,0,1
159645,2069980,100301459,PERMIT - SIGNS,2009-07-31T00:00:00.000,2009-08-25T00:00:00.000,100.0,RIVERSIDE PLZ,,"EAST ELEV.-REMOVE EXISTING NON-ILLUM SIGN & BRING TO PLANT FOR INSPECTION, EVALUATE TO DETERMINE IF THE SIGN CAN BE REPAIRED OR REQUIRES REPLACEMENT, AFTER REPAIR/REPLACMENT SIGN WILL BE REINSTALLED.",0.0,300.0,2801.0,42.0,1173388.8330384614,1900817.4323742776,2009,08,25,0,0,1
159895,2070516,100301763,PERMIT - SIGNS,2009-07-31T00:00:00.000,2009-10-20T00:00:00.000,353.0,CLARK ST,,PRIVATE PROPERTY D/F ILLUMINATED DIRECTIONAL SIGN LOCATED ON PRIVATE PROERTY PLANTER FACING NORTH AND SOUTH ELEVATION,0.0,300.0,817.0,42.0,1175510.5880239613,1902910.4983514624,2009,10,20,0,0,1
159896,2070518,100301764,PERMIT - SIGNS,2009-07-31T00:00:00.000,2009-08-25T00:00:00.000,353.0,CLARK ST,,PRIVATE PROPERTY S/F ILLUMINATED SIGN LOCATED ON PRIVATE PROERTY PLANTER WALL FACING SOUTH ELEVATION,0.0,250.0,817.0,42.0,1175510.5880239613,1902910.4983514624,2009,08,25,0,0,1
159898,2070521,100301766,PERMIT - SIGNS,2009-07-31T00:00:00.000,2009-08-25T00:00:00.000,353.0,CLARK ST,,PRIVATE PROPERTY S/F ILLUMINATED SIGN LOCATED ON PRIVATE PROERTY PLANTER WALL FACING NORTH ELEVATION,0.0,250.0,817.0,42.0,1175510.5880239613,1902910.4983514624,2009,08,25,0,0,1
160357,2071775,100302388,PERMIT - RENOVATION/ALTERATION,2009-08-31T00:00:00.000,2009-09-28T00:00:00.000,4235.0,KINZIE ST,,MEAT PLANT INTERIOR REMODELING AS PER PLANS. CONDITIONAL PERMIT SUBJECT TO FIELD INSPECTION.,0.0,855.81,2603.0,28.0,1147933.3811528636,1902203.8229166404,2009,09,28,0,0,1
160682,2072475,100302790,PERMIT - RENOVATION/ALTERATION,2009-08-10T00:00:00.000,2009-09-16T00:00:00.000,2470.0,CLARK ST,,INSTALL NEW ENTRY GLAZING SYSTEM - DECORATIVE CANOPY - PLANTERS AND PAVING ON PRIVATE PROPERTY AS PER PLANS,0.0,1213.54,701.0,43.0,1172471.6975616198,1916849.2923193057,2009,09,16,0,0,1
160882,2072927,B100303089,PERMIT – EXPRESS PERMIT PROGRAM,2009-07-28T00:00:00.000,2009-07-29T00:00:00.000,155.0,HARBOR DR,Electrical Work,INSTALL CONDUITS ONLY FOR FUTURE USE IN PLANTER AREA.,0.0,50.0,320100.0,42.0,1179690.182993199,1901410.3393839337,2009,07,29,0,0,1
162184,2076041,B100304880,PERMIT – EXPRESS PERMIT PROGRAM,2009-08-07T00:00:00.000,2009-08-07T00:00:00.000,600.0,KINZIE ST,Monthly Maintenance Permit,REQUIRED MAINTENANCE OF ELECTRICAL EQUIPMENT INSIDE CHOCOLATE MANUFACTURING PLANT; WORK ON REWIRING EXISTING CIRCUITS FOR COCOA POWDER PROCESSING;,0.0,350.0,243600.0,27.0,1172231.085536217,1902955.411466567,2009,08,07,0,0,1
163432,2078792,100306460,PERMIT - EASY PERMIT PROCESS,2009-08-18T00:00:00.000,2009-08-18T00:00:00.000,3300.0,CHELTENHAM DR,,ROOF REPAIR ONLY TO SOUTH WATER PURIFICATION PLANT,0.0,200.0,4314.0,7.0,1199275.56960979,1854242.3992597167,2009,08,18,0,0,1
164112,2080463,B100307289,PERMIT – EXPRESS PERMIT PROGRAM,2009-08-24T00:00:00.000,2009-08-24T00:00:00.000,541.0,FAIRBANKS CT,Electrical Work,RUN 130 FEET OF PIPE TO INSTALL FOUR (4) RECEPTACLES IN FOUR (4) PLANTER BOXES.,0.0,150.0,81400.0,2.0,1178443.425550768,1904142.0345545968,2009,08,24,0,0,1
164440,2081441,100307709,PERMIT - EASY PERMIT PROCESS,2009-08-26T00:00:00.000,2009-08-27T00:00:00.000,541.0,FAIRBANKS CT,,REPLACE EXISTING STONE PAVERS FOR INSTALLATION OF ELETRICAL OUTLETS ON TREE PLANTERS ON PRIVATE PROPERTY ONLY (WORK APPX 1690 SQ FT); SUBJECT TO FIELD INSPECTIONS (ELECTRICAL PERMIT ON FILE #100307289),0.0,200.0,814.0,42.0,1178443.425550768,1904142.0345545968,2009,08,27,0,0,1
164684,2082216,100308006,PERMIT - REINSTATE REVOKED PMT,2009-08-28T00:00:00.000,2009-08-31T00:00:00.000,632.0,BARRY AVE,,1ST REINSTATEMENT OF PERMIT # 100142166 (ERECT NEW 4 STORIES CONCRETE FRAME RESIDENTIAL BUILDING WITH PARTIAL UNDERGROUND GARAGE AND GREEN ROOF).  ALL CONTRACTORS TO REMAIN.,0.0,4606.5,631.0,44.0,1171357.4543008402,1920745.5279253377,2009,08,31,0,0,1
165036,2082974,100308407,PERMIT - NEW CONSTRUCTION,2009-09-17T00:00:00.000,2010-03-03T00:00:00.000,1355.0,93RD ST,,ERECT NEW FOUNDATION - SHELL AND CORE ONLY FOR NEW WATER PLANT BUILDING - BUILD AS PER PLANS. INTERIOR BUILD-OUT UNDER SEPARATE PERMIT.,0.0,1110.72,4701.0,8.0,1186966.766944567,1843550.0515347193,2010,03,03,0,0,1
165153,2083312,100308561,PERMIT - RENOVATION/ALTERATION,2009-09-01T00:00:00.000,2009-09-14T00:00:00.000,2001.0,CLARK ST,,"RESTORATION OF SOUTH POND IN LINCOLN PARK, CONSTRUCTION OF OPEN AIR PAVILION AND TOILET FACILITY. REMOVE CONCRETE BULKHEAD AND CONTOUR EDGE FOR WETLAND PLANTINGS.",288747.12,288747.12,714.0,43.0,1174036.9162166792,1913677.7317981785,2009,09,14,0,0,1
165677,2084753,B100309245,PERMIT – EXPRESS PERMIT PROGRAM,2009-09-04T00:00:00.000,2009-09-07T00:00:00.000,600.0,KINZIE ST,Monthly Maintenance Permit,REQUIRED MAINTENANCE OF ELECTRICAL EQUIPMENT INSIDE CHOCOLATE MANUFACTURING PLANT; REWIRE CIRCUITS FOR POWER AND LIGHTING;,0.0,350.0,243600.0,27.0,1172231.085536217,1902955.411466567,2009,09,07,0,0,1
165844,2085049,100309454,PERMIT - RENOVATION/ALTERATION,2009-09-10T00:00:00.000,2009-11-05T00:00:00.000,2241.0,LEAVITT ST,,"GREEN RENOVATION.  DECONVERT (2) STORY, (3) D.U. BUILDING AND OFFICE INTO SINGLE FAMILY HOME.  ERECT ROOFTOP STAIR ENCLOSURE, TRELLISES, SOLAR-THERMAL PANELS AND GREEN ROOF PER PLANS.  GREEN PERMIT PROGRAM, BENEFIT TIER II.  CONDITIONAL PERMIT SUBJECT TO FIELD INSPECTION DUE TO SELF CERTIFIED STATUS.",819.0,944.0,2217.0,32.0,1161359.8231445206,1915037.4826229576,2009,11,05,1,0,1
167910,2090348,100312096,PERMIT - NEW CONSTRUCTION,2009-09-29T00:00:00.000,2009-11-19T00:00:00.000,11601.0,TOUHY AVE,,"CONSTRUCTION OF A NEW RENTAL CAR FACILITY AT THE CORNER OF SCHILLING ROAD AND ZEMKE BLVD ON THE PROPERTY OF O'HARE INTERNATIONAL AIRPORT.  THIS IS A FULL BUILDING PERMIT FOR A NEW 5,500 SQ. FT. CUSTOMER SERVICE CENTER, WITH FENCE, TRASH ENCLOSURE, GREEN ROOF, AND THREE CANOPIES TOTALING 4,000 SQ. FT.",5611.5,8717.25,,41.0,1098098.5774643964,1945979.209781826,2009,11,19,0,0,1
168077,2090822,B100312313,PERMIT – EXPRESS PERMIT PROGRAM,2009-09-25T00:00:00.000,2009-10-23T00:00:00.000,5615.0,MARYLAND AVE,Electrical Work,UNIVERSITY OF CHICAGO/STEAM PLANT/UPS EQUIPMENT,200.0,200.0,411400.0,5.0,1182910.040798075,1867887.0830021277,2009,10,23,0,0,1
168640,2092037,100312984,PERMIT - RENOVATION/ALTERATION,2009-09-30T00:00:00.000,2009-09-30T00:00:00.000,831.0,AINSLIE ST,,ADD 600SF OF GREEN ROOF TO EXISTING 3 STORY BUILDING.,0.0,143.0,313.0,48.0,1169679.0560813665,1932948.079020091,2009,09,30,0,0,1
169002,2092782,100313522,PERMIT - NEW CONSTRUCTION,2009-11-18T00:00:00.000,2010-08-25T00:00:00.000,1404.0,OHIO ST,,"NEW CONSTRUCTION OF A (3) STORY MODULAR SINGLE FAMILY RESIDENCE.  SCOPE OF WORK INCLUDES (1) ARRAY OF (2) SOLAR THERMAL PANELS ON ROOF, (4) ARRAYS OF (4) PHOTOVOLTAIC PANELS ON ROOF FOR A TOTAL OF (16) PV PANELS, (540) S.F. GREEN ROOF, (6) RAIN BARRELS FOR IRRIGATION ONLY, AND DETACHED (2) CAR GARAGE.  GREEN PERMIT PROGRAM BENEFIT TIER II (CHICAGO GREEN HOMES 3 STARS RATING).",1000.0,1225.0,2433.0,27.0,1166886.2988945553,1904165.6433777185,2010,08,25,1,1,1
169293,2107935,B100313878,PERMIT – EXPRESS PERMIT PROGRAM,2009-10-05T00:00:00.000,2009-10-05T00:00:00.000,600.0,KINZIE ST,Monthly Maintenance Permit,REQUIRED MAINTENANCE OF ELECTRICAL EQUIPMENT INSIDE CHOCOLATE MANUFACTURING PLANT; WIRE CIRCUITS FOR POWER AND CONTROL; REPLACE EXISTING LIGHTING FIXTURES WITH DUSTTIGHT UNITS;,0.0,300.0,243600.0,27.0,1172231.085536217,1902955.411466567,2009,10,05,0,0,1
170764,2111647,100315858,PERMIT - NEW CONSTRUCTION,2009-11-02T00:00:00.000,2011-02-18T00:00:00.000,2611.0,48TH ST,,NEW CONSTRUCTION OF CPS ELEMENTARY SCHOOL.   PBC PROTOTYPICAL L SHAPED SCHOOL. GREEN PERMIT PROGRAM BENEFIT TIER I. GREEN ROOF (VEGETATED). CONDITIONAL PERMIT.,38499.52,38499.52,5811.0,14.0,1159704.675414275,1872722.7473123176,2011,02,18,0,0,1
171781,2114235,100317265,PERMIT - NEW CONSTRUCTION,2009-11-30T00:00:00.000,2009-11-30T00:00:00.000,3430.0,CALUMET AVE,,"GREEN ROOF 300 SQFT, ROOF AND ROOF DECK ON SFR",0.0,185.0,3507.0,2.0,1179120.347945483,1882161.3213978035,2009,11,30,0,0,1
172700,2116362,100318489,PERMIT - NEW CONSTRUCTION,2010-03-02T00:00:00.000,2010-04-13T00:00:00.000,4326.0,79TH PL,,"NEW TWO STORY SINGLE FAMILY CONCRETE RESIDENCE WITH BASEMENT, ATTIC AND GREEN ROOF. WORK TO INCLUDE NEW PLUMBING, ELECTRICAL AND HVAC SYSTEMS.",0.0,2190.0,7003.0,13.0,1148761.8439233557,1851645.9139056464,2010,04,13,0,0,1
173329,2117827,100319259,PERMIT - RENOVATION/ALTERATION,2009-11-05T00:00:00.000,2009-11-05T00:00:00.000,4448.0,RICHMOND ST,,"DEMO EXISTING GARAGE AND ERECT NEW (1) STORY, (1) CAR GARAGE WITH 129 SF GREEN ROOF AND ROOF DECK.",0.0,393.55,1408.0,33.0,1155866.5385353384,1929620.8591842316,2009,11,05,0,0,1
173513,2118252,B100319475,PERMIT – EXPRESS PERMIT PROGRAM,2009-11-06T00:00:00.000,2009-11-09T00:00:00.000,600.0,KINZIE ST,Monthly Maintenance Permit,REQUIRED MAINTENANCE OF ELECTRICAL EQUIPMENT INSIDE THE CHOCOLATE FACTORY PLANT; REWIRE CIRCUITS FOR POWER AND CONTROLS FOR PROCESSES UPDATES;,0.0,500.0,243600.0,27.0,1172231.085536217,1902955.411466567,2009,11,09,0,0,1
174503,2122055,100320654,PERMIT - NEW CONSTRUCTION,2009-11-17T00:00:00.000,2009-11-17T00:00:00.000,11601.0,TOUHY AVE,,"CONSTRUCTION OF A NEW RENTAL CAR FACILITY AT THE CORNER OF SCHILLING ROAD AND ZEMKE BLVD ON THE PROPERTY OF O'HARE INTERNATIONAL AIRPORT.  THIS IS A FULL BUILDING PERMIT FOR A NEW 5,400 SQ. FT. MAINTENANCE BUILDING, WITH A GREEN ROOF.",75.0,75.0,,41.0,1098098.5774643964,1945979.209781826,2009,11,17,0,0,1
175268,2124514,B100321687,PERMIT – EXPRESS PERMIT PROGRAM,2009-11-24T00:00:00.000,2009-11-24T00:00:00.000,676.0,ST CLAIR ST,Electrical Work,"SECURITY WORK, 19F KOVLER ORGAN TRANSPLANT CTR (03-8948)",0.0,50.0,,,1177672.4641599483,1905075.124994456,2009,11,24,0,0,1
176937,2129234,100323752,PERMIT - RENOVATION/ALTERATION,2009-12-16T00:00:00.000,2010-02-25T00:00:00.000,824.0,CENTRAL AVE,,ONE (1) STORY ADDITION TO EXISTING HYDROLIC FORGING PLANT AS PER PLANS. STORMWATER REVIEW FEE WAS PAID TO REVIEWER ON 2-16-10.,0.0,8570.24,2524.0,29.0,1139171.6553429293,1895533.604251661,2010,02,25,0,1,1
178410,2133537,100325788,PERMIT - NEW CONSTRUCTION,2011-06-14T00:00:00.000,2011-06-14T00:00:00.000,2111.0,47TH ST,,"ERECT A NEW 3 STORY WITH BASEMENT 200,000 SQFT CHICAGO PUBLIC HIGH SCHOOL. STEEL FRAME AND MASONRY CONSTRUCTION BASED ON PROTOTYPICAL DESIGN OF KELLEY CURIE GAGE PARK HIGH SCHOOL. GREEN PERMIT PROGRAM BENEFIT TIER I. 29,400 SQFT GREEN ROOF.",72999.3,72999.3,6115.0,12.0,1163029.1169880903,1873447.7445517092,2011,06,14,0,0,1
181489,2143085,100329713,PERMIT - NEW CONSTRUCTION,2010-02-18T00:00:00.000,2010-03-22T00:00:00.000,1201.0,120TH ST,,NEW CONSTRUCTION OF A 1 STORY OPERATIONS AND MAINTENANCE BUILDING.  ROOF HAS A ROOF DECK AND A GREEN ROOF.,1000.0,1889.22,5304.0,34.0,1170461.628242883,1825171.146938878,2010,03,22,0,0,1
182054,2144602,B100330450,PERMIT – EXPRESS PERMIT PROGRAM,2010-02-12T00:00:00.000,2010-02-12T00:00:00.000,676.0,ST CLAIR ST,Electrical Work,NORTHWESTER MEMORIAL HOSPITAL-'EXEMPT FROM PERMIT FEE'- VOICE AND DATA CABLING-  19TH FLOOR-  KOVLER TRANSPLANT PROJECT,0.0,100.0,,,1177672.4641599483,1905075.124994456,2010,02,12,0,0,1
182668,2146291,100331198,PERMIT - RENOVATION/ALTERATION,2010-02-19T00:00:00.000,2010-02-19T00:00:00.000,211.0,WACKER DR,,"1,919 SFT GREEN ROOF ON EXISTING OFFICE BUILDING",0.0,319.67,3202.0,42.0,1174588.2976796897,1902081.5272122151,2010,02,19,0,0,1
184860,2151896,100333958,PERMIT - NEW CONSTRUCTION,2010-08-26T00:00:00.000,2010-09-24T00:00:00.000,1901.0,LINCOLN PARK W,,"NEW CONSTRUCTION OF (4) STORY WITH BASEMENT SINGLE FAMILY RESIDENCE.  SCOPE OF WORK INCLUDES (4) RAIN BARRELS FOR IRRIGATION ONLY, (3) ROOF DECKS, AND 846 S.F. GREEN ROOF OVER GARAGE, BREEZEWAY, AND AT 4TH FLOOR.  ALSO INCLUDES NEW CONSTRUCTION OF (2) CAR GARAGE ATTACHED TO HOUSE BY BREEZEWAY.  GREEN PERMIT PROGRAM BENEFIT TIER II (CHICAGO GREEN HOMES 3 STARS RATING).  SELF CERTIFICATION PROJECT SUBJECT TO AUDIT AND FIELD INSPECTION.",1524.04,2927.04,715.0,43.0,1173994.909743471,1912972.6893638491,2010,09,24,0,1,1
184921,2152069,100334033,PERMIT - NEW CONSTRUCTION,2010-03-23T00:00:00.000,2010-05-05T00:00:00.000,1827.0,FREMONT ST,,NEW CONSTRUCTION OF (3) STORY WITH BASEMENT SINGLE FAMILY RESIDENCE WITH ATTACHED (3) CAR GARAGE.  GREEN ROOF ON GARAGE.  (1) ARRAY OF (4) SOLAR THERMAL PANELS ON HOUSE ROOF.  GREEN PERMIT PROGRAM BENEFIT TIER II.,2324.61,2474.61,719.0,43.0,1170056.424514991,1912203.5002772713,2010,05,05,1,0,1
185496,2153441,100334772,PERMIT - RENOVATION/ALTERATION,2010-05-03T00:00:00.000,2010-08-25T00:00:00.000,6040.0,KILPATRICK AVE,,"TWO STORY ADDITION TO EXISTING TWO STORY SAUGANASH ELEMENTARY SCHOOL.  NEW ADDITION CONSISTS OF (11) CLASSROOMS, (1) SCIENCE CLASSROOM, LUNCHROOM, STORAGE SPACES, OFFICE SPACE, TOILET ROOMS, GREEN ROOF, NEW FIELD AND PLAYGROUND, AND NEW ACCESSIBLE PARKING LOT.  SCOPE OF WORK ALSO INCLUDES UPDATING CURRENT FIRE SAFETY SYSTEM IN EXISTING SCHOOL.  GREEN PERMIT PROGRAM BENEFIT TIER II.",19943.63,19943.63,1203.0,39.0,1143919.3916490162,1939921.0306548325,2010,08,25,0,0,1
185829,2154251,100335160,PERMIT - RENOVATION/ALTERATION,2010-04-01T00:00:00.000,2010-05-21T00:00:00.000,900.0,MICHIGAN AVE,,"INTERIOR OFFICE ALTERATIONS ON THE 9TH FLOOR TO CREATE 2 NEW CORRIDORS & MODIFICATION TO 14 EXTERIOR WINDOW OPENINGS IN EAST WALL, REINFORCE STRUCTURAL COLUMNS SUPPORTING THE FUTURE 9TH FLOOR GREEN ROOF AS PER PLANS.",0.0,4924.5,812.0,42.0,1177285.361874675,1906673.8034002704,2010,05,21,0,0,1
187384,2158128,100337300,PERMIT - RENOVATION/ALTERATION,2010-04-02T00:00:00.000,2010-04-05T00:00:00.000,307.0,SANGAMON ST,,WALSH HEADQUARTERS RENOVATION- COMPLETE RENOVATION OF EXISTING 3 STORY COMMERCIAL BUILDING WITH 1ST FLOOR ADDITION. GREYWATER/ RAINHARVESTING SYSTEM INCLUDED. GREEN ROOF. GREEN PERMIT PROGRAM BENEFIT TIER II,0.0,14271.34,2818.0,2.0,1170184.045583692,1898744.416712028,2010,04,05,0,1,1
188963,2162283,100339371,PERMIT - NEW CONSTRUCTION,2010-05-05T00:00:00.000,2010-10-01T00:00:00.000,7651.0,HOMAN AVE,,"SOUTHWEST AREA HIGH SCHOOL- 3-STORY NEW CONSTRUCTION HIGH SCHOOL WITH ATHLETIC FIELDS. GREEN PERMIT PROGRAM BENEFIT TIER I. GREEN ROOF 31896 SQFT. 40 SOLAR PANELS.""PRTOTYPE BASED ON KELLY CURIE HIGH SCHOOL (5400 S ST.LOUIS) AND SOUTH SHORE HIGH SCHOOL (1955 E 75TH STREET)"" CERTIFICATE OF OCCUPANCY REQUIRED. GEOTHERMAL SYSTEM INCLUDED.",75109.0,72109.0,7001.0,18.0,1155066.2382258235,1853482.5310971355,2010,10,01,1,0,1
189114,2162681,100339570,PERMIT - NEW CONSTRUCTION,2010-04-19T00:00:00.000,2010-08-10T00:00:00.000,650.0,OAKWOOD BLVD,,NEW CONSTRUCTION OF (2) STORY WITH BASEMENT SINGLE FAMILY RESIDENCE WITH 607 S.F. GREEN ROOF AND (2) SOLAR THERMAL PANELS ON ROOF.  INCLUDES ATTACHED (2) CAR GARAGE WITH ROOF DECK AND 80 S.F. GREEN ROOF.  INCLUDES GEOTHERMAL.  GREEN PERMIT PROGRAM BENEFIT TIER II (CHICAGO GREEN HOMES 3 STARS RATING).  CERTIFIED CORRECTIONS PROJECT.  CONDITIONAL PERMIT SUBJECT TO AUDIT AND FIELD INSPECTION.,1000.0,1150.0,3801.0,4.0,1181433.3596520794,1878855.6350575655,2010,08,10,1,0,1
189135,2162733,100339594,PERMIT - RENOVATION/ALTERATION,2010-04-29T00:00:00.000,2010-06-25T00:00:00.000,900.0,MICHIGAN AVE,,"REMOVE EXISTING ROOF MEMBRANE ON 9TH FLOOR AND REPLACE WITH NEW MEMBRANE, ADDITIONAL INSULATION, GREEN ROOF TRAY SYSTEM AND SALVAGED PAVERS AS WELL AS SOME NEW GRANITE PAVERS PER PLANS",0.0,3277.5,812.0,42.0,1177285.361874675,1906673.8034002704,2010,06,25,0,0,1
189153,2162757,100339616,PERMIT - RENOVATION/ALTERATION,2010-08-09T00:00:00.000,2010-10-04T00:00:00.000,2223.0,BISSELL ST,,EXISTING ROOF TERRACE RENOVATION.  SCOPE OF WORK INCLUDES INSTALLATION OF 280 S.F. GREEN ROOF AND A DECK AND OPEN STAIR ADDITION.  ALSO INCLUDES ADDITION OF EXTERIOR LIGHTING AND ENCLOSURE OF EXISTING (1) STORY REAR OPEN BREEZEWAY CONNECTING THE SINGLE FAMILY RESIDENCE TO THE EXISTING (3) CAR GARAGE.  EXISTING RESIDENCE IS (3) STORIES WITH BASEMENT.  GREEN PERMIT PROGRAM.,0.0,345.13,711.0,43.0,1169628.408389722,1915076.49364153,2010,10,04,0,0,1
189571,2163716,100340122,PERMIT - RENOVATION/ALTERATION,2010-04-21T00:00:00.000,2010-04-22T00:00:00.000,1414.0,DIVISION ST,,"RENOVATION OF EXISTING (3) STORY WITH BASEMENT (3) D.U. BUILDING.  INCLUDES 4TH FLOOR ADDITION, ROOF DECK, AND GREEN ROOF.  GREEN PERMIT PROGRAM BENEFIT TIER II (GREEN ROOF AND EXCEPTIONAL ENERGY).",1763.43,1838.43,2416.0,1.0,1166656.045616199,1908140.5303019832,2010,04,22,0,0,1
189601,2163812,B100340175,PERMIT – EXPRESS PERMIT PROGRAM,2010-04-22T00:00:00.000,2010-04-22T00:00:00.000,900.0,MICHIGAN AVE,Electrical Work,REPLACE EXISTING CIRCUITS FOR OUTDOOR SIDEWALK PLANTER RECEPTACLES WITH SAME. RELOCATE ONE STREET LIGHT.,0.0,100.0,81200.0,42.0,1177285.361874675,1906673.8034002704,2010,04,22,0,0,1
189774,2164390,100340460,PERMIT - NEW CONSTRUCTION,2010-04-23T00:00:00.000,2010-04-23T00:00:00.000,24.0,WALTON ST,,"OGDEN SCHOOL- ERECT NEW 3 STORY ELEMENTARY SCHOOL W/ 92 PARKING SPACES. GREEN ROOF 24,113 SQFT. PHOTOVOLTAIC SOLAR GLAZING. GREEN PERMIT PROGRAM BENEFIT TIER I. CERTIFICATE OF OCCUPANCY REQUIRED",53754.9,53754.9,811.0,42.0,1175917.9834977805,1906947.8592262503,2010,04,23,1,0,1
189933,2164831,100340657,PERMIT - RENOVATION/ALTERATION,2010-05-04T00:00:00.000,2010-05-21T00:00:00.000,2014.0,SEMINARY AVE,,EXTEND AN EXISTING REAR STAIR TO ROOF FOR FUTURE GREEN ROOF AND MECHANICAL MAINTENANCE.,0.0,200.0,710.0,43.0,1168603.9354429413,1913638.6752712757,2010,05,21,0,0,1
189990,2164978,100340721,PERMIT - RENOVATION/ALTERATION,2010-05-06T00:00:00.000,2010-05-19T00:00:00.000,4626.0,LOWELL AVE,,"RENOVATIONS TO EXISTING (2) STORY WITH BASEMENT SINGLE FAMILY RESIDENCE.  SCOPE OF WORK INCLUDES REPLACE MECHANICAL AND PLUMBING SYSTEMS, UPGRADE AND REPLACE ELECTRICAL SYSTEMS, REPLACE WOOD DECK, REPLACE INTERIOR STRUCTURAL COLUMNS AND FOOTINGS, AND INSTALLATION OF (1) ARRAY OF (4) SOLAR THERMAL PANELS ON ROOF.  NEW CONSTRUCTION OF DETACHED (2) CAR GARAGE WITH 528 S.F. GREEN ROOF.  GREEN PERMIT PROGRAM BENEFIT TIER II.",603.87,753.87,1602.0,45.0,1146351.6822448762,1930500.1929240343,2010,05,19,1,0,1
190153,2165368,100340913,PERMIT - RENOVATION/ALTERATION,2010-05-03T00:00:00.000,2010-07-19T00:00:00.000,2.0,RIVERSIDE PLZ,,EXTERIOR ALTERATIONS TO EXISTING 6TH FLOOR ROOF FOR NEW DECKING AND PLANTERS OF EXISTING OFFICE BUILDING AS PER PLAN,0.0,532.5,2801.0,42.0,1173361.3125927148,1900347.5391160296,2010,07,19,0,0,1
191076,2167810,100342116,PERMIT - RENOVATION/ALTERATION,2010-07-28T00:00:00.000,2010-08-04T00:00:00.000,3110.0,SHERIDAN RD,,"SELECTIVE DEMOLITION PER PLANS. INSTALLATION OF NEW ENTRY CANOPY, PLANTERS, & FACADE LIGHTING (NO CHANGE IN ZONING, BUILDING OR EXITING REQUIREMENTS) AT THE EXISTING (1A CONSTRUCTION) BUILDING 102 DWELLING UNITS ,DRY CLEANERS, BEAUTY SALON.",0.0,375.0,632.0,44.0,1172991.474605401,1920793.1027877284,2010,08,04,0,0,1
193435,2174062,100345644,PERMIT - NEW CONSTRUCTION,2010-06-08T00:00:00.000,2010-11-19T00:00:00.000,1412.0,BLUE ISLAND AVE,,"ERECT NEW 2 STORY TYPE 1C POLICE STATION. GREEN ROOF 12,656 SQFT(52 %). RAINWATER HARVESTING SYSTEM FOR TOILET FLUSHING AND IRRIGATION. GREEN PERMIT PROGRAM BENEFIT TIER I.",38015.48,38015.48,2839.0,2.0,1168487.8448018378,1893384.454785288,2010,11,19,0,1,1
193818,2174974,100346151,PERMIT - RENOVATION/ALTERATION,2010-06-18T00:00:00.000,2010-08-09T00:00:00.000,1520.0,STATE PKWY,,"INSTALLATION OF ROOF TERRACE AND 379 S.F. GREEN ROOF ON EXISTING (2) STORY 11 DU RESIDENTIAL BUILDING.  SCOPE OF WORK INCLUDES REMOVAL AND REPLACEMENT OF EXISTING ROOF STRUCTURE, ROOF, AND WATERPROOFING SYSTEM.  SCOPE OF WORK ALSO INCLUDES NEW PAVING, PLANTERS, LANDSCAPING, AND PRIVACY SCREENS.",0.0,159.16,802.0,42.0,1175966.4423535415,1910634.3172413823,2010,08,09,0,0,1
194806,2177427,100347542,PERMIT - RENOVATION/ALTERATION,2010-07-29T00:00:00.000,2010-10-07T00:00:00.000,157.0,GRAND AVE,,"ADDITION OF A PLANTED ""GREEN WALL"" TO THE ROOF.",485.32,485.32,817.0,42.0,1174833.1224195869,1903824.481705276,2010,10,07,0,0,1
194818,2177464,100347558,PERMIT - RENOVATION/ALTERATION,2010-06-29T00:00:00.000,2011-02-22T00:00:00.000,1369.0,DEAN ST,,"RENOVATION OF EXISTING (2) STORY WITH BASEMENT (2) D.U. RESIDENCE.  SCOPE OF WORK INCLUDES DECONVERSION TO SINGLE FAMILY RESIDENCE.  SCOPE OF WORK ALSO INCLUDES (2) STORY AND (1) STORY ADDITIONS, (1) ARRAY OF (3) SOLAR THERMAL PANELS, (901) S.F. GREEN ROOF, (1) CAR GARAGE, AND ROOF DECK ON (1) STORY ADDITION.  GREEN PERMIT PROGRAM BENEFIT TIER II (LEED GOLD).",1221.39,1371.39,2415.0,1.0,1164529.2657167704,1909559.0565464892,2011,02,22,1,0,1
194861,2177571,100347608,PERMIT - EASY PERMIT PROCESS,2010-06-04T00:00:00.000,2010-06-04T00:00:00.000,446.0,ONTARIO ST,,REMOVE EXISTING RIVER ROCK BALLAST ON THE MAIN ROOF AT THE GREEN ROOF AREAS & LOWER TO THE GROUND FOR DISPOSAL OFF SITE. REMOVE EXISTING DETERIORATED POLYSTYRENE INSULATION & DISPOSE OF OFF SITE. INSTALL NEW LAYER OF EXTRUDED POLYSTYRENE INSULATTION & DRAINAGE COMPOSITE MAT IN THE DESIGNATED AREA.  INSTALL LIVE ROOF FULLY MATURE GREEN ROOF MODULES- SAME AS EXISTING ROOF; SUBJECT TO FIELD INSPECTIONS,0.0,375.0,814.0,42.0,1179569.767900365,1904623.8456451704,2010,06,04,0,1,1
195440,2178970,100348324,PERMIT - RENOVATION/ALTERATION,2010-07-19T00:00:00.000,2010-07-28T00:00:00.000,1841.0,BURLING ST,,INSTALLATION OF ROOF TERRACE AND 223 S.F. GREEN ROOF ON EXISTING (2) STORY SINGLE FAMILY RESIDENCE.  SCOPE OF WORK INCLUDES ROOF STRUCTURAL REPAIRS DUE TO WATER DAMAGE INCLUDING REPLACEMENT OF ROOF FRAMING AND ROOF DECK.  SCOPE OF WORK ALSO INCLUDES NEW 3RD FLOOR ADDITION.  GREEN PERMIT PROGRAM.  SELF-CERTIFICATION PROJECT.  CONDITIONAL PERMIT SUBJECT TO AUDIT AND FIELD INSPECTION.,0.0,385.53,718.0,43.0,1171038.868680538,1912355.6191616144,2010,07,28,0,0,1
195640,2179566,100348580,PERMIT - NEW CONSTRUCTION,2010-10-20T00:00:00.000,2010-10-22T00:00:00.000,2402.0,WASHTENAW AVE,,"NEW CONSTRUCTION OF A CHICAGO PARK DISTRICT FIELDHOUSE AT HAAS PARK.  (1) STORY 11,340 S.F. BUILDING.  SCOPE OF WORK INCLUDES GEOTHERMAL, 2,964 S.F. GREEN ROOF, AND AN UNDERGROUND CISTERN RAINWATER HARVESTING GREYWATER SYSTEM.  GREEN PERMIT PROGRAM BENEFIT TIER II (LEED GOLD CERTIFICATION).",3803.8,3803.8,2203.0,1.0,1157927.850827549,1915897.5369831016,2010,10,22,0,1,1
196261,2181171,100349381,PERMIT - NEW CONSTRUCTION,2010-11-09T00:00:00.000,2010-11-09T00:00:00.000,1214.0,WOOD ST,,"NEW CONSTRUCTION OF (4) STORY WITH BASEMENT (4) UNIT RESIDENCE.  INCLUDES DETACHED (4) CAR GARAGE.  INCLUDES 533 S.F. GREEN ROOF.  INCLUDES (2) RAIN BARRELS FOR IRRIGATION ONLY.  INCLUDES 1,166 S.F. ROOF DECK.  GREEN PERMIT PROGRAM BENEFIT TIER II (CHICAGO GREEN HOMES 3 STARS RATING).",2139.72,7574.72,2414.0,1.0,1164134.0811432605,1908216.6975297052,2010,11,09,0,1,1
196405,2181506,100349580,PERMIT - NEW CONSTRUCTION,2010-12-01T00:00:00.000,2010-12-01T00:00:00.000,743.0,LAWNDALE AVE,,"ERECT 1 STORY PRECAST CONCRETE GYMNASIUM BUILDING. 6,250 SQFT GREEN ROOF WITH 26 PARKING SPACES. SOLAR THERMAL SYSTEM. GREEN PERMIT PROGRAM BENEFIT TIER II. CERTIFICATE OF OCCUPANCY REQUIRED.",3779.2,3954.2,2315.0,27.0,1151619.8588564966,1904903.7351145488,2010,12,01,1,0,1
196540,2181846,100349745,PERMIT - RENOVATION/ALTERATION,2010-07-27T00:00:00.000,2010-09-23T00:00:00.000,3747.0,LAKEWOOD AVE,,"RENOVATION OF EXISTING (2) STORY WITH BASEMENT (2) UNIT RESIDENCE.  SCOPE OF WORK INCLUDES DECONVERSION TO SINGLE FAMILY RESIDENCE, 3RD FLOOR ADDITION, REAR ADDITION, GEOTHERMAL SYSTEM, (1) ARRAY OF (4) SOLAR THERMAL PANELS ON ROOF, ROOF DECK AND PLANTERS, (5) RAIN BARRELS FOR IRRIGATION ONLY, AND NEW CONSTRUCTION OF 604 S.F. GARAGE.  GREEN PERMIT PROGRAM BENEFIT TIER II (CHICAGO GREEN HOMES 3 STARS RATING).",1979.07,2204.07,612.0,44.0,1166996.4032897295,1925196.638662801,2010,09,23,1,1,1
196616,2182044,100349850,PERMIT - RENOVATION/ALTERATION,2010-08-26T00:00:00.000,2010-12-03T00:00:00.000,4235.0,ARCHER AVE,,"INTERIOR AND EXTERIOR ALTERATIONS TENANT BUILD OUT TO OPERATE A NEW RETAIL WALK-IN DRY CLEANERS AND ACCESSORY PLANT, REMOVE REAR OVERHEAD DOOR AND REPLACE WITH NEW PEDESTRIAN DOOR TO THE EXISTING 1 STORY BUILDING AS PER PLANS",0.0,1075.0,5805.0,14.0,1156806.0894857373,1876307.165080508,2010,12,03,0,0,1
197152,2183121,100350498,PERMIT - RENOVATION/ALTERATION,2010-08-05T00:00:00.000,2010-09-15T00:00:00.000,754.0,CLARK ST,,"FRAME ROOFTOP DECK ADDITION ON TOP OF AN EXISTING (3) STORY WITH BASEMENT MASONRY OFFICE BUILDING WITH (3) COMMERCIAL UNITS.  ROOF DECK IS 1,040 S.F. WITH 124 S.F. OF VEGETATED PLANTERS.  SCOPE OF WORK ALSO INCLUDES NEW ELECTRICAL OUTLETS OUTDOORS.  GREEN PERMIT PROGRAM.",0.0,204.5,817.0,42.0,1175356.3727172702,1905663.5657445977,2010,09,15,0,0,1
198494,2186288,100352348,PERMIT - EASY PERMIT PROCESS,2010-07-07T00:00:00.000,2010-07-07T00:00:00.000,717.0,MICHIGAN AVE,,REMOVAL OF AN EXISTING KOISK THAT IS CURRENTLY IN A PLANTER ON THE SOUTH EAST CORNER OF THE SIDEWALK.,0.0,200.0,814.0,42.0,1177338.653269749,1905329.3370679915,2010,07,07,0,0,1
198496,2186298,100352352,PERMIT - RENOVATION/ALTERATION,2010-08-06T00:00:00.000,2010-10-14T00:00:00.000,5418.0,PAULINA ST,,"RENOVATION OF EXISTING (2) STORY WITH BASEMENT (2) UNIT RESIDENCE.  SCOPE OF WORK INCLUDES DECONVERSION TO SINGLE FAMILY RESIDENCE, (2) STORY ADDITION AT REAR, NEW CONSTRUCTION OF DETACHED GARAGE, ROOF DECK AND 619 S.F. GREEN ROOF ON GARAGE, NEW STEEL FRAMED PORCH AT REAR, (22) PHOTOVOLTAIC PANELS ON ROOF, AND (5) RAIN BARRELS FOR IRRIGATION ONLY.  GREEN PERMIT PROGRAM.",0.0,1775.77,309.0,40.0,1163975.08030304,1936140.5132324968,2010,10,14,0,1,1
200160,2190037,100354566,PERMIT - RENOVATION/ALTERATION,2011-01-14T00:00:00.000,2012-05-24T00:00:00.000,3812.0,IRON ST,,"(3812) OPERATIONAL CAMPUS IMPROVEMENTS:  ADDITION TO AND RENOVATION OF (1) STORY BUSINESS OCCUPANCY BUILDING.  EXISTING (40,500) S.F. BUILDING A GARAGE FOR CITY OF CHICAGO STREETS AND SANITATION.  RENOVATION OF (2,200) S.F. OF EXISTING BUILDING.  (1,340) S.F. ADDITION IS AN ACCESSARY OFFICE SPACE FOR THE GARAGE AND INCLUDES (664) S.F. GREEN ROOF.  GREEN PERMIT PROGRAM BENEFIT TIER II (LEED SILVER).  CERTIFICATE OF OCCUPANCY REQUIRED.",2234.4,2234.4,590700.0,11.0,1167852.9803462129,1879447.8640382031,2012,05,24,0,0,1
200756,2191491,100355351,PERMIT - RENOVATION/ALTERATION,2010-07-23T00:00:00.000,2010-07-23T00:00:00.000,54.0,HERMITAGE AVE,,"FULL ROOF REPLACEMENT; 11,500 SQ. FT. GREEN ROOF; MINOR REPAIRS OF INTERIOR FINISHED (DUE TO ROOF LEAKS); LIMITED MASONRY REPAIRS.",47290.0,47290.0,2816.0,27.0,1164687.108894325,1900646.995979243,2010,07,23,0,0,1
204233,2200239,100360057,PERMIT - NEW CONSTRUCTION,2010-08-26T00:00:00.000,2010-08-26T00:00:00.000,2719.0,ROOSEVELT RD,,"OGDEN NORTH DEVELOPMENT- GREEN PERMIT PROGRAM- ERECT A ONE STORY MASONRY VENEER OFFICE BUILDING, 2 PARKING SPACES. GREEN ROOF SQFT 1185. GREEN PERMIT PROGRAM BENEFIT TIER I. CERTIFICATE OF OCCUPANCY REQUIRED.",1725.0,1725.0,2915.0,28.0,1158315.3792497967,1894560.4925833368,2010,08,26,0,0,1
205252,2202983,100361461,PERMIT - NEW CONSTRUCTION,2010-09-01T00:00:00.000,2010-09-03T00:00:00.000,4543.0,LINCOLN AVE,,"NEW CONSTRUCTION OF (3) STORY BUILDING, OLD TOWN SCHOOL OF FOLK MUSIC.  SCOPE OF WORK INCLUDES 5,428 S.F. GREEN ROOF.  GREEN PERMIT PROGRAM BENEFIT TIER II (LEED SILVER CERTIFICATION).  CERTIFICATE OF OCCUPANCY REQUIRED.",10678.2,11003.2,409.0,47.0,1160408.8378951312,1930273.01040548,2010,09,03,0,0,1
205437,2203505,100361695,PERMIT - RENOVATION/ALTERATION,2010-09-03T00:00:00.000,2010-11-09T00:00:00.000,7744.0,STONY ISLAND AVE,,"INTERIOR AND EXTERIOR RENOVATIONS OF EXISTING (2) STORY 23,625 S.F. BUILDING FOR OFFICE AND STORAGE USE.  INTERIOR BUILDOUT AND RENOVATION OF 5,000 S.F. ONLY.  EXTERIOR ENVELOPE REPAIRS AND TUCKPOINTING AS NEEDED.  SCOPE OF WORK INCLUDES 2,750 S.F. GREEN ROOF AND (2) RAIN BARRELS FOR IRRIGATION ONLY.  GREEN PERMIT PROGRAM BENEFIT TIER II (LEED SILVER CERTIFICATION).",0.0,903.28,4310.0,5.0,1188101.152675959,1853801.8364361732,2010,11,09,0,1,1
206425,2206324,100363094,PERMIT - NEW CONSTRUCTION,2011-02-10T00:00:00.000,2011-06-03T00:00:00.000,53.0,PERSHING RD,,"ERECT ONE STORY FIRE STATION FOR CITY OF CHICAGO ENGINE COMPANY 16. LEED CERTIFIED.GREEN ROOF (10,506 SQFT) AND GEOTHERMAL WELLS. NO DEEP FOUNDATIONS. GREEN PERMIT PROGRAM BENEFIT TIER 1.",7161.97,7161.97,3804.0,3.0,1177469.3359677312,1879118.236822709,2011,06,03,0,0,1
207199,2208629,100364188,PERMIT - RENOVATION/ALTERATION,2010-10-19T00:00:00.000,2011-08-15T00:00:00.000,1322.0,ASTOR ST,,DEMO EXISTING  METAL STAIR - ADDITION OF NEW SPIRAL STAIR AT REAR - NEW STONE COURTYARD-PLANTERS AS PER PLANS EXISTING SINGLE FAMILY RESIDENCE.,0.0,305.63,801.0,43.0,1176351.1221193832,1909323.204708313,2011,08,15,0,0,1
207494,2209428,100364564,PERMIT - NEW CONSTRUCTION,2010-09-22T00:00:00.000,2010-09-22T00:00:00.000,8031.0,HALSTED ST,,ERECT A FIVE STORY 60 UNIT AFFORDABLE SENIOR APARTMENT BUILDING. GREEN PERMIT PROGRAM BENEFIT TIER I. 50% GREEN ROOF. CERTIFICATE OF OCCUPANCY REQUIRED.,9742.0,9742.0,7109.0,21.0,1172408.3934339304,1851473.4500946095,2010,09,22,0,0,1
207844,2210378,100365009,PERMIT - RENOVATION/ALTERATION,2010-09-24T00:00:00.000,2010-10-08T00:00:00.000,300.0,ADAMS ST,,"INSTALLATION OF 10,828 S.F. GREEN ROOF TO EXISTING (12) STORY OFFICE BUILDING.  GREEN PERMIT PROGRAM.",0.0,1726.27,3205.0,2.0,1174339.4780060982,1899444.712521254,2010,10,08,0,0,1
209481,2214765,100367171,PERMIT - RENOVATION/ALTERATION,2010-10-14T00:00:00.000,2011-02-09T00:00:00.000,1000.0,OHIO ST,,"ROOF REPLACEMENT OF CANOPY ROOF AND GUARDHOUSE ROOF AT JARDINE.  INSTALLATION OF (2,640) S.F. GREEN ROOF ON CANOPY ROOF.  GREEN PERMIT PROGRAM.",0.0,395.57,814.0,42.0,1183213.414379655,1904604.8644569567,2011,02,09,0,0,1
210635,2217702,100368925,PERMIT - NEW CONSTRUCTION,2010-10-19T00:00:00.000,2010-10-19T00:00:00.000,915.0,60TH ST,,BUILDING PERMIT----UNIVERSITY OF CHICAGO LOGAN ARTS CENTER.  THIS PROJECT CONSISTS OF THE CONSTRUCTION OF A PROPOSED TWO & ELEVEN STORY STUDENT ARTS CENTER.  PROJECT WILL INCLUDE A GREEN ROOF.  (FOUNDATION PERMIT PREVIOUSLY ISSUED.),62575.0,62575.0,4204.0,20.0,1183225.8112912786,1865377.0323621552,2010,10,19,0,0,1
211031,2218860,100369470,PERMIT - RENOVATION/ALTERATION,2010-10-22T00:00:00.000,2010-10-22T00:00:00.000,3202.0,FULTON BLVD,,INSTALLATION OF 1300 S.F. GREEN ROOF ON EXISTING (3) STORY WITH BASEMENT (7) D.U. BUILDING.  GREEN PERMIT PROGRAM.,0.0,182.25,2703.0,28.0,1154938.255089043,1901862.596681157,2010,10,22,0,0,1
211283,2219452,100369791,PERMIT - RENOVATION/ALTERATION,2010-10-25T00:00:00.000,2010-10-25T00:00:00.000,7300.0,KEDZIE AVE,,INTERIOR BUILDOUT CHILLER PLANT AS PER PLANS,0.0,4766.16,6611.0,18.0,1156263.152524937,1856008.8602283848,2010,10,25,0,0,1
211882,2220918,B100370577,PERMIT – EXPRESS PERMIT PROGRAM,2010-10-28T00:00:00.000,2010-10-29T00:00:00.000,5757.0,SHERIDAN RD,Electrical Work,"FURNISH AND INSTALL NEW LIGHITNG IN EXTERIOR PLANTERS, PROVIDE CONNECTIONS TO MOTOR OPERATED DOORS.",0.0,150.0,30600.0,48.0,1168626.0341200405,1938660.43466726,2010,10,29,0,0,1
211925,2221026,100370639,PERMIT - NEW CONSTRUCTION,2010-11-10T00:00:00.000,2011-04-21T00:00:00.000,12200.0,CARONDOLET AVE,,"NEW (470) S.F. OFFICE TRAILER AT EXISTING INDUSTRIAL SITE, PLANNED DEVELOPMENT.  MODULAR BUILDING TO BE BUILT ON EXISTING FOUNDATIONS (PERMIT #100354098).  SCOPE OF WORK INCLUDES (470) S.F. GREEN ROOF.",0.0,563.25,5104.0,10.0,1198334.1046064307,1824207.823370905,2011,04,21,0,0,1
212030,2221397,B100370803,PERMIT – EXPRESS PERMIT PROGRAM,2010-11-01T00:00:00.000,2010-11-01T00:00:00.000,1750.0,HARRISON ST,Electrical Work,CENTRAL ENERGY PLANT DATA CENTER SECURITY SYSTEM (03-1079),0.0,50.0,282500.0,27.0,1164608.971450687,1897457.66556854,2010,11,01,0,0,1
216112,2233775,100376132,PERMIT - RENOVATION/ALTERATION,2010-12-14T00:00:00.000,2010-12-14T00:00:00.000,307.0,SANGAMON ST,,ISSUED TO CORRECT DESCRIPTION OF WORK FOR WALSH HEADQUARTERS RENOVATION- COMPLETE RENOVATION OF EXISTING 3STORY COMMERCIAL BUILDING WITH 4TH FLOOR AND PENTHOUSE ADDITION. GREYWATER/ RAINHARVESTING SYSTEM INCLUDED. GREEN ROOF. GREEN PERMIT PROGRAM BENEFIT TIER II,75.0,75.0,2818.0,2.0,1170184.045583692,1898744.416712028,2010,12,14,0,1,1
216301,2234293,100376346,PERMIT - RENOVATION/ALTERATION,2011-03-16T00:00:00.000,2011-05-18T00:00:00.000,3330.0,WESTERN AVE,,"ALTERATIONS TO EXISTING SHOPPING CENTER, RIVERVIEW PLAZA.  SCOPE OF WORK INCLUDES EXTERIOR FACADE REPAIRS, NEW STORMWATER RETENTION SYSTEM, AND LANDSCAPE IMPROVEMENTS.  ALSO INCLUDES INSTALLATION OF (7,000) S.F. GREEN ROOF.  GREEN PERMIT PROGRAM.",0.0,13494.69,504.0,47.0,1159711.1304243633,1922182.7174142057,2011,05,18,0,1,1
216994,2237000,100377311,PERMIT - RENOVATION/ALTERATION,2011-01-12T00:00:00.000,2011-03-22T00:00:00.000,1340.0,MONROE ST,,"INTERIOR ALTERATIONS TO INCLUDE NEW CHILLER PLANT AS PER PLANS TO AN EXISTING OFFICE AND TECHNOLOGY CENTER- BASEMENT ,3RD, 4TH FLOORS.",0.0,7151.0,2817.0,27.0,1167297.1459164373,1899714.6370842983,2011,03,22,0,0,1
218542,2242299,100379373,PERMIT - RENOVATION/ALTERATION,2011-01-20T00:00:00.000,2011-01-20T00:00:00.000,10841.0,HOMAN AVE,,ERECT A TWO STORY ADDITION TO AN EXISTING ELEMENTARY SCHOOL (INCLUDES FULL FOUNDATION). GREEN PERMIT PROGRAM. BENEFIT TIER I. 25% GREEN ROOF 3375 SQFT. 18 SOLAR THERMAL PANELS (TWO ARRAYS).2 RAIN WATER HARVESTING CISTERNS ABOVE GROUND,286578.24,286578.24,7403.0,19.0,1155639.216432017,1832346.8518609132,2011,01,20,1,1,1
219661,2246301,100380854,PERMIT - NEW CONSTRUCTION,2011-02-08T00:00:00.000,2011-07-22T00:00:00.000,620.0,DRUMMOND PL,,NEW CONSTRUCTION (3) STORY WITH BASEMENT SINGLE FAMILY RESIDENCE.  SCOPE OF WORK INCLUDES ATTACHED (2) CAR GARAGE AND ROOF DECK AND (536) S.F. GREEN ROOF OVER GARAGE.  PLANNED DEVELOPMENT (737).  GREEN PERMIT PROGRAM BENEFIT TIER II (CHICAGO GREEN HOMES (3) STARS RATING).,1685.67,3088.67,702.0,43.0,1171611.1034742575,1918060.7454311263,2011,07,22,0,0,1
220467,2248539,100381820,PERMIT - SIGNS,2011-03-08T00:00:00.000,2011-03-11T00:00:00.000,1111.0,87TH ST,,PERMIT FOR EXISTING 9 SQUARE FOOT NON-ILLUMINATED BUILDING SIGN ON THE NORTH ELEVATION THAT READS: DENTAL IMPLANTS.,0.0,250.0,4701.0,8.0,1185192.0273097318,1847484.8773961111,2011,03,11,0,0,1
220469,2248544,100381822,PERMIT - SIGNS,2011-03-08T00:00:00.000,2011-03-11T00:00:00.000,1111.0,87TH ST,,PERMIT FOR EXISTING 9 SQUARE FOOT NON-ILLUMINATED SIGN ON THE WEST ELEVATION THAT READS: DENTAL IMPLANTS.,0.0,250.0,4701.0,8.0,1185192.0273097318,1847484.8773961111,2011,03,11,0,0,1
221233,2250454,100382719,PERMIT - NEW CONSTRUCTION,2011-02-24T00:00:00.000,2011-02-24T00:00:00.000,1120.0,LOYOLA AVE,,"NEW CONSTRUCTION OF (4) STORY SEMINARY BUILDING WITH (40) DORMITORY UNITS.  SCOPE OF WORK INCLUDES (6) INDOOR PARKING SPACES, LANDSCAPE IMPROVEMENTS, AND (2,406) S.F. GREEN ROOF.  PLANNED DEVELOPMENT.  GREEN PERMIT PROGRAM BENEFIT TIER I (LEED CERTIFIED).",10892.16,11217.16,104.0,49.0,1167409.785498066,1943915.3505415015,2011,02,24,0,0,1
222267,2253383,100384033,PERMIT - RENOVATION/ALTERATION,2011-03-18T00:00:00.000,2011-03-18T00:00:00.000,1122.0,DEARBORN ST,,NEW PLANTERS ON EXISTING ROOF DECK,0.0,375.0,810.0,42.0,1175691.4481687965,1907881.4104367848,2011,03,18,0,0,1
223565,2257251,100385705,PERMIT - NEW CONSTRUCTION,2011-03-29T00:00:00.000,2011-06-21T00:00:00.000,1736.0,WOOD ST,,"NEW CONSTRUCTION OF (3) STORY WITH BASEMENT SINGLE FAMILY RESIDENCE.  SCOPE OF WORK INCLUDES ZONING ADMINISTRATIVE ADJUSTMENT TO COMBINE (3) ADJACENT CITY LOTS.  ALSO INCLUDES GEOTHERMAL SYSTEM-(3) WELLS, (1 1/4) INCH DIAMETER, (400) FEET DEEP.  ALSO INCLUDES GREEN ROOF-(1,106) S.F. TRAY SYSTEM ON HOME AND GARAGE AND (105) S.F. RAISED PLANTER ON GARAGE.  INCLUDES DETACHED (H3) OCCUPANCY (5) CAR GARAGE.",0.0,1381.79,2403.0,32.0,1164037.162120798,1911735.559849494,2011,06,21,0,0,1
223588,2257318,100385736,PERMIT - NEW CONSTRUCTION,2011-03-21T00:00:00.000,2011-03-21T00:00:00.000,3155.0,LAKE SHORE DR,,"ERECT PARKING GARAGE AND HARBOR SERVICES BUILDING TO INCLUDE 83,759 SQFT GREEN ROOF. GREEN PERMIT PROGRAM BENEFIT TIER I.",47269.84,47269.84,3510.0,4.0,1181997.7510600337,1883732.1519214096,2011,03,21,0,0,1
227156,2265652,100390054,PERMIT - RENOVATION/ALTERATION,2011-05-02T00:00:00.000,2011-09-01T00:00:00.000,915.0,DEARBORN ST,,CONSTRUCT BASEMENT LEVEL STORAGE & ELECTRICAL ROOM BELOW EXTERIOR COURTYARD; CONSTRUCT MASONRY PRIVACY WALL ALONG NORTH PROPERTY LINE & TRELLIS OVER A PORTION OF THE COURTYARD AS REV'WD & APPROVED BY LANDMARKS; CONSTRUCT 4 PARKWAY PLANTERS AS REV'WD & APPROVED BY ALDERMAN,0.0,550.0,811.0,42.0,1175810.7964624192,1906627.0962172537,2011,09,01,0,0,1
227205,2265792,100390111,PERMIT - EASY PERMIT PROCESS,2011-04-15T00:00:00.000,2011-04-15T00:00:00.000,505.0,STATE ST,,PLUMBING WORK ONLY - NEW DRAINS FOR EXISTING PLANTERS LOCATED ON THE OUTSIDE GROUND LEVEL AS PER PLANS.,0.0,100.0,815.0,42.0,1176323.6675494004,1903680.0126317504,2011,04,15,0,1,1
228545,2269121,100391840,PERMIT - RENOVATION/ALTERATION,2011-04-28T00:00:00.000,2011-04-28T00:00:00.000,4455.0,RACINE AVE,,"REVISION TO PERMIT TO ADD CANOPY (COVERED WALKWAY), INTERIOR ALTERATIONS TO VESTIBULE, RAINWATER GARDEN, ADDITION OF PLANTERS AT 5TH LEVEL AND NEW EXIT SIGNS. NO CERTIFICATE OF OCCUPANCY REQUIRED",1004.88,1004.88,316.0,46.0,1167522.4323442008,1929973.128597428,2011,04,28,0,1,1
228554,2269149,100391851,PERMIT - NEW CONSTRUCTION,2011-04-28T00:00:00.000,2011-04-28T00:00:00.000,5147.0,ASHLAND AVE,,"NEW CONSTRUCTION OF (2) STORY MEDICAL OFFICE BUILDING, CORE AND SHELL ONLY.  SCOPE OF WORK INCLUDES (1,920) S.F. GREEN ROOF, LANDSCAPE IMPROVEMENTS, AND NEW PARKING LOT WITH (40) SPACES.",0.0,1382.81,6119.0,16.0,1166591.2814038282,1870393.2849486144,2011,04,28,0,0,1
229252,2271029,100392733,PERMIT - NEW CONSTRUCTION,2011-05-04T00:00:00.000,2012-01-23T00:00:00.000,501.0,WABASH AVE,,"NEW CONSTRUCTION OF (2) STORY ATHLETIC FIELDHOUSE FOR ROOSEVELT UNIVERSITY.  SCOPE OF WORK INCLUDES (3,399) S.F. GREEN ROOF.",8906.88,9181.88,3204.0,2.0,1176919.634538693,1898062.1674379031,2012,01,23,0,0,1
230903,2275199,100394794,PERMIT - EASY PERMIT PROCESS,2011-05-19T00:00:00.000,2011-05-19T00:00:00.000,440.0,MCCLURG CT,,MISCELLANEOUS PLAZA/ PLANTER REPAIRS (NO STRUCTURAL WORK)- ALL WORK SAME AS EXISTING,0.0,500.0,0.0,42.0,1179082.9665696109,1903251.5591102017,2011,05,19,0,0,1
232187,2278713,100396432,PERMIT - NEW CONSTRUCTION,2011-09-09T00:00:00.000,2011-10-13T00:00:00.000,700.0,STATE ST,,ERECT (7) STORY WITH BASEMENT SCHOOL WITH BELOW GRADE PARKING.  SCOPE OF WORK INCLUDES () S.F. GREEN ROOF.  GREEN PERMIT PROGRAM BENEFIT TIER II (LEED SILVER).,63121.85,63121.85,3205.0,2.0,1176428.3168424098,1897119.100015796,2011,10,13,0,0,1
232370,2279193,100396660,PERMIT - RENOVATION/ALTERATION,2011-06-10T00:00:00.000,2011-07-15T00:00:00.000,229.0,EUGENIE ST,,INSTALLATION OF (222) S.F. GREEN ROOF ON EXISTING DETACHED GARAGE ADJACENT TO SINGLE FAMILY RESIDENCE.  ROOF REQUIRES STRUCTURAL MODIFICATIONS.,0.0,131.95,715.0,43.0,1174060.340722058,1911569.2422375176,2011,07,15,0,0,1
232545,2279641,100396879,PERMIT - RENOVATION/ALTERATION,2011-06-02T00:00:00.000,2011-06-03T00:00:00.000,350.0,ORLEANS ST,,"ALTERATIONS TO EXISTING GREEN ROOF FOR THE INSTALLATION OF NEW PATIO SPACE AND NEW GREEN ROOF SPACE ON (3RD) FLOOR ROOF TERRACE OF EXISTING BUSINESS OCCUPANCY HIGH RISE BUILDING.  INCLUDES FENCE INSTALLATION BETWEEN NEW PATIO SPACE AND EXISTING SATELLITE FARM SPACE.  INCLUDES (5,526) S.F. OF NEW VEGETATED GREEN ROOF SPACE.",0.0,1037.91,818.0,42.0,1173830.2043093375,1902816.2950918656,2011,06,03,0,0,1
232862,2280428,100397283,PERMIT - RENOVATION/ALTERATION,2011-07-22T00:00:00.000,2011-10-06T00:00:00.000,2927.0,85TH ST,,"NEW DORMER ADDITION ON BOTH SIDES OF THE ROOF AND ALTERATION AS PER PLANTHIS PERMIT SUBJECT TO FIELD INSPECTION, SELF CERTIFIED CORRTECTION",0.0,350.0,7005.0,18.0,1158089.8080061483,1847961.415740448,2011,10,06,0,0,1
232903,2280505,100397328,PERMIT - NEW CONSTRUCTION,2011-08-11T00:00:00.000,2011-11-23T00:00:00.000,2704.0,ARMITAGE AVE,,NEW CONSTRUCTION (4) STORY MIXED-USE (2) D.U. BUILDING. (1ST) FLOOR COMMERCIAL.  SCOPE OF WORK INCLUDES NEW (3) CAR DETACHED GARAGE.*** NO GREEN ROOF ***,0.0,3639.13,2214.0,1.0,1157988.6625778335,1913217.1971134744,2011,11,23,0,0,1
233388,2281909,100397922,PERMIT - SIGNS,2011-07-05T00:00:00.000,2011-07-21T00:00:00.000,845.0,KINGSBURY ST,,"FABRICATED NON-ILLUMINATED ALUMINUM ADDRESS NUMBERS ""845"" INSTALLED IN PLANTER AT SOUTH ENTRANCE TO BUILDING",0.0,250.0,807.0,27.0,1172155.3171543386,1906146.6918315203,2011,07,21,0,0,1
233609,2282519,100398213,PERMIT - NEW CONSTRUCTION,2011-06-16T00:00:00.000,2011-08-19T00:00:00.000,4533.0,SEELEY AVE,,"NEW CONSTRUCTION (2) STORY WITH BASEMENT SINGLE FAMILY RESIDENCE.  SCOPE OF WORK INCLUDES (1,025) S.F. GREEN ROOF, INCLUDES TRAY SYSTEM AND VEGETABLE GARDEN.  INCLUDES (4) SOLAR THERMAL PANELS AND ROOF DECK.  INCLUDES GEOTHERMAL SYSTEM- (4) WELLS, (6) INCH DIAMETER, (300) FEET DEPTH.  INCLUDES DETACHED (2 1/2) CAR GARAGE.  GREEN PERMIT PROGRAM BENEFIT TIER II (CHICAGO GREEN HOMES (3) STARS RATING).",2014.43,3417.43,409.0,47.0,1161790.3798443766,1930250.2617878849,2011,08,19,1,0,1
234054,2283701,100398787,PERMIT - RENOVATION/ALTERATION,2011-07-12T00:00:00.000,2011-08-15T00:00:00.000,2945.0,31ST ST,,INSTALL NEW ROOFTOP AIR HANDLING UNIT AND DUCT WORK; INCLUDING FOUR NEW COLUMNS ON MICROPILE FOOTINGS (EXCEEDING 12 FEET) WITHIN EXISTING ONE-STORY FOOD MANUFACTURING PLANT - TOTAL AREA OF WORK 1700 SQ',0.0,825.0,3013.0,12.0,1157042.6032978934,1883913.2907928056,2011,08,15,0,0,1
234781,2285539,100399701,PERMIT - NEW CONSTRUCTION,2011-06-22T00:00:00.000,2011-06-23T00:00:00.000,3622.0,STATE ST,,"NEW CONSTRUCTION (6) STORY (80) D.U. BUILDING.  SCOPE OF WORK INCLUDES 1ST FLOOR PARKING GARAGE WITH (37) PARKING SPACES, (43) EXTERIOR PARKING SPACES, AND (1,967) S.F. GREEN ROOF.  PARK BOULEVARD PLANNED DEVELOPMENT.  GREEN PERMIT PROGRAM BENEFIT TIER II (CHICAGO GREEN HOMES (3) STARS RATING).",45176.7,45176.7,3515.0,3.0,1176852.061573567,1880860.2298727944,2011,06,23,0,0,1
235233,2286725,100400256,PERMIT - WRECKING/DEMOLITION,2011-07-14T00:00:00.000,2011-07-14T00:00:00.000,2265.0,ELSTON AVE,,WRECK AND REMOVE A 1 STORY STEEL NORTH WING OF FORMER PAINTING PLANT DOWN TO CONCRETE SLATE.,0.0,300.0,2218.0,32.0,1163669.9770329462,1915160.3341024676,2011,07,14,0,0,1
235382,2287120,100400444,PERMIT - RENOVATION/ALTERATION,2011-10-04T00:00:00.000,2012-01-09T00:00:00.000,1000.0,OHIO ST,,"THE PROPOSED CONSTRUCTION CONSISTS OF RENOVATING THE JARDINE WATER PURIFICATION PLANT EAST FILTER BUILDING'S ROOF.  IT IS POSSIBLE SEVERAL STEEL MEMBERS OF THE ROOF FRAMING SYSTEM WILL NEED TO BE REPLACED.  A NEW CONCRETE CHANNEL SLAB ROOF DECK IS TO BE INSTALLED IN ORDER TO REPLACE THE ROOF, SEVERAL ELECTRICAL, MECHANICAL AND PLUMBING ITEMS WILL BE REPLACED AS WELL.",0.0,116445.0,814.0,42.0,1183213.414379655,1904604.8644569567,2012,01,09,0,0,1
235633,2287776,100400778,PERMIT - NEW CONSTRUCTION,2011-07-21T00:00:00.000,2012-03-20T00:00:00.000,6000.0,BROADWAY,,"2 STORY 18709 SF BRANCH LIBRARY 31'-2"" HIGH WITH PARKING FOR 16. GEOTHERMAL SYSTEM. 7,238 SQ. FT. GREEN ROOF VEGETATED AREA.",7621.51,7621.51,302.0,48.0,1167176.5741267274,1940014.135744402,2012,03,20,0,0,1
238258,2294775,100404073,PERMIT - NEW CONSTRUCTION,2011-08-10T00:00:00.000,2011-12-30T00:00:00.000,1003.0,RUSH ST,,"NEW CONSTRUCTION (2) STORY RESTAURANT, STARBUCKS.  SCOPE OF WORK INCLUDES (1,050) S.F. GREEN ROOF.",0.0,945.67,812.0,42.0,1176425.263987723,1907263.678941862,2011,12,30,0,0,1
239536,2297664,100405640,PERMIT - RENOVATION/ALTERATION,2011-08-04T00:00:00.000,2011-11-01T00:00:00.000,1519.0,WARREN BLVD,,"CONVERSION OF EXISTING (6) STORY HOTEL INTO (89) SRO (SINGLE ROOM OCCUPANCY) BUILDING, THE VICEROY.  (1ST) FLOOR CONTAINS OFFICES, COMMUNITY ROOMS, AND PUBLIC CAFE.  SCOPE OF WORK INCLUDES (11) PARKING SPACES, (3,636) S.F. GREEN ROOF, (8) SOLAR THERMAL PANELS, AND (13) GEOTHERMAL WELLS- (6) INCH DIAMETER, (450) FEET DEPTH.  GREEN PERMIT PROGRAM BENFIT TIER I (CHICAGO GREEN HOMES (3) STARS RATING).",31620.88,31620.88,2803.0,27.0,1165979.2995774737,1900396.393421699,2011,11,01,1,0,1
239597,2297870,100405719,PERMIT - RENOVATION/ALTERATION,2011-08-30T00:00:00.000,2011-11-15T00:00:00.000,300.0,ADAMS ST,,"INSTALLATION OF A NEW ROOF DECK AT 300 WEST ADAMS. WORK INCLUDES DECK CONSTRUCTION, ELECTRICAL AND STRUCTURAL.  EXISTING GREEN ROOF TRAYS TO BE RELOCATED PER PLANS.",0.0,375.0,3205.0,2.0,1174339.4780060982,1899444.712521254,2011,11,15,0,0,1
241436,2302859,100407999,PERMIT - NEW CONSTRUCTION,2011-08-23T00:00:00.000,2011-08-31T00:00:00.000,5040.0,55TH ST,,NEW CONSTRUCTION OF ONE STORY CAR WASH FACILITY WHICH INCLUDES GREEN ROOF,0.0,2695.0,5606.0,23.0,1143515.8701852132,1867716.3625161,2011,08,31,0,0,1
241839,2303932,100408495,PERMIT - NEW CONSTRUCTION,2011-08-26T00:00:00.000,2011-08-29T00:00:00.000,1101.0,JACKSON BLVD,,"ERECT A NEW TARGET STORE WITH 71,000 SQFT GREEN ROOF. LEED SILVER. 65,976 SQFT GREEN ROOF (50%+). GREEN PERMIT PROGRAM BENEFIT TIER I",0.0,21497.36,2818.0,2.0,1169067.1199448558,1898761.899381733,2011,08,29,0,0,1
243143,2307542,100410152,PERMIT - RENOVATION/ALTERATION,2011-09-08T00:00:00.000,2011-09-08T00:00:00.000,1301.0,ELSTON AVE,,"ONE STORY ADDITION TO EXISTING ACURA DEALERSHIP WITH GREEN ROOF (4,384 SF)",0.0,2599.6,2417.0,32.0,1167687.962921437,1908848.6538615855,2011,09,08,0,0,1
243206,2307671,100410230,PERMIT - RENOVATION/ALTERATION,2011-12-22T00:00:00.000,2011-12-22T00:00:00.000,1123.0,ROOSEVELT RD,,"CONVERSION/ALTERATION OF EXISTING (2) STORY VACATED FIRE HOUSE TO COMMERCIAL/ASSEMBLY USE - (1ST) FLOOR ART STUDIO WITH SMALL CATERING SPACE AND (2ND) FLOOR OFFICE SPACE.  SCOPE OF WORK INCLUDES (16) PHOTOVOLTAIC PANELS AND (2,524) S.F. GREEN ROOF.",0.0,1399.55,2838.0,2.0,1169005.709270488,1894823.156033968,2011,12,22,0,0,1
243287,2307829,100410322,PERMIT - RENOVATION/ALTERATION,2011-09-09T00:00:00.000,2011-09-09T00:00:00.000,9233.0,BURLEY AVE,,"REVISION TO PERMIT #100293735.  INSTALLATION OF OPEN, EXTERIOR GAZEBO WITH SEATING, LIGHTS, AND PLANTERS.  INSTALLATION OF PAVERS AND ASSOCIATED LANDSCAPE REVISIONS.",300.0,375.0,4610.0,10.0,1199320.2309800212,1844210.8111550005,2011,09,09,0,0,1
243598,2308598,100410694,PERMIT - NEW CONSTRUCTION,2011-09-13T00:00:00.000,2011-09-23T00:00:00.000,11701.0,STATE ST,,"RENOVATION OF EXISTING (1) STORY COMMUNITY CENTER AND ERECT NEW (5) STORY (42) D.U. BUILDING WING WITH (1) STORY LINK TO EXISTING COMMUNITY CENTER. TO INCLUDE PARKING LOT, FENCING, AND (3,974) S.F. GREEN ROOF ON RESIDENCE BUILDING.  GREEN PERMIT PROGRAM BENEFIT TIER II (CHICAGO GREEN HOMES (3) STARS RATING).",2495.21,6695.21,5301.0,9.0,1178389.4962318172,1827364.1359557656,2011,09,23,0,0,1
245091,2312455,100412521,PERMIT - RENOVATION/ALTERATION,2011-10-17T00:00:00.000,2011-12-29T00:00:00.000,2138.0,INDIANA AVE,,REVISION TO PERMIT #100393412 TO CHANGE 6TH FLOOR TERRACE PLANTING TO POOL AND HARDSCAPE AND CREATE POOL EQUIPMENT ROOM ON 5TH FLOOR PER PLAN.,0.0,9408.0,3301.0,2.0,1177939.4503187996,1889853.5423330525,2011,12,29,0,0,1
245621,2313790,100413147,PERMIT - NEW CONSTRUCTION,2011-09-30T00:00:00.000,2011-09-30T00:00:00.000,633.0,MICHIGAN AVE,,"ERECT FOUNDATION, CORE AND SHELL OF A NEW 5 STORY RETAIL BUILDING WITH BASEMENT, DEEP FOUNDATIONS, LEED CERTIFIED (BURBERRY STORE) CERTIFICATE OF OCCUPANCY REQUIRED. GREEN PERMIT PROGRAM BENEFIT TIER II. GREEN ROOF (2,450 SF)",0.0,3587.0,814.0,42.0,1177357.194957231,1904600.682555762,2011,09,30,0,0,1
246917,2316973,100414720,PERMIT - RENOVATION/ALTERATION,2011-10-27T00:00:00.000,2011-10-27T00:00:00.000,3617.0,BELLE PLAINE AVE,,REMOVE ILLEGALLY INSTALLED ROOF DECK AND GREEN ROOF FROM EXISTING CHURCH BUILDING.,0.0,750.0,1604.0,33.0,1151458.0372992784,1926969.613490964,2011,10,27,0,0,1
247299,2318082,100415260,PERMIT - NEW CONSTRUCTION,2011-11-04T00:00:00.000,2012-10-17T00:00:00.000,2054.0,GRAND AVE,,"NEW CONSTRUCTION (3) STORY FOOD PROCESSING FACILITY, UPTON'S NATURALS.  ALSO INCLUDES SMALL RETAIL AREA.  SCOPE OF WORK INCLUDES TRUCK LOADING AREA WITH CANOPY, PARKING LOT, BIKE RACK, TRASH ENCLOSURE, AND FENCE.  ALSO INCLUDES ROOF DECK AND (646) S.F. GREEN ROOF.",0.0,3763.88,243000.0,26.0,1162387.9915056813,1903512.153059796,2012,10,17,0,0,1
247965,2319820,100416091,PERMIT - RENOVATION/ALTERATION,2011-11-01T00:00:00.000,2012-03-19T00:00:00.000,2032.0,CLIFTON AVE,,"DECONVERSION OF EXISTING (3) STORY WITH BASEMENT (6) D.U. BUILDING INTO SINGLE FAMILY RESIDENCE TO INCLUDE MECHANICAL, ELECTRICAL, AND PLUMBING UPGRADES, INTERIOR AND EXTERIOR RENOVATIONS, SLAB LOWERED AT BASEMENT, AND ROOF DECK AND (850) S.F. GREEN ROOF INSTALLATION- NO GARAGE. GREEN PERMIT PROGRAM BENEFIT TIER II (CHICAGO GREEN HOMES (3) STARS RATING).",2517.81,2667.81,710.0,43.0,1168268.2631314306,1913814.1098847815,2012,03,19,0,0,1
248829,2322093,100417175,PERMIT - RENOVATION/ALTERATION,2012-05-15T00:00:00.000,2012-08-31T00:00:00.000,5333.0,ELSTON AVE,,SINGLE STORY STORAGE ADDITION TO AN EXISTING MANUFACTURING PLANT.,0.0,2761.04,110100.0,45.0,1141096.7891973823,1935212.1070116071,2012,08,31,0,0,1
249272,2323454,100417766,PERMIT - NEW CONSTRUCTION,2011-11-04T00:00:00.000,2011-11-04T00:00:00.000,1333.0,BELMONT AVE,,"ERECT CORE AND SHELL WITH FOUNDATION FOR MEDICAL OFFICE BUILDING (73,000 SQ FT) 12,141 SQFT GREEN ROOF. GREEN ELEMENT PERMIT",0.0,12796.92,628.0,32.0,1166754.1471730357,1921321.711858702,2011,11,04,0,0,1
249801,2324995,100418430,PERMIT - RENOVATION/ALTERATION,2011-12-09T00:00:00.000,2012-04-13T00:00:00.000,8010.0,KOSTNER AVE,,"ERECT NEW 32,000 SF, TWO STORY LINKED ANNEX TO THE EXISTING STEVENSON ELEMENTARY SCHOOL BUILDING.  THE ADDITION CONTAINS A 4-HOUR FIRE SEPARATION LINK, A WARMING KITCHEN, A DINING ROOM, 12 CLASSROOMS, BATHROOMS AND OFFICES.  CONVERSION OF THE KITCHEN AND DINING  TO A MULTI PURPOSE SPACE WITHIN EXISTING BUILDING.  GREEN ROOF AREA WITH RAINWATER HARVESTING CISTERNS. GREEN PERMIT PROGRAM",20613.0,20613.0,7003.0,13.0,1148427.1652069,1851012.2146488207,2012,04,13,0,1,1
249807,2325009,100418436,PERMIT - NEW CONSTRUCTION,2011-11-10T00:00:00.000,2011-11-14T00:00:00.000,1510.0,CLAREMONT AVE,,"PHASE 2 FULL BUILDING: NEW CONSTRUCTION (3) STORY WITH BASEMENT COMMUNITY CENTER FOR ST. ALOYSIUS.  GREEN PERMIT PROGRAM BENEFIT TIER I (LEED SILVER)  INCLUDES (1,783) S.F. GREEN ROOF AND RAINWATER CISTERN FOR IRRIGATION OF GREEN ROOF,  ON-SITE PARKING LOT WITH (48) PARKING SPACES AND AUXILIARY PARKING LOT WITH (14) PARKING SPACES.",12045.44,12120.44,2412.0,1.0,1160424.9486898377,1910050.677977903,2011,11,14,0,1,1
250753,2327642,100419655,PERMIT - RENOVATION/ALTERATION,2012-04-09T00:00:00.000,2012-04-19T00:00:00.000,1024.0,18TH PL,,"LANDSCAPING OF ADJACENT VACANT LOT, WORK TO INCLUDE:- NEW DECK AND FRONT ENTRY STAIRS- TERRACED PLANTERS, VEGETABLE GARDEN & PLAYGROUND AREA- 2-CAR DETACHED GARAGE- 5 FT. HIGH O.I. FENCE AND 6 FT. HIGH WOOD FENCE**********THIS IS A SELF CERTIFIED CORRECTION**********",0.0,850.0,3104.0,25.0,1169703.5862595546,1891376.6160225575,2012,04,19,0,0,1
250836,2327970,100419747,PERMIT - NEW CONSTRUCTION,2011-11-22T00:00:00.000,2011-11-23T00:00:00.000,6511.0,SHERIDAN RD,,NEW CONSTRUCTION OF LOYOLA UNIVERSITY ALUMNI STUDENT CENTER WITH GREEN ROOF,0.0,1000.0,104.0,49.0,1167114.6615024328,1943509.4034051856,2011,11,23,0,0,1
251116,2328765,100420097,PERMIT - NEW CONSTRUCTION,2011-11-28T00:00:00.000,2011-11-28T00:00:00.000,71.0,HUBBARD ST,,"FULL BUILDING PERMIT - ERECT NEW 50 STORY 409 DWELLING UNIT APARTMENT BUILDING. GREEN PERMIT PROGRAM BENEFIT TIER II - GREEN ROOF INSTALLATION (VEGETATED AREA - 3,474 SF)",0.0,366930.0,817.0,42.0,1175529.082967686,1903257.8160103431,2011,11,28,0,0,1
251941,2331234,100421149,PERMIT - RENOVATION/ALTERATION,2011-12-13T00:00:00.000,2012-04-05T00:00:00.000,2823.0,PINE GROVE AVE,,RENOVATION OF 3 STORY EXISTING SINGLE FAMILY TOWNHOUSE AND A NEW 2 STORY ADDITION WITH GREEN ROOF (400 SF) AND NEW GARAGE.,0.0,1246.81,633.0,44.0,1172571.1341944577,1919139.9711009536,2012,04,05,0,0,1
252281,2332184,100421561,PERMIT - RENOVATION/ALTERATION,2011-12-19T00:00:00.000,2012-02-02T00:00:00.000,1050.0,SHERIDAN RD,,INSTALLATION OF 10 HIGH EFFICIENCY CONDENSING BOILERS PLANT TO BE LOCATED IN THE EXISTING MECHANICAL PENTHOUSE AT QUINLAN LIFE SCIENCES CENTER LOCATED AT THE LOYOLA UNIVERSITY¿S LAKE SHORE CAMPUS.  (4) 3.0MMBTU BOILERS WILL BE INSTALLED ON THE EXISTING PENTHOUSE FLOOR WHILE (6) 3.0MMBTU BOILERS WILL BE INSTALLED ON A NEW STRUCTURAL EQUIPMENT MEZZANINE INTEGRATED INTO THE EXISTING MEZZANINE WHICH THE MAUS REST UPON.  THE CONTROL OF THE NEW PLANT WILL BE INTEGRATED INTO THE EXISTING CAMPUS DDC SYSTEM.,3282.96,3282.96,104.0,49.0,1167768.290475063,1942702.7970037507,2012,02,02,0,0,1
254159,2337542,100423971,PERMIT - NEW CONSTRUCTION,2012-01-05T00:00:00.000,2012-01-06T00:00:00.000,365.0,HALSTED ST,,"NEW CONSTRUCTION: 34-STORY HI-RISE; 496 RENTAL UNITS; 347 PARKING SPACES; GREEN PROJECT TIER II; 10,970 SQ.FT. GREEN ROOF; W/EXCEPTIONAL BIKE PARKING (280).",397484.88,473495.32,2436.0,27.0,1171014.293374532,1902771.824427001,2012,01,06,0,0,1
254304,2338066,100424162,PERMIT - NEW CONSTRUCTION,2012-01-18T00:00:00.000,2012-02-23T00:00:00.000,5353.0,ELSTON AVE,,"ERECT NEW ONE STORY ROUNDY'S ""MARIANOS FRESH MARKET"" FOOD STORE. {GREEN ROOF (32,390)SF - ZONING WAIVED 02-24-2017} (STRUCTURAL PEER REVIEW)",0.0,17727.88,1101.0,45.0,1140915.4240129972,1935358.8177241147,2012,02,23,0,0,1
254559,2338958,100424483,PERMIT - NEW CONSTRUCTION,2012-01-11T00:00:00.000,2012-01-11T00:00:00.000,2350.0,RACINE AVE,,DEPAUL THEATRE SCHOOL- ERECT NEW 5 STORY BUILDING AND PENTHOUSE.GPP BENEFIT TIER I. GREEN ROOF 7730 SF.PERMIT DOES NOT INCLUDE:- DRAWBRIDGE ON LEVEL 2 BETWEEN STAIRS & ELEVATOR - STAGE PLATFORM LEVEL 2 IN THRUST THEATRE - CATWALK SYSTEM LEVEL 5 IN FLEXIBLE THEATRE - GLASS CURTAIN WALL SYSTEM AND AESS TRUSS SYSTEMS HUNG FROM BUILDING FRAMING.,57858.84,57858.84,,,1167869.6012639988,1915980.676032888,2012,01,11,0,0,1
255246,2341250,100425342,PERMIT - NEW CONSTRUCTION,2012-01-20T00:00:00.000,2012-01-20T00:00:00.000,3333.0,ROCKWELL ST,,"NEW CONSTRUCTION (2) STORY BUILDING FOR DEVRY UNIVERSITY CHICAGO CAMPUS.  BUILDING INCLUDES CLASSROOMS AND ASSOCIATED SPACES FOR SCHOOL.  SCOPE OF WORK INCLUDES (11,100) S.F. GREEN ROOF.",0.0,14695.64,504.0,47.0,1158341.296020372,1922439.792447308,2012,01,20,0,0,1
255321,2341596,100425436,PERMIT - NEW CONSTRUCTION,2012-01-30T00:00:00.000,2012-02-22T00:00:00.000,200.0,ILLINOIS ST,,"NEW CONSTRUCTION OF (42) STORY MIXED-USE (RESIDENTIAL/COMMERCIAL) BUILDING.  (325) RENTAL D.U.  (235) PARKING SPACES FLOORS (2)-(9).  (1ST) FLOOR AND (2) LOWER LEVELS COMMERCIAL, RETAIL, AND OFFICE SPACE.  (1,709) S.F. GREEN ROOF.  (10TH) FLOOR INCLUDES INDOOR SWIMMING POOL, FITNESS CENTER, AND ASSOCIATED SHARED SPACE FOR BUILDING RESIDENTS.  OUTDOOR DECKS AT FLOORS (10) AND (32).  CERTIFICATE OF OCCUPANCY REQUIRED.",0.0,262707.27,814.0,42.0,1177760.7701987782,1903697.1983048725,2012,02,22,0,0,1
256822,2345934,100427303,PERMIT - NEW CONSTRUCTION,2012-07-06T00:00:00.000,2012-07-06T00:00:00.000,1520.0,KOSTNER AVE,,"NEW CONSTRUCTION OF A (2) STORY HEALTHCARE SERVICES BUILDING (LOUISE LANDAU- NEAR NORTH HEALTH CLINIC SERVICE CORP) TO INCLUDE A (4,608) S.F. GREEN ROOF AND GEOTHERMAL SYSTEM  GREEN PERMIT PROGRAM BENEFIT TIER I (LEED SILVER).",9701.67,10051.67,230600.0,37.0,1146725.1691599411,1909738.72915592,2012,07,06,0,0,1
257621,2348034,100428327,PERMIT - NEW CONSTRUCTION,2012-02-15T00:00:00.000,2012-02-23T00:00:00.000,5800.0,STONY ISLAND AVE,,"NEW CONSTRUCTION:  4-STORY, 136,624 SQ.FT. MASONRY SCHOOL--BUILDING PERMIT.  GREEN ROOF: 15,187 SQ.FT.",0.0,24401.08,4110.0,5.0,1187830.4157383847,1866790.2421071532,2012,02,23,0,0,1
257823,2348557,100428602,PERMIT - RENOVATION/ALTERATION,2012-02-17T00:00:00.000,2012-02-17T00:00:00.000,325.0,OHIO ST,,INTERIOR AND EXTERIOR ALTERATIONS TO EXISTING BUILDING TO ACCOMMODATE NEW SELF- STORAGE FACILITY AND OFFICE SPACE. GREEN ROOF INSTALLATION INCLUDED 3600 SF,0.0,59691.96,818.0,42.0,1173918.2567712537,1904093.750607656,2012,02,17,0,0,1
257905,2348732,100428698,PERMIT - RENOVATION/ALTERATION,2012-02-17T00:00:00.000,2012-02-23T00:00:00.000,188.0,RANDOLPH ST,,"REVISION TO PERMIT #100342909. TO INCLUDE REVISIONS TO DWELLING UNITS AS PER PLANS. REVISIONS TO COMMON AREAS AS PER PLANS. INCREASE TO 313 DWELLING UNITS. REVISIONS TO MEP/FP AND  ADDITION OF 2,667 SF GREEN ROOF AS PER PLANS. BUILDING IS FULLY SPRINKLERED.  NO EXXTERIOR WORK.",203791.3,206921.3,3202.0,42.0,1174747.57210376,1901307.2524319696,2012,02,23,0,0,1
258015,2348930,100428842,PERMIT - NEW CONSTRUCTION,2012-05-29T00:00:00.000,2012-09-10T00:00:00.000,12201.0,TORRENCE AVE,,NEW CONSTRUCTION OF 3-STORY PROCESS TOWER AND 1-STORY EQUIPMENT BUILDING ON AT EXISTING MANUFACTURING PLANT PER PLAN,0.0,1575.0,838800.0,10.0,1195767.4163854565,1824631.5676924817,2012,09,10,0,0,1
258341,2349832,100429263,PERMIT - RENOVATION/ALTERATION,2012-02-23T00:00:00.000,2012-02-23T00:00:00.000,2233.0,DR MARTIN L KING JR DR,,"INTERIOR BUILDOUT OF 12 STORY SUPERSTRUCTURE FOR A PROPOSED 462 UNIT HOTEL AS PER PLANS WITH 11,350 SF OF VEGETATED ROOF AREA (GREEN ROOF)",85013.88,85013.88,3305.0,2.0,1178905.1525324462,1889496.2506948928,2012,02,23,0,0,1
258501,2350174,100429455,PERMIT - RENOVATION/ALTERATION,2012-03-20T00:00:00.000,2012-06-18T00:00:00.000,25.0,OAK ST,,GREEN ROOF (SQUARE FEET?????) TERRACE AND RTU AS PER PLANS,0.0,1835.0,81201.0,42.0,1176425.8167597756,1907177.3419894157,2012,06,18,0,0,1
258939,2351318,100430034,PERMIT - RENOVATION/ALTERATION,2012-03-01T00:00:00.000,2012-03-02T00:00:00.000,5454.0,SHORE DR,,"RENOVATION OF EXISTING 14 STORY BUILDING WITH 330 DWELLING UNITS AND CONSTRUCTION OF BELOW GRADE PARKING GARAGE (138 CARS ) PLANNED DEVELOPEMENT 1062. GREEN ROOF INSTALLATION (10,314 SF)",327652.4,327652.4,4109.0,5.0,1189380.86409754,1869348.530235396,2012,03,02,0,0,1
260398,2354909,B100431827,PERMIT – EXPRESS PERMIT PROGRAM,2012-03-15T00:00:00.000,2012-03-15T00:00:00.000,6053.0,BLACKSTONE AVE,Electrical Work,"INSTALL NEW SERVICE, LIGHTING AND POWER OUTLETS IN EXISTING MAINT. GARAGE AT U OF C SOUTH STEAM PLANT",0.0,250.0,420100.0,5.0,1186936.0976526376,1864905.1357627956,2012,03,15,0,0,1
261137,2356793,100432747,PERMIT - NEW CONSTRUCTION,2012-03-22T00:00:00.000,2012-03-22T00:00:00.000,360.0,HUBBARD ST,,"43 STORY 450 DU APARTMENT BUILDING WITH 520 PARKING SPACES. GREEN ROOF 6,436(SF). GREEN PERMIT PROGRAM BENEFIT TIER I",0.0,323936.36,818.0,42.0,1173611.7728353257,1903288.564706266,2012,03,22,0,0,1
261193,2356947,100432816,PERMIT - RENOVATION/ALTERATION,2012-03-23T00:00:00.000,2012-03-23T00:00:00.000,4461.0,PULASKI RD,,"CONVERSION OF EXISTING ABANDONED POLICE STATION TO OFFICE, RESTAURANT, AND SPA.  BASEMENT OFFICE, (1ST) FLOOR RESTAURANT, AND (2ND) FLOOR SPA.  (1,111) S.F. GREEN ROOF.  (502) S.F. ENCLOSED PORCH ADDITION.  (28) PARKING SPACES.",0.0,3967.98,1406.0,39.0,1148957.376637027,1929594.3719082489,2012,03,23,0,0,1
262480,2360155,100434443,PERMIT - RENOVATION/ALTERATION,2012-04-16T00:00:00.000,2012-07-06T00:00:00.000,555.0,MADISON ST,,"MODIFICATIONS TO EXISTING ROOF ACCESS CORRIDOR, ADDITION OF AIR HANDLING UNIT AND INSTALLATION OF LANDSCAPING AND PLANTERS TO EXISTING ROOF DECK AREA.",0.0,1650.0,281900.0,42.0,1172563.533097894,1900253.806329647,2012,07,06,0,0,1
264073,2363778,100436391,PERMIT - RENOVATION/ALTERATION,2012-05-03T00:00:00.000,2012-07-20T00:00:00.000,1160.0,55TH ST,,"DEMOLITION OF EXISTING INTERIOR PARTITIONS AND EQUIPMENT FOR RETAIL TENANT.  MASONRY FACADE RENOVATION, ROOF REPLACEMENT, STOREFRONT REPLACEMENT, INSTALLATION OF INTERIOR PARTITIONS.  INSTALLATION OF NEW ELECTRICAL SERVICE.  INSTALLATION OF NEW HVAC RTU'S AND DISTRIBUTION IN NEW TENANT SPACE.  CONSTRUCTION OF NEW AT-GRADE DECK, PLANTERS AND LANDSCAPING IMPROVEMENTS AT REAR COURTYARD.  TENANTS TBD. (CERTIFIED PLAN CORRECTIONS - SUBJECT TO FIELD INSPECTION) INCLUDING INSTALLATION OF TRASH ENCLOSURE AND 6'-8"" WOOD FENCE ONLY",0.0,2947.11,410600.0,4.0,1184986.0968992724,1868809.871796808,2012,07,20,0,0,1
264287,2364169,100436636,PERMIT - RENOVATION/ALTERATION,2012-04-19T00:00:00.000,2012-04-25T00:00:00.000,6634.0,RAVEN ST,,"ERECT A TWO-STORY ANNEX CONNECTED TO EXISTING ELEMENTARY SCHOOL; INCLUDES GREEN ROOF OF 3,498 SF; GREEN PERMIT PROGRAM BENEFIT TIER I.",10942.5,10942.5,100200.0,41.0,1131111.8798677318,1940800.440459966,2012,04,25,0,0,1
264547,2364648,B100436933,PERMIT – EXPRESS PERMIT PROGRAM,2012-04-20T00:00:00.000,2012-04-20T00:00:00.000,840.0,BLACKHAWK ST,Electrical Work,INSTALLATION OF CONDUIT AND WIRE FOR A TOTAL OF 8--120V 20 AMP BRANCH CIRCUITS TO FEED A TOTAL OF 8 LOW VOLTAGE LIGHTING CONTROLLERS.  INSTALLATION OF LOW VOLTAGE WIRING AND LIGHTING FROM CONTROLLERS TO PLANTERS ON DECK ABOVE PARKING STRUCTURE.,0.0,150.0,80600.0,2.0,1170297.2320011414,1910045.522009767,2012,04,20,0,0,1
265494,2366526,100438047,PERMIT - RENOVATION/ALTERATION,2012-11-26T00:00:00.000,2012-12-06T00:00:00.000,3653.0,KEELER AVE,,"SELF CERTIFICATION PROJECT-INTERIOR RENOVATIONS AND DECONVERSION OF EXISTING MULTI-DU BLDG TO A SFR (INCLUDES PLUMBING, ELECTRICAL, MECHANICAL) EXTERIOR RENOVATIONS TO INCLUDE RENOVATION OF EXISTING FRAME PORCH, WINDOW REPLACEMENT AND EXTENDING EXISTING PORCH STAIRS TO ROOF LEVEL. INSTALLATION OF GREEN ROOF (650 SF)- CONDITIONAL PERMIT SUBJECT TO FIELD INSPECTION.",0.0,1280.0,161000.0,38.0,1147790.9004493505,1924169.659869064,2012,12,06,0,0,1
265606,2366873,100438212,PERMIT - EASY PERMIT PROCESS,2012-04-26T00:00:00.000,2012-04-26T00:00:00.000,1934.0,WOOD ST,,INSTALL BLUESTONE TREADS & CABBLE RISERS ON REAR STAIRWAY. INSTALL RAISED PLANTER 5 X 36 X 16.,0.0,300.0,831000.0,32.0,1164000.6281467536,1913065.5690446885,2012,04,26,0,0,1
265984,2367697,100438674,PERMIT - RENOVATION/ALTERATION,2012-06-04T00:00:00.000,2012-06-04T00:00:00.000,1735.0,POTOMAC AVE,,MODIFY EXISTING 2 CAR MASONRY GARAGE OF SINGLE FAMILY RESIDENCE AS PER PLAN. NO GREEN ROOF UNDER THIS PERMIT.,0.0,900.0,241400.0,1.0,1164438.297747168,1908572.6976817455,2012,06,04,0,0,1
266637,2369220,100439487,PERMIT - RENOVATION/ALTERATION,2012-05-07T00:00:00.000,2012-05-14T00:00:00.000,1251.0,TAYLOR ST,,REMOVE EXISTING JUICE BAR AND REPLACE WITH NEW BAR FOR LIQUOR SERVICE AT EXISTING DINING AREA  OF EXISTING 1ST FLOOR BAR/RESTAURANT AT EXISTING 2-STORY BRICK BLDG. PER PLANS. DEMO EXISTING (2) CONCRETE PLANTERS AT OUTDOOR PATIO.,0.0,375.0,283200.0,2.0,1167975.437766856,1895675.7475277153,2012,05,14,0,0,1
266814,2369613,B100439683,PERMIT – EXPRESS PERMIT PROGRAM,2012-05-07T00:00:00.000,2012-05-11T00:00:00.000,1820.0,MAJOR AVE,Electrical Work,INSTALLATION OF A LOW VOLTAGE SECURITY ALARM SYSTEM JOB 130-02215-12  PLANTER INC,0.0,50.0,250400.0,29.0,1138069.8358390986,1911466.2799069493,2012,05,11,0,0,1
267053,2370227,100439994,PERMIT - NEW CONSTRUCTION,2012-05-09T00:00:00.000,2012-05-09T00:00:00.000,5434.0,NORTH AVE,,"ERECT A ONE-STORY, 9,055 SQ.FT. RETAIL BUILDING AND ASSOCIATED SITE WORK INCLUDING A TRASH ENCLOSURE AS PER PLANS.   THIS STRUCTURE HAS A 3,333 SQ.FT. GREEN ROOF.",0.0,486.72,250300.0,37.0,1139772.2250519053,1910141.0930606632,2012,05,09,0,0,1
267802,2371991,100440913,PERMIT - RENOVATION/ALTERATION,2012-06-19T00:00:00.000,2012-08-15T00:00:00.000,4650.0,RACINE AVE,,"TWO, ONE STORY ADDITIONS TO EXISTING METAL BUILDING AS PER PLANS TO SERVE AN EXISTING LIMITED MANUFACTURING PROCESSING PLANT",0.0,1075.0,842600.0,3.0,1169071.347827972,1873754.8503962527,2012,08,15,0,0,1
268966,2374635,100442399,PERMIT - RENOVATION/ALTERATION,2012-06-11T00:00:00.000,2012-08-27T00:00:00.000,2945.0,31ST ST,,INSTALL NEW PLATFORM FOR INDUSTRIAL MACHINERY AND NEW INTERIOR PARTITIONS  IN EXISTING FOOD PROCESSING PLANT AS PER PLAN,0.0,570.0,843500.0,12.0,1157042.6032978934,1883913.2907928056,2012,08,27,0,0,1
270391,2378212,100444232,PERMIT - NEW CONSTRUCTION,2012-10-29T00:00:00.000,2012-10-29T00:00:00.000,5824.0,STONY ISLAND AVE,,"CONSTRUCTION OF A NEW 13,000 SQ. FT. SINGLE-STORY, CHILD-CARE CENTER. GREEN ROOF = 2,900 SQ. FT.   CONDITIONAL PERMIT:  CERTIFIED CORRECTIONS:  SUBJECT TO FULL COMPLIANCE WITH THE MUNICIPAL CODE OF CHICAGO AND FIELD INSPECTIONS.",0.0,4648.7,411000.0,5.0,1187836.634966499,1866553.0355869709,2012,10,29,0,0,1
270443,2378319,100444291,PERMIT - EASY PERMIT PROCESS,2012-06-08T00:00:00.000,2012-06-08T00:00:00.000,3754.0,JANSSEN AVE,,"REPLACING GARAGE ROOF DECKING, INSTALLING 24"" H PLANTER BOXES.",0.0,300.0,60400.0,44.0,1165925.4999716072,1925254.8880979652,2012,06,08,0,0,1
270730,2379009,100444666,PERMIT - RENOVATION/ALTERATION,2012-06-22T00:00:00.000,2012-08-10T00:00:00.000,4516.0,ADDISON ST,,"PROVIDE AN APPROVED ENCLOSURE FOR THE HEATING PLANT WITH WALLS, PARTITIONS, FLOORS, DOORS, AND CEILINGS HAVING A FIRE RESISTIVE RATING OF NOT LESS THAN ONE (1) HOUR. PROVIDE AN APPROVED CLASS ""B"" DOOR FOR THE OPENING NEAR CAFETERIA.",0.0,375.0,161100.0,38.0,1145629.7745361093,1923586.8817744995,2012,08,10,0,0,1
270989,2379794,100445000,PERMIT - RENOVATION/ALTERATION,2012-08-17T00:00:00.000,2012-08-17T00:00:00.000,4801.0,OAKLEY AVE,,CONSTRUCT A ONE STORY ADDITION TO EXISTING MANUFACTURING PLANT PER PLANS NO MECHANICAL OR PLUMBING WORK INVOLVED -- FLEISCHMANN'S VINEGAR.  (OPEN PLAN REVIEW). NOMASON WORK.,0.0,1075.0,611500.0,12.0,1161885.4001553983,1872778.447355762,2012,08,17,0,0,1
271453,2380847,100445580,PERMIT - NEW CONSTRUCTION,2012-08-28T00:00:00.000,2012-08-28T00:00:00.000,5610.0,DREXEL AVE,,"NEW CONSTRUCTION, 1 STORY, CHILD CARE FACILITY FOR THE UNIVERSITY OF CHICAGO LEED CERTIFIED, GREEN ROOF (3,280 SF)---FULL BUILDING PERMIT.",0.0,4061.5,836200.0,5.0,1183155.1487553015,1867933.983633352,2012,08,28,0,0,1
271503,2381009,100445645,PERMIT - NEW CONSTRUCTION,2012-06-19T00:00:00.000,2012-06-28T00:00:00.000,1060.0,41ST ST,,"NEW CONSTRUCTION (8) STORY WITH BASEMENT (81) D.U. BUILDING.  SCOPE OF WORK INCLUDES (50) SOLAR THERMAL PANELS, (5,520) S.F. GREEN ROOF, (82) TOTAL PARKING SPACES LOCATED IN BASEMENT, 1ST, AND 2ND FLOORS, AND RAINWATER HARVESTING FOR IRRIGATION ONLY.  LAKE PARK CRESCENT",16655.0,37843.48,836400.0,4.0,1184020.7643254544,1877980.7112262547,2012,06,28,1,1,1
272302,2382880,100446684,PERMIT - NEW CONSTRUCTION,2012-06-25T00:00:00.000,2012-06-26T00:00:00.000,6245.0,INGLESIDE AVE,,"NEW CONSTRUCTION (3) STORY SCHOOL, AND ASSOCIATED SITE WORK AS PER PLANS.  SCOPE OF WORK INCLUDES DEEP CAISSON FOUNDATIONS; (16,807) S.F. GREEN ROOF; AND ADJACENT PARKING LOT.  PLANNED DEVELOPMENT (1182).  GREEN PERMIT PROGRAM BENEFIT TIER (II) (LEED GOLD).",0.0,6115.85,420400.0,20.0,1183568.2426517713,1863591.9412841296,2012,06,26,0,0,1
272887,2384113,100447382,PERMIT - NEW CONSTRUCTION,2012-06-28T00:00:00.000,2012-06-28T00:00:00.000,1106.0,42ND PL,,LAKE PARK CRESCENT - 1 UNIQUE 3 STORY 6 FLAT  BLDG P-1106 E. 42ND PLACE- WITH 1600 SF GREEN ROOF. CHICAGO GREEN HOMES 3 STARS,0.0,1376.15,836400.0,4.0,1184320.236957846,1877174.699355578,2012,06,28,0,0,1
272895,2384137,100447392,PERMIT - NEW CONSTRUCTION,2012-06-28T00:00:00.000,2012-06-28T00:00:00.000,1137.0,BOWEN AVE,,"LAKE PARK CRESCENT - 2 - OTHER 3 STORY 6 FLAT BLDG WITH 1,672 SF GREEN ROOF, CHICAGO GREEN HOMES 3 STARS, GREEN PERMIT PROGRAM BENEFIT TIER II BLDG L-1137 E BOWEN AVE.",0.0,1432.73,836400.0,4.0,1184548.9669492804,1877442.5032902623,2012,06,28,0,0,1
272896,2384138,100447393,PERMIT - NEW CONSTRUCTION,2012-06-28T00:00:00.000,2012-06-28T00:00:00.000,1140.0,42ND PL,,"LAKE PARK CRESCENT - 2 - 3 STORY 6 FLAT BLDG WITH 1,672 SF GREEN ROOF, CHICAGO GREEN HOMES 3 STAR, GREEN PERMIT PROGRAM BENEFIT TIER II. BLDG J-1140 E. 42ND PLACE",0.0,1432.74,836400.0,4.0,1184665.3797816306,1877176.162145845,2012,06,28,0,0,1
272904,2384159,100447402,PERMIT - NEW CONSTRUCTION,2012-06-28T00:00:00.000,2012-06-28T00:00:00.000,1128.0,BOWEN AVE,,"LAKE PARK CRESCENT - 3 STORY 6 FLAT BLDG WITH 1,392 SF GREEN ROOF, CHICAGO GREEN HOMES 3 STARS, GREEN PERMIT PROGRAM BENEFIT TIER II -BLDG F - 1128 E. BOWEN AVE.",0.0,1223.5,836400.0,4.0,1184422.5524900467,1877469.6287674855,2012,06,28,0,0,1
272905,2384160,100447403,PERMIT - NEW CONSTRUCTION,2012-06-28T00:00:00.000,2012-06-28T00:00:00.000,1110.0,BOWEN AVE,,"LAKE PARK CRESCENT - 3 STORY 6 FLAT BLDG WITH 1,392 SF GREEN ROOF, CHICAGO GREEN HOMES 3 STARS, GREEN PERMIT PROGRAM BENEFIT TIER II. BLDG D - 1110 E. BOWEN AVE.",16655.0,17855.5,836400.0,4.0,1184252.7359458555,1877396.3482699357,2012,06,28,0,0,1
272906,2384163,100447404,PERMIT - NEW CONSTRUCTION,2012-06-28T00:00:00.000,2012-06-28T00:00:00.000,4143.0,LAKE PARK AVE,,"LAKE PARK CRESCENT - 3-STORY, 3-UNIT BUILDING WITH 672 SF GREEN ROOF, CHICAGO GREEN HOMES 3 STARS, GREEN PERMIT PROGRAM BENEFIT TIER II B7-4143 S. LAKE PARK AVE",0.0,1075.0,836400.0,4.0,1184153.6993964869,1877418.8126280375,2012,06,28,0,0,1
272907,2384164,100447405,PERMIT - NEW CONSTRUCTION,2012-06-28T00:00:00.000,2012-06-28T00:00:00.000,1120.0,BOWEN AVE,,"LAKE PARK CRESCENT - 3-STORY, 3-UNIT BUILDING WITH 672 SF GREEN ROOF, CHICAGO GREEN HOMES 3 STARS, GREEN PERMIT PROGRAM BENEFIT TIER II.  E4-1120 E. BOWEN AVE.",0.0,525.0,836400.0,4.0,1184352.4695753006,1877438.0400388003,2012,06,28,0,0,1
272908,2384165,100447406,PERMIT - NEW CONSTRUCTION,2012-06-28T00:00:00.000,2012-06-28T00:00:00.000,4116.0,OAKENWALD AVE,,"LAKE PARK CRESCENT - 3-STORY, 3-UNIT BUILDING WITH 672 SF GREEN ROOF, CHICAGO GREEN HOMES 3 STARS, GREEN PERMIT PROGRAM BENEFIT TIER II. H8-4116 S. OAKENWALD AVE.",0.0,150.0,836400.0,4.0,1184335.3568820644,1877697.182885262,2012,06,28,0,0,1
272910,2384167,100447408,PERMIT - NEW CONSTRUCTION,2012-06-28T00:00:00.000,2012-06-28T00:00:00.000,1125.0,BOWEN AVE,,"LAKE PARK CRESCENT - 3-STORY, 3-UNIT BUILDING WITH 672 SF GREEN ROOF; 1125 E BOWEN. CHICAGO GREEN HOMES 3 STARS- GREEN PERMIT PROGRAM BENEFIT TIER II",1000.0,1075.0,836400.0,4.0,1184432.115241978,1877384.381577096,2012,06,28,0,0,1
272911,2384168,100447409,PERMIT - NEW CONSTRUCTION,2012-06-28T00:00:00.000,2012-06-28T00:00:00.000,1113.0,BOWEN AVE,,"LAKE PARK CRESCENT - 3-STORY, 3-UNIT, 672 SF GREEN ROOF; BUILDING M7-1113 E. BOWEN AVENUE. CHICAGO GREEN HOMES 3 STARS",0.0,575.0,836400.0,4.0,1184313.1304418822,1877335.2356509084,2012,06,28,0,0,1
272912,2384169,100447410,PERMIT - NEW CONSTRUCTION,2012-06-28T00:00:00.000,2012-06-28T00:00:00.000,4130.0,OAKENWALD AVE,,"LAKE PARK CRESCENT - 3-STORY, 3-UNIT BUILDING WITH 672 SF GREEN ROOF, CHICAGO GREEN HOMES 3 STARS, GREEN PERMIT PROGRAM BENEFIT TIER II. H1-4130 S. OAKENWALD AVE.",0.0,575.0,836400.0,4.0,1184448.1289726228,1877628.138626184,2012,06,28,0,0,1
273519,2385592,100448179,PERMIT - NEW CONSTRUCTION,2012-07-05T00:00:00.000,2012-07-05T00:00:00.000,4259.0,COTTAGE GROVE AVE,,"2-1/2 STORY CORE AND SHELL BUILDING (18,000 SF) FOR DIALYSIS CENTER WITH GREEN ROOF 3,472 SF.",0.0,1884.66,836400.0,4.0,1182361.643768469,1876696.085365925,2012,07,05,0,0,1
274288,2387731,B100449126,PERMIT – EXPRESS PERMIT PROGRAM,2012-07-12T00:00:00.000,2012-07-12T00:00:00.000,5525.0,BROADWAY,Electrical Work,INSTALL 8 OUTLET IN THE PLANTERS IN THE OUTSIDE BACK OF RESTAURANT,0.0,150.0,30700.0,48.0,1167350.3488285963,1936958.5035770868,2012,07,12,0,0,1
276450,2392742,B100451745,PERMIT – EXPRESS PERMIT PROGRAM,2012-08-03T00:00:00.000,2012-08-03T00:00:00.000,1445.0,PULASKI RD,Electrical Work,REPLACE EXISTING 9 ANTENNAS WITH LIKE 9 ANDREW SBNH-1D6565B ANTENNAS; INSTALL 12 REMOTE RADIO UNITS AND 3 RAYCAP FIBER AND DC DISTRIBUTION UNITS WITH INTEGRATED SURGE PROTECTOR.  REPLACE EXISTING DC POWER PLANT.,0.0,200.0,230700.0,36.0,1149488.567068959,1909446.9026198576,2012,08,03,0,0,1
276935,2393938,100452353,PERMIT - NEW CONSTRUCTION,2012-08-03T00:00:00.000,2012-08-07T00:00:00.000,2333.0,MADISON ST,,"NEW 2-STORY GROCERY STORE AS PER PLANS.  GREEN ROOF = 39,866 SQ.FT. (58%)",0.0,8356.14,280900.0,2.0,1160719.6883756567,1899917.8876413507,2012,08,07,0,0,1
277558,2395560,100453122,PERMIT - RENOVATION/ALTERATION,2012-08-13T00:00:00.000,2012-08-13T00:00:00.000,906.0,BISHOP ST,,RENOVATION OF EXISTING (2) STORY WITH BASEMENT (2) D.U. BUILDING.  SCOPE OF WORK INCLUDES (2) STORY WITH BASEMENT REAR ADDITION AND NEW (2) STORY DECK.  ALSO INCLUDES (687) S.F. GREEN ROOF ON HOME AND NEW DETACHED (2) CAR GARAGE WITH ROOF DECK AND (170) S.F. GREEN ROOF.,0.0,795.34,283100.0,25.0,1166815.6024829652,1896027.277904408,2012,08,13,0,0,1
277578,2395589,100453143,PERMIT - NEW CONSTRUCTION,2012-10-15T00:00:00.000,2013-09-20T00:00:00.000,440.0,40TH ST,,ERECT A THREE STORY TWELVE UNIT RESIDENTIAL BUILDING AS PER PLANS. BUILDING 'G'******GREEN ROOF** CERTIFIED CORRECTIONS**CONDITIONAL PERMIT SUBJECT TO FIELD INSPECTION.,0.0,4786.7,380200.0,3.0,1180023.5682773362,1878283.6287329716,2013,09,20,0,0,1
277586,2395600,100453153,PERMIT - SIGNS,2012-09-12T00:00:00.000,2012-09-19T00:00:00.000,1.0,JACKSON BLVD,,"PRIVATE PROPERTY PLANTER SIGN, NON-ILLUMINATED 3'6""HX8'11""L SIGN IS TO REPLACE THE EXISTING PLANTER SIGN FACING JACKSON BLVD. PROPOSED SIGN IS SMALLER THAN EXISTING",0.0,250.0,320400.0,2.0,1176461.324427022,1898963.6427725852,2012,09,19,0,0,1
278785,2398791,B100454680,PERMIT – EXPRESS PERMIT PROGRAM,2012-08-21T00:00:00.000,2012-08-22T00:00:00.000,2049.0,MOHAWK ST,Electrical Work,"INSTALLATION OF LANDSCAPE LIGHTING ALONG FRONT AND SOUTH SIDE PLANTING LOCATIONS, INTERIOR COURTYARD AND GARAGE ROOF PLANTERS.  INSTALL (1) POST LIGHT IN SOUTH EVERGREEN TREE ROW TO SUPPORT (2) - 300 WATT QUARTZ HALOGEN SECURITY FLOOD LIGHTS SHINING BACK AT HOUSE.  INSTALL AUXILIARY OUTLETS IN PLANTING BEDS.  ALL POWER TO BE CONNECTED TO PANEL AND CONTROLS BY INTERIOR ELECTRICIAN (CURRENT ELECTRIC) AND STUBBED INTO LANDSCAPE AREA FOR CONNECTION BY LIGHTSCAPE.",0.0,150.0,71300.0,43.0,1172302.601138852,1914093.6421250016,2012,08,22,0,1,1
279151,2399555,100455113,PERMIT - RENOVATION/ALTERATION,2012-08-27T00:00:00.000,2012-09-26T00:00:00.000,30.0,WACKER DR,,"RENOVATION TO AN EXISTING PLAZA AT 10, 20 AND 30 S. WACKER DRIVE TO INCLUDE CONCRETE WORK, PLANTERS, PAVERS AND DRAINAGE",0.0,375.0,839100.0,2.0,1173831.5850128422,1900143.687862009,2012,09,26,0,1,1
279337,2400156,100455375,PERMIT - EASY PERMIT PROCESS,2012-08-27T00:00:00.000,2012-08-27T00:00:00.000,30.0,MONROE ST,,REPLACE DAMAGED\LEAKING ROOF MEMBRANE ON A 3 STORY TALL ANNEX BUILDING THAT HOUSES MECHANICALS.  NEW GREEN ROOF TO BE PERMITTED SEPARATELY.,0.0,200.0,839100.0,42.0,1176080.7758131318,1899954.8317650815,2012,08,27,0,0,1
280276,2402734,100456541,PERMIT - RENOVATION/ALTERATION,2012-09-28T00:00:00.000,2012-11-29T00:00:00.000,111.0,JACKSON BLVD,,"EXTERIOR ALTERATIONS TO INCLUDE NEW RAISED PLANTER WITH MONUMENT, SIDEWALK IMPROVEMENTS, FLAG POLES AND AWNINGS AS PER PLANS.",0.0,825.0,839100.0,2.0,1175471.1124465356,1898927.9235033544,2012,11,29,0,0,1
281336,2405285,100457833,PERMIT - EASY PERMIT PROCESS,2012-09-13T00:00:00.000,2012-09-13T00:00:00.000,100.0,CHESTNUT ST,,"GROUND LEVEL WORK ONLY: DISMATLE & REBUILD A 12"" HIGH KNEE WALL 60' LONG WITH CONCRETE & INSTALL A 12"" BLACK WORUGHT IRON FENCE FOR PLANTER.",0.0,325.0,81201.0,42.0,1176947.7120141971,1906389.5316104095,2012,09,13,0,0,1
281960,2406713,100458591,PERMIT - NEW CONSTRUCTION,2012-10-15T00:00:00.000,2012-11-02T00:00:00.000,2171.0,EASTWOOD AVE,,"ERECT  2 STORY  FRONT SINGLE FAMILY RESIDENCE ADDITION WITH BASEMENT, NEW FRONT PORCH AND ENTRY STAIR, MASONRY WALL AND PLANTERS, NEW REAR ONE STORY ADDITION WHICH WILL CONNECT THE FRONT ADDITION TO EXISTING REAR SINGLE FAMILY BUILDING TO BE CONVERTED AS AN ATTACHED 2 CAR PRIVATE GARAGEAND CONSTRUCT A NEW ATTACHED 1 CAR GARAGE., REAR SECOND FLOOR TO BE USED AS STORAGE AND LIVING SPACE TO SINGLE FAMILY RESIDENCE.PER PLANS",0.0,1450.0,40600.0,47.0,1160979.1661197362,1930810.377824725,2012,11,02,0,0,1
282047,2406906,100458694,PERMIT - NEW CONSTRUCTION,2012-09-19T00:00:00.000,2012-09-28T00:00:00.000,2989.0,MILWAUKEE AVE,,"NEW CONSTRUCTION OF 4 STORY CHARTER SCHOOL, ASPIRA BUSINESS AND FINANCE HIGH SCHOOL. SCOPE OF WORK INCLUDES 8,100 S.F. GREEN ROOF AND 51 CAR PARTIALLY COVERED PARKING LOT. GREEN PERMIT PROGRAM BENEFIT TIER II (LEED SILVER)",0.0,6078.41,210501.0,35.0,1151636.002883854,1919780.601370602,2012,09,28,0,0,1
283213,2410260,100460350,PERMIT - RENOVATION/ALTERATION,2012-09-28T00:00:00.000,2012-09-28T00:00:00.000,30.0,MONROE ST,,"INSTALL VEGETATED GREEN ROOF ON EXISTING ANNEX OFFICE BUILDING PER PLAN. VEGETATED AREA = 2,984. NO ROOF ACCESS TO PUBLIC.NO ELECTRICAL WORK",0.0,939.62,839100.0,42.0,1176080.7758131318,1899954.8317650815,2012,09,28,0,0,1
284852,2414143,100462301,PERMIT - NEW CONSTRUCTION,2012-10-12T00:00:00.000,2012-10-17T00:00:00.000,73.0,LAKE ST,,"ERECT 43 STORY RESIDENTIAL BUILDING. GREEN ROOF 7,528 SF, GREEN PERMIT PROGRAM BENEFIT TIER II.",0.0,247093.32,320100.0,42.0,1177027.1756843096,1901706.3461449952,2012,10,17,0,0,1
285771,2416410,100463394,PERMIT - NEW CONSTRUCTION,2012-10-19T00:00:00.000,2012-10-19T00:00:00.000,615.0,38TH PL,,"BUILDING TYPE E1-2D (615-627 E 38TH PL) ERECT 14 DU 3 STORY MULTI-FAMILY BUILDING.  GREEN PERMIT PROGRAM BENEFIT TIER II - BENEFIT TIER II (GREEN ROOF, EXCEPTIONAL WATER MANAGEMENT). CERTIFIED CORRECTIONS PROJECT SUBJECT TO FIELD INSPECTION",3504.0,6077.05,360200.0,4.0,1180863.064594529,1879548.9602003228,2012,10,19,0,0,1
285772,2416411,100463395,PERMIT - NEW CONSTRUCTION,2012-10-19T00:00:00.000,2012-10-19T00:00:00.000,811.0,38TH PL,,"BUILDING TYPE E2-2D (811-825 E 38TH PL) ERECT 14 DU 3 STORY MULTI-FAMILY BUILDING.  GREEN PERMIT PROGRAM BENEFIT TIER II - BENEFIT TIER II (GREEN ROOF, EXCEPTIONAL WATER MANAGEMENT)- CERTIFIED CORRECTIONS PROJECT SUBJECT TO FIELD INSPECTION",3504.0,6431.15,836500.0,4.0,1182207.1776079717,1879716.7689498016,2012,10,19,0,0,1
285789,2416455,100463414,PERMIT - NEW CONSTRUCTION,2012-10-19T00:00:00.000,2012-10-19T00:00:00.000,3744.0,ELLIS AVE,,"BUILDING TYPE D-2D ( 3744-3754 S. ELLIS AV, 830-836 E 38TH ST) ERECT 3 STORY 14 DU MULIT-FAMILY BUILDING. GREEN PERMIT PROGRAM BENEFIT TIER II - BENEFIT TIER II (GREEN ROOF, EXCEPTIONAL WATER MANAGEMENT)- CERTIFIED CORRECTIONS PROJECT SUBJECT TO FIELD INSPECTION",4030.0,6614.92,836500.0,4.0,1182225.4814919322,1880354.3864308833,2012,10,19,0,0,1
285793,2416474,100463422,PERMIT - NEW CONSTRUCTION,2012-10-19T00:00:00.000,2012-10-19T00:00:00.000,720.0,38TH ST,,"BUILDING TYPE G-2D (720-726 E 38TH ST) ERECT 3 STORY 12 DU MULTI-FAMILY BUILDING. GREEN PERMIT PROGRAM BENEFIT TIER II - BENEFIT TIER II (GREEN ROOF, EXCEPTIONAL WATER MANAGEMENT)",3304.0,5348.67,360200.0,4.0,1181556.7605087648,1879973.869424207,2012,10,19,0,0,1
285805,2416494,100463434,PERMIT - NEW CONSTRUCTION,2012-10-19T00:00:00.000,2012-10-19T00:00:00.000,630.0,38TH ST,,"BUILDING TYPE I-2D (630 E. 38TH ST, 636 E. 38TH ST) 3 STORY 6 UNIT MULTI-FAMILY BUILDING. GREEN PERMIT PROGRAM BENEFIT TIER II - BENEFIT TIER II (GREEN ROOF, EXCEPTIONAL WATER MANAGEMENT)",2745.9,2970.9,360200.0,4.0,1181121.8998453433,1879955.7934520328,2012,10,19,0,0,1
285806,2416495,100463435,PERMIT - NEW CONSTRUCTION,2012-10-19T00:00:00.000,2012-10-19T00:00:00.000,636.0,38TH ST,,"BUILDING TYPE I2-2D (636 E. 38TH ST) 3 STORY 6 UNIT MULTI-FAMILY BUILDING. GREEN PERMIT PROGRAM BENEFIT TIER II - BENEFIT TIER II (GREEN ROOF, EXCEPTIONAL WATER MANAGEMENT)- CERTIFIED CORRECTIONS PROJECT SUBJECT TO FIELD INSPECTION",2745.9,2970.9,360200.0,4.0,1181177.860611109,1879956.98905736,2012,10,19,0,0,1
285995,2416987,100463680,PERMIT - EASY PERMIT PROCESS,2012-10-23T00:00:00.000,2012-10-23T00:00:00.000,320.0,DEARBORN ST,,"PLAZA ONLY TERRACE & PLANTER REPAIR\REPLACE WATER PROOFING ON PLAZA ONLY. RESTORRING PAVERS W\SEALANT & REPAIRS TO CONCRETE & WATERPROOFING SYSTEMS. EXTERIOR FACADE REPAIRS WHERE NECESSARY, CLEANING EXTERIOR GRANITE & LIMESTONE & PERFORMING THE REMOVAL\REPLACEMENT OF FACADE SELANTS & MASONRY REPAIRS AS NEEDED.",0.0,325.0,81700.0,42.0,1175846.3186919484,1902487.563295717,2012,10,23,0,0,1
288844,2423793,100467190,PERMIT - RENOVATION/ALTERATION,2012-11-14T00:00:00.000,2012-11-15T00:00:00.000,203.0,WABASH AVE,,"INTERIOR AND EXTERIOR ALTERATIONS TO CONVERT 29 STORY OFFICE BUILDING INTO HOTEL AS PER PLANS. 2,584 SF GREEN ROOF",0.0,36825.8,320100.0,42.0,1176818.4024032657,1901779.2569776764,2012,11,15,0,0,1
289026,2424279,100467405,PERMIT - NEW CONSTRUCTION,2012-11-16T00:00:00.000,2012-11-16T00:00:00.000,1800.0,LAWRENCE AVE,,"NEW CONSTRUCTION - 3-STORY, PRECAST-CONCRETE STRUCTURE WITH RETAIL ON THE GROUND FLOOR, A GROCERY STORE ON THE SECOND LEVEL AND PARKING ON THE THE 3RD LEVEL.  LEED CERTIFIED, PLANNED DEVELOPMENT, GREEN ROOF = 6,800 SQ. FT.",0.0,3666.52,40402.0,47.0,1163393.2985566591,1931955.302834694,2012,11,16,0,0,1
290076,2426937,100468656,PERMIT - RENOVATION/ALTERATION,2012-11-28T00:00:00.000,2012-11-28T00:00:00.000,2525.0,MICHIGAN AVE,,"INSTALLATION OF NEW GREEN ROOF (2,968 SQ.FT.)",0.0,575.0,841000.0,2.0,1177690.1439268845,1887533.372999717,2012,11,28,0,0,1
290308,2427530,100468927,PERMIT - RENOVATION/ALTERATION,2013-04-17T00:00:00.000,2013-04-17T00:00:00.000,6220.0,OLCOTT AVE,,"ERECT A 2-STORY ANNEX ADDITION TO THE EXISTING EDISON PARK ELEMENTARY SCHOOL.  BUILDING INCLUDES 9 CLASSROOMS, 1 SCIENCE CLASSROOM, A WARMING KITCHEN AND A DINING ROOM.  THERE IS A GREEN ROOF AND THE SITE WORK INCLUDES A PLAYGROUND RENOVATION AND NEW PARKING LOT.  THE PROJECT IS SEEKING LEED SILVER CERTIFICATION.",10540.4,10540.4,100300.0,41.0,1125476.5368216373,1940915.0708137364,2013,04,17,0,0,1
291525,2430722,B100470467,PERMIT – EXPRESS PERMIT PROGRAM,2012-12-12T00:00:00.000,2012-12-18T00:00:00.000,133.0,69TH ST,Electrical Work,"CORRECT ALL ELECTRICAL VIOLATIONS PER CITY OF CHICAGO BUILDING DEPARTMENT REMOVE EXTENSION CORDS IN CEILING, SUPPORT LIGHT FIXTURES,PROPERLY GROUND ELECTRICAL SYSTEM FOR PROPER CONTINUITY,PROPERLY WIRE HEATING PLANT AND HOT WATER HEATER REPAIR 3PHASE SERVICE",0.0,50.0,690400.0,6.0,1178741.847080049,1859269.661090144,2012,12,18,0,0,1
291680,2431198,100470703,PERMIT - RENOVATION/ALTERATION,2013-02-27T00:00:00.000,2013-05-09T00:00:00.000,120.0,RIVERSIDE PLZ,,"RENOVATION OF AN EXISTING PLAZA TO INCLUDE CONCRETE WORK, PLANTERS, PAVERS AND DRAINAGE",0.0,15935.0,281900.0,2.0,1173387.3301413597,1899599.3188245583,2013,05,09,0,1,1
293214,2435716,100472708,PERMIT - RENOVATION/ALTERATION,2013-04-05T00:00:00.000,2013-06-04T00:00:00.000,12201.0,TORRENCE AVE,,INSTALLATION OF TWO SLAB ON GRADE TANKS FOR  WASTE WATER TREATMENT AT EXISTING MANUFACTURING PLANT PER PLAN,0.0,1075.0,838800.0,10.0,1195767.4163854565,1824631.5676924817,2013,06,04,0,0,1
293550,2436503,100473098,PERMIT - RENOVATION/ALTERATION,2013-09-13T00:00:00.000,2013-09-19T00:00:00.000,2045.0,CULLOM AVE,,STRUCTURAL WORK ONLY- ROOF REINFORCEMENT (INCLUDES KNEE WALL BETWEEN ROOF AND CEILING JOISTS AND 12 NEW STEEL COLUMNS AND FOOTINGS BELOW FIRST FLOOR) FOR FUTURE GREEN ROOF INSTALLATION AND REAR PORCH PENTHOUSE ADDITION PER PLANS.,0.0,623.4,50200.0,47.0,1161801.0856177807,1928506.028397154,2013,09,19,0,0,1
293853,2437325,100473480,PERMIT - NEW CONSTRUCTION,2013-04-24T00:00:00.000,2013-04-24T00:00:00.000,10808.0,DOTY AVE W,,SHELL & CORE ONLY FOR NEW ONE-STORY RETAIL BUILDING COMPLEX AS PER PLANS.ADDRESS RANGE IS 10808 - 10830 S. DOTY AVE. LEED CERTIFIED. GREEN ROOF *** SFFOUNDATION PERMIT UNDER: 100471947,0.0,5147.5,500200.0,9.0,1185689.5232942302,1833410.4969801924,2013,04,24,0,0,1
293940,2437567,100473585,PERMIT - RENOVATION/ALTERATION,2013-04-05T00:00:00.000,2013-04-05T00:00:00.000,1242.0,JACKSON BLVD,,"NEW ROOF DECK, INSTALLATION OF FIVE ELECTRICAL RECEPTACLES AND GREEN PLANTING AREAS ATOP AN EXISTING 4 STORY 7 DU (CONDO) MASONRY BUILDING.",0.0,382.0,833100.0,27.0,1167966.5481012517,1898808.4389977376,2013,04,05,0,0,1
294495,2439007,100474248,PERMIT - RENOVATION/ALTERATION,2013-06-13T00:00:00.000,2013-06-13T00:00:00.000,535.0,MICHIGAN AVE,,"RE-CONSTRUCT EXISTING ELEVATED WALKWAY AND STAIR WITH NEW ADA RAMP, LIGHTING AND PLANTERS.",0.0,1484.1,81403.0,42.0,1177377.9359934146,1903995.489414536,2013,06,13,0,0,1
294863,2440103,100474718,PERMIT - WRECKING/DEMOLITION,2013-02-14T00:00:00.000,2013-02-14T00:00:00.000,4700.0,CALIFORNIA AVE,,"WRECK AND REMOVE A 1 & 2 STORYCOMMERCIAL BUILDING (380,000SF). FORMER RC COLA PLANT.  WORK TO TOP OF CONCRETE SLAB.",0.0,7220.0,842800.0,14.0,1158454.753779478,1873352.2948819357,2013,02,14,0,0,1
296722,2445327,100477063,PERMIT - SIGNS,2013-03-06T00:00:00.000,2013-03-27T00:00:00.000,840.0,BLACKHAWK ST,,INSTALLATION OF (1) LED ILLUMINATED BOX SIGN TO BE MOUNTED IN THE PLANTER BOX ON THE EAST BUILDING ELEVATION,0.0,250.0,842200.0,43.0,1170297.2320011414,1910045.522009767,2013,03,27,0,0,1
296723,2445328,100477064,PERMIT - SIGNS,2013-03-06T00:00:00.000,2013-03-28T00:00:00.000,840.0,BLACKHAWK ST,,INSTALLATION OF (1) LED ILLUMINATED BOX SIGN TO BE MOUNTED IN THE PLANTER BOX ON THE SOUTH BUILDING ELEVATION,0.0,250.0,842200.0,43.0,1170297.2320011414,1910045.522009767,2013,03,28,0,0,1
296877,2445799,100477258,PERMIT - NEW CONSTRUCTION,2013-02-08T00:00:00.000,2013-02-13T00:00:00.000,416.0,DEMING PL,,"ERECT 4-STORY, 8 UNIT RESIDENTIAL BUILDING WITH A PRIVATE GARAGE WITH 50% GREEN ROOF (2600 SF). SELF-CERTIFICATION PROJECT. CONDITIONAL PERMIT SUBJECT TO FIELD INSPECTION.",0.0,9599.79,70101.0,43.0,1172931.0194663047,1917695.8389959307,2013,02,13,0,0,1
298075,2448482,100478729,PERMIT - RENOVATION/ALTERATION,2013-07-24T00:00:00.000,2014-02-10T00:00:00.000,544.0,PAULINA ST,,"INTERIOR RENOVATION TO EXISTING 4 STORY MASONRY BUILDING INCLUDING NEW ELEVATOR, INTERIOR EXIT STAIR, AND EXTERIOR EXIT STAIR AND 4 PARKING SPACES AND 1,440 SF GREEN ROOF (STRUCTURAL ELEMENT). (DECONVERSION FROM COMMERCIAL TO RESIDENTIAL) CONVERT EXISTING BUILDING TO 4 DWELLLING UNITS",0.0,9806.75,243200.0,26.0,1164921.3051458127,1904047.7131420877,2014,02,10,0,0,1
298211,2448890,100478893,PERMIT - NEW CONSTRUCTION,2013-06-03T00:00:00.000,2013-07-25T00:00:00.000,1919.0,HOWE ST,,NEW SINGLE FAMILY RESIDENCE WITH ATTACHED GARAGE AND 924 SF VEGETATED GREEN ROOF ABOVE GARAGE.,0.0,1960.68,71800.0,43.0,1171676.5303185368,1912974.3710862673,2013,07,25,0,0,1
298380,2449321,B100479090,PERMIT – EXPRESS PERMIT PROGRAM,2013-02-25T00:00:00.000,2013-03-07T00:00:00.000,555.0,TRIPP AVE,Electrical Work,LOW VOLT ELECTRICAL PERMIT TO INSTALL A LOW VOLT SECURITY SYSTEM AIPHONE CHICAGO CARTON PLANT  332-57458,0.0,50.0,231400.0,28.0,1147939.7746555596,1903549.8292942217,2013,03,07,0,0,1
299632,2452541,100480703,PERMIT - NEW CONSTRUCTION,2013-03-08T00:00:00.000,2013-03-08T00:00:00.000,1700.0,WENTWORTH AVE,,"ERECT A TWO STORY FIELDHOUSE WITH GREEN ROOF, RAINWATER HARVESTING SYSTEM AND GEOTHERMAL SYSTEM",11022.6,11022.6,330200.0,25.0,1175289.2538521597,1891698.0809078787,2013,03,08,0,1,1
300291,2454255,100481521,PERMIT - RENOVATION/ALTERATION,2013-03-19T00:00:00.000,2013-03-19T00:00:00.000,226.0,SCHILLER ST,,"25,000 SQ. FT. ADDITION, MINOR ALTERATIONS (1,950 SQ. FT.) TO EXISTING SCHOOL TO ACCOMMODATE ADDITION AND ASSOCIATED SITE WORK.INCLUDES RELOCATION OF EXISTING WIND TURBINE AS PER PLANS.  (1,185 SQ. FT. OF GREEN ROOF)",0.0,1303.5,80300.0,27.0,1174141.7583398712,1909748.7531319156,2013,03,19,0,0,1
300411,2454583,100481660,PERMIT - NEW CONSTRUCTION,2013-04-19T00:00:00.000,2013-08-01T00:00:00.000,4650.0,RACINE AVE,,"NEW 2 STORY METAL BUILDING, 1 STORY CMU BUILDING AND CONTAINMENT SLAB PER PLANS FOR MANUFACTURING PROCESSING PLANT.",0.0,1665.35,842600.0,3.0,1169071.347827972,1873754.8503962527,2013,08,01,0,0,1
301784,2458093,100483360,PERMIT - RENOVATION/ALTERATION,2013-08-28T00:00:00.000,2013-09-09T00:00:00.000,936.0,MICHIGAN AVE,,"**CERTIFIED PLAN CORRECTIONS** - RENOVATION OF AN EXISTING PLAZA, PAVING, WATERPROOFING AND NEW RAISED PLANTERS PER PLANS. (SUBJECT TO FIELD INSPECTION)",0.0,1598.5,81201.0,42.0,1177270.6496877987,1907003.742353273,2013,09,09,0,0,1
301809,2458165,100483391,PERMIT - NEW CONSTRUCTION,2013-03-28T00:00:00.000,2013-03-28T00:00:00.000,455.0,PARK DR,,"FULL BUILDING- FOR A PROPOSED 50 STORY RETAIL/RESIDENTIAL BUILDING-398 DWELLING UNTIS, 400 HOTEL ROOMS AND 230 PARKING SPACES; 455 NORTH PARK DRIVE. WITH 26,571(SF) VEGETATED GREEN ROOF",0.0,182076.04,81403.0,42.0,1178623.9487488896,1903394.341926793,2013,03,28,0,0,1
302356,2459406,100484038,PERMIT - NEW CONSTRUCTION,2013-04-02T00:00:00.000,2013-04-02T00:00:00.000,2260.0,99TH ST,,"ERECT 4 STORY TYPE 1A (75,000 SF APPROX) 86 DU SENIOR HOUSING BUILDING. 50% GREEN ROOF (11,000 SF). 20 SOLAR THERMAL PANELS. GREEN PERMIT PROGRAM BENEFIT TIER II.",0.0,22491.27,510300.0,7.0,1193007.252136006,1839809.524960109,2013,04,02,1,0,1
302415,2459517,100484108,PERMIT - NEW CONSTRUCTION,2013-04-02T00:00:00.000,2013-04-02T00:00:00.000,123.0,DESPLAINES ST,,"ERECT NEW FOUNDATION, GROUND FLOOR AND 2 STORY PARKING GARAGE FOR A 19 NEW STORY APARTMENT BUILDING WITH GREEN ROOF",0.0,11161.72,280100.0,42.0,1171948.7132908388,1901040.3915683147,2013,04,02,0,0,1
302816,2460579,100484632,PERMIT - NEW CONSTRUCTION,2013-04-05T00:00:00.000,2013-04-05T00:00:00.000,5141.0,CHRISTIANA AVE,,"NEW CONSTRUCTION OF A 100,773 GSF LABORATORY AND CLASSROOM BUILDING COMPRISED OF 3-STORIES, FULL BASEMENT, MECHANICAL PENTHOUSE AND GREEN ROOF.",34262.82,35262.82,831800.0,39.0,1153152.80084991,1934132.9220926336,2013,04,05,0,0,1
303680,2462705,100485701,PERMIT - NEW CONSTRUCTION,2013-04-12T00:00:00.000,2013-04-12T00:00:00.000,3740.0,HALSTED ST,,NEW CONSTRUCTION:  15-STORY RESIDENTIAL APARTMENT BUILDING WITH BASEMENT; 269 UNITS AND 276 PARKING SPACES.LEED CERTIFIED; GREEN ROOF. FOUNDATION UNDER PERMIT 100468692,0.0,163099.4,61000.0,46.0,1170206.70736382,1925217.272562608,2013,04,12,0,0,1
303699,2462733,B100485720,PERMIT – EXPRESS PERMIT PROGRAM,2013-04-12T00:00:00.000,2013-05-01T00:00:00.000,555.0,TRIPP AVE,Electrical Work,CHICAGO CARTON PLANT 332-57458-08 LOW VOLTAGE ELECTRICAL PERMIT FOR LOW VOLTAGE  BA ALARM,0.0,50.0,231400.0,28.0,1147939.7746555596,1903549.8292942217,2013,05,01,0,0,1
304812,2465110,100487037,PERMIT - RENOVATION/ALTERATION,2013-08-02T00:00:00.000,2013-08-02T00:00:00.000,2816.0,KILBOURN AVE,,"THE UNILEVER ILLINOIS MANUFACTURING, LLC PLANT ON KILBOURN AVENUE PRODUCES, PACKAGES, AND DISTRIBUTES MAYONNAISE IN A VARIETY OF SIZES; FOR RETAIL AND COMMERCIAL SALE.  THE AREA OF WORK IS PROPOSED WITHIN AN EXISTING FACILITY COMPOSED OF CONNECTED ONE TO FOUR STORY BUILDINGS; INITIALLY ERECTED BETWEEN 1917 AND 1977.  THROUGH THE YEARS, A SIGNIFICANT AMOUNT OF INTERNAL MODIFICATION HAS BEEN IMPLEMENTED TO ADDRESS MARKET CHANGES, GENERAL MODERNIZATION, PRODUCTION EFFICIENCY, AND BASIC SAFETY REQUIREMENTS.  A MIX OF MASONRY, CONCRETE, AND STEEL COMPOSES THE EXISTING FACILITY STRUCTURE. AN AUTOMATED FIRE SUPPRESSION SYSTEM, IN ACCORDANCE WITH THE GOVERNING LOCAL CODES AND UNILEVER'S INSURER, IS INSTALLED THROUGHOUT. MAYONNAISE DISTRIBUTION FROM THE KILBOURN FACILITY HAS BEEN PROCEEDING VIA THE USE OF A ""CO-PACKER"".  THIS PROJECT INTENDS TO DISCONTINUE THE USE OF A ""CO-PACKER"", AND CONSOLIDATE THE OPERATION BY INSTALLING NEW PACKAGING EQUIPMENT ON-SITE.  AN EXISTING, INTERIOR RAILCAR PI",0.0,1818.76,301801.0,22.0,1146813.769335225,1884799.6305555704,2013,08,02,0,0,1
305375,2466406,100487765,PERMIT - NEW CONSTRUCTION,2013-09-16T00:00:00.000,2014-02-25T00:00:00.000,109.0,43RD ST,,"CONSTRUCTION OF A NEW 4 STORY - 15 D.U AND OFFICE BUILDING.TOTAL SQUARE FOOTAGE: 23,866 SQ. FT AS PER PLANS. ***** GREEN ROOF INCLUDED*********",0.0,11183.48,380700.0,3.0,1177996.4103290795,1876501.4299312052,2014,02,25,0,0,1
305691,2467150,100488206,PERMIT - EASY PERMIT PROCESS,2013-04-29T00:00:00.000,2013-04-30T00:00:00.000,1000.0,STATE ST,,"WORK ON THE FRONT & REAR PATIOS: REPLACE CONCRETE PATIOS, BRICK PLANTER, WATERPROOFING, PLANTERS DRAINS & PAVERS.",0.0,425.0,81100.0,42.0,1176142.0133710443,1907156.0855976865,2013,04,30,0,1,1
306372,2468532,100489059,PERMIT - RENOVATION/ALTERATION,2013-05-23T00:00:00.000,2013-06-01T00:00:00.000,10.0,RIVERSIDE PLZ,,"INTERIOR ALTERATIONS IN EXISTING OFFICE BUILDING TO THE OFFICE SPACE ON THE 9TH AND 10TH FLOORS FOR SINGLE TENANT ""PLANTE MORAN"", AS PER PLANS.",0.0,30573.78,281900.0,2.0,1173359.0747978694,1900233.5446894723,2013,06,01,0,0,1
307640,2471355,100490541,PERMIT - RENOVATION/ALTERATION,2013-07-11T00:00:00.000,2013-07-16T00:00:00.000,160.0,CHICAGO AVE,,"THE RENOVATION OF PART OF THE EXISTING FIRST FLOOR AND NEW GLASS CURTAIN WALL ENCLOSURE AT 160 WEST CHICAGO AVE. THIS WORK WILL INCLUDE DEMOLITION OF EXISTING NON-LOAD BEARING PARTITIONS; DOORS AND FRAMES; FLOOR, CEILING AND WALL FINISHES; ELECTRICAL AND MECHANICAL COMPONENT; PATCHING AND REPAIR OF EXISTING PARTITIONS. NEW WORK CONSISTS OF NEW DOORS; NEW GLASS CURTAIN WALL ENCLOSURE; NEW CONCRETE PLANTER AND LIMITED SITE WORK; NEW PARTITIONS; NEW CEILING, FLOOR AND WALL FINISHES. NEW ROOFTOP UNIT AND ELECTRICAL WORK PER PLANS.",0.0,990.0,81000.0,42.0,1174756.2132413597,1905729.0508203192,2013,07,16,0,0,1
307774,2471758,100490708,PERMIT - RENOVATION/ALTERATION,2013-06-21T00:00:00.000,2013-06-24T00:00:00.000,10.0,RIVERSIDE PLZ,,**SELF-CERTIFICATION** INTERIOR ALTERATIONS IN EXISTING OFFICE BUILDING TO THE OFFICE SPACE ON THE 1ST FLOOR TO INCLUDE NEW MEZZANINE FOR 'PLANTE MORAN' AS PER PLANS.  (SUBJECT TO AUDIT & FIELD INSPECTION),0.0,5692.19,281900.0,2.0,1173359.0747978694,1900233.5446894723,2013,06,24,0,0,1
310990,2478903,B100494608,PERMIT – EXPRESS PERMIT PROGRAM,2013-06-09T00:00:00.000,2013-06-09T00:00:00.000,10.0,RIVERSIDE PLZ,Electrical Work,SECURITY SYSTEM WORK (PLANTE MORAN) 03-4621,0.0,50.0,281900.0,42.0,1173359.0747978694,1900233.5446894723,2013,06,09,0,0,1
311248,2479486,100494946,PERMIT - NEW CONSTRUCTION,2013-08-19T00:00:00.000,2013-11-08T00:00:00.000,15.0,WOOD ST,,"PD 522 - 60,850 SF BASKETBALL PRACTICE FACILITY AND DETACHED 4,350 SF STORAGE BUILDING AND ADJACENT PARKING.  **PLEASE NOTE PREVIOUS FOUNDATION ONLY APPLICATION FOR THIS PROJECT, #100489519*** GREEN ROOF PROJECT ###SF OF VEGETATED AREA",0.0,21739.0,838100.0,27.0,1164457.1181410032,1899867.2209702677,2013,11,08,0,0,1
319006,2496734,100504493,PERMIT - RENOVATION/ALTERATION,2013-08-15T00:00:00.000,2013-08-15T00:00:00.000,12.0,MICHIGAN AVE,,RENOVATION OF EXISTING HOTEL AND CLUB TO A 241 ROOM HOTEL AND CLUB.  EXISTING BUILDING IS COMPRISED OF A 19 STORY ANNEX AND THE ORIGINAL 12 STORY BUILDING. GREEN ROOF 7340 SF VEGETATED AREA,0.0,68225.0,320400.0,42.0,1177275.452891325,1900316.2227389032,2013,08,15,0,0,1
320169,2499393,100505950,PERMIT - NEW CONSTRUCTION,2013-08-26T00:00:00.000,2013-08-26T00:00:00.000,845.0,STATE ST,,NEW CONSTRUCTION; 35 STORIES WITH GREEN ROOF- 845 NORTH STATE STREET-FOUNDATION AND SUPERSTRUCTURE,0.0,152573.92,81201.0,42.0,1176250.9641189775,1906205.3683459244,2013,08,26,0,0,1
320378,2499853,100506194,PERMIT - EASY PERMIT PROCESS,2013-08-27T00:00:00.000,2013-08-27T00:00:00.000,2625.0,ORCHARD ST,,ERECT AN OPEN TRELLIS AROUND EXISTING TREE PLANTER BOXES PER PLANS,200.0,200.0,70200.0,43.0,1171189.1337202354,1917774.7564036204,2013,08,27,0,0,1
320874,2500807,100506760,PERMIT - RENOVATION/ALTERATION,2014-03-07T00:00:00.000,2014-06-25T00:00:00.000,422.0,DEMING PL,,NEW FIRE-RATED WOOD ROOF DECK WITH VEGETATED GREEN ROOF AREA (1390 SF) PER ARCHITECTURAL PLANS. NO PLUMBING OR ELECTRICAL WORK,0.0,408.95,70101.0,43.0,1172875.3728354597,1917670.5164540815,2014,06,25,0,0,1
321521,2502009,B100507543,PERMIT – EXPRESS PERMIT PROGRAM,2013-09-06T00:00:00.000,2013-09-06T00:00:00.000,600.0,KINZIE ST,Monthly Maintenance Permit,REQUIRED PM ON ELECTRICAL EQUIPMENT AT THE CHOCOLATE MANUFACTURING PLANT,0.0,200.0,243600.0,27.0,1172231.085536217,1902955.411466567,2013,09,06,0,0,1
324576,2507975,100511214,PERMIT - RENOVATION/ALTERATION,2013-12-27T00:00:00.000,2014-02-24T00:00:00.000,1801.0,FOSTER AVE,,INTERIOR RENOVATION OF EXISTING 2 STORY 3B CONSTRUCTION MANUFACTURING PLANT INTO A NEW MICRO BREWERY PER PLANS.,0.0,5281.76,40402.0,47.0,1163324.7246909891,1934527.444176832,2014,02,24,0,0,1
326133,2511034,100513032,PERMIT - EASY PERMIT PROCESS,2013-10-11T00:00:00.000,2013-10-11T00:00:00.000,11601.0,TOUHY AVE,,"PROVIDE FLOOR DRAIN AND VALVED WATER LINE FOR AIRPORT PLANT DISPLAY (CDA GREEN EDUCATION KIOSK) IN TERMINAL 3, MAIN CONCOURSE",0.0,300.0,,41.0,1098098.5774643964,1945979.209781826,2013,10,11,0,1,1
326632,2512037,100513610,PERMIT - EASY PERMIT PROCESS,2013-10-16T00:00:00.000,2013-10-16T00:00:00.000,832.0,OAKDALE AVE,,REPLACE TIMBER BY PLANTER. REPLACE (2) STEPS AT FRONT ELEVATION- ALL WORK SAME AS EXISTING; NO PUBLIC WAY INVOLVEMENT; SUBJECT TO FIELD INSPECTIONS,0.0,325.0,63000.0,44.0,1170057.8077354303,1919841.084829677,2013,10,16,0,0,1
327686,2514190,100514829,PERMIT - RENOVATION/ALTERATION,2014-02-26T00:00:00.000,2014-03-31T00:00:00.000,441.0,ERIE ST,,REFINISH OF EXTERIOR CANOPY AND RENOVATION OF GROUND LEVEL NORTH ENTRY AREA (ADDITION OF PLANTERS AND SEATING)   **CERTIFIED PLAN CORRECTIONS PROJECT - CONDITIONAL PERMIT: SUBJECT TO FIELD INSPECTIONS **,0.0,452.0,81401.0,42.0,1179498.6694466723,1904838.2059232837,2014,03,31,0,0,1
327950,2514783,100515166,PERMIT - NEW CONSTRUCTION,2013-10-29T00:00:00.000,2013-10-29T00:00:00.000,727.0,LAKE ST,,"ERECT A SRO 61 DU BUILDING -  10 STORY CONSTRUCTION TYPE 1B - SOLAR READY FOR 6 FUTURE PANELS, 2196 SF GREEN ROOF. GREEN PERMIT PROGRAM BENEFIT TIER II. CERTIFIED CORRECTIONS. CONDITIONAL PERMIT SUBJECT TO SITE INSPECTION",0.0,8417.2,280100.0,27.0,1171177.9741036715,1901637.3954510768,2013,10,29,1,0,1
330208,2519635,100518001,PERMIT - NEW CONSTRUCTION,2014-01-08T00:00:00.000,2014-07-03T00:00:00.000,2501.0,ELSTON AVE,,"NEW CONSTRUCTION OF 3-STORY CAR DEALERSHIP TO INCLUDE A SALES AND SERVICE CENTER, AND SEPARATE CAR WASH FACILITY.**************GREEN ROOF*****************SEE SOPHIE MARTINEZ",0.0,49456.15,830900.0,32.0,1161980.5784090925,1916699.1683256663,2014,07,03,0,0,1
332289,2524225,100520566,PERMIT - EASY PERMIT PROCESS,2013-12-09T00:00:00.000,2013-12-09T00:00:00.000,515.0,RIDGEWAY AVE,,"REPAIR PLUMBING PIPES FOR WATER SUPPLY, PROVIDE CLEAN-OUT ON BSMT, REMOVE PVC FOR CAST IRON PER BUILDING VIOLATIONS, REPLACE FLOOR JOIST-SAME SIZE & LOCATION. PROVIDE ONE HR RATING ON HEAT PLANT W/ DRYWALL (5/8"")",0.0,400.0,231500.0,27.0,1151333.5012887071,1903249.9606711543,2013,12,09,0,0,1
332414,2524512,100520723,PERMIT - RENOVATION/ALTERATION,2014-07-15T00:00:00.000,2014-07-15T00:00:00.000,6233.0,FOREST GLEN AVE,,REMOVAL OF EXISITNG FRONT PORCH AND REPLACING IT WITH NEW ONE AND WITH THE ADDITION OF PLANTERS AND MASONRY PLANTERS PER PLANS.,0.0,350.0,120300.0,39.0,1145828.1374263098,1940976.8348748004,2014,07,15,0,0,1
333220,2526331,100521731,PERMIT - RENOVATION/ALTERATION,2013-12-18T00:00:00.000,2013-12-18T00:00:00.000,30.0,MONROE ST,,"INSTALL 2,048 SF GREEN ROOF ON EXISTING OFFICE BUILDING (INLAND STEEL) PER PLAN.",0.0,387.32,839100.0,42.0,1176080.7758131318,1899954.8317650815,2013,12,18,0,0,1
334545,2529616,100523404,PERMIT - NEW CONSTRUCTION,2014-01-09T00:00:00.000,2015-03-31T00:00:00.000,355.0,WACKER DR,,GEMS PHASE II - FOUNDATION SYSTEMS ONLY FOR PROPOSED 13-STORY GRADE 5 - 12 SCHOOL WITH GREEN ROOF,0.0,8226.35,320100.0,42.0,1178967.2835798396,1902396.593079227,2015,03,31,0,0,1
335459,2531763,100524462,PERMIT - NEW CONSTRUCTION,2014-01-17T00:00:00.000,2014-01-17T00:00:00.000,1900.0,JACKSON BLVD,,"ERECT 8 STORY MALCOLM X COLLEGE & SCHOOL OF HEALTH SCIENCES BUILDING WITH 48,315 SF GREEN ROOF",0.0,93567.39,838100.0,2.0,1163746.5872779698,1898680.87744184,2014,01,17,0,0,1
336418,2534275,100525682,PERMIT - RENOVATION/ALTERATION,2014-01-30T00:00:00.000,2014-02-04T00:00:00.000,445.0,ILLINOIS ST,,"PHASE I CORE INFRASTRUCTURE PERMIT WITH BUILD-OUT OF EXISTING COMMERCIAL SLIP FLR, 1ST FLR & ROOF - SELECTIVE DEMOLITION OF MEP ROUGH-INS, RISERS, SHAFTS, ROOFTOP UNITS, ROOF REPLACEMENT, GREEN ROOF INSTALLATION, ROOF DECK STRUCTURE AND INTERIOR DEMOLITION OF STRUCTURAL AND NON-STRUCTURAL ITEMS. NO CHANGE IN OCCUPANCY UNDER THIS PERMIT.",0.0,39865.74,81402.0,42.0,1179564.233590589,1903676.6278159453,2014,02,04,0,0,1
337373,2536608,B100526848,PERMIT – EXPRESS PERMIT PROGRAM,2014-02-07T00:00:00.000,2014-02-07T00:00:00.000,600.0,KINZIE ST,Monthly Maintenance Permit,REQUIRED MAINTENANCE ON ELECTRICAL EQUIPMENT AT THE CHOCOLATE FACTORY PLANT; - WIRE NEW RE-MELT TANKS FOR DROPS;,0.0,250.0,243600.0,27.0,1172231.085536217,1902955.411466567,2014,02,07,0,0,1
337580,2537077,100527092,PERMIT - RENOVATION/ALTERATION,2014-04-30T00:00:00.000,2014-07-11T00:00:00.000,4332.0,PAULINA ST,,"DEMOLISH EXISTING ASPHALT COVERED PARKING AND PLAYGROUND, REMOVE ALL EXISTING INTERIOR FENCING, PLAY EQUIPMENT AND SURFACES, AND DISCONNECT (6) EXISTING DOWNSPOUTS.  INSTALL NEW PERMEABLE PARKING LOT, PERMEABLE RUBBER SURFACE PLAY AREAS, NEW ARTIFICIAL TURF, SEATING AREAS, NEW SITE LIGHTING, DRINKING FOUNTAIN, VARIOUS GARDENS AND PLANTED AREAS, NEW RAIN WATER COLLECTION BARRELS, AND NEW PLAY EQUIPMENT ALL PER PLANS AND SPECIFICATIONS.",725.0,725.0,60200.0,47.0,1164402.8265782082,1928980.278107846,2014,07,11,0,1,1
338070,2538277,100527725,PERMIT - RENOVATION/ALTERATION,2014-03-26T00:00:00.000,2014-12-02T00:00:00.000,3839.0,SHEFFIELD AVE,,"5-STORY ADDITION TO EXISTING SELF-STORAGE FACILITY AND ACCESSIBILITY IMPROVEMENTS TO EXISTING BUILDING WITH 2,348 SF GREEN ROOF.**** GREEN ROOF - SEE SOPHIE MARTINEZ*************",0.0,11067.2,832100.0,44.0,1168949.3845293396,1925942.8629745864,2014,12,02,0,0,1
339025,2540472,100528900,PERMIT - RENOVATION/ALTERATION,2014-03-07T00:00:00.000,2014-07-22T00:00:00.000,215.0,WASHINGTON ST,,"INTERIOR RENOVATION OF LEASING OFFICE, RELOCATION OF ELECTRICAL OUTLETS, REPLACEMENT OF EXTERIOR SIDEWALK AND NEW LANDSCAPE PLANTERS, RE-CLADDING OF EXISTING CANOPY.",0.0,982.0,839100.0,42.0,1174597.8796855237,1900766.8908013385,2014,07,22,0,0,1
339282,2541014,100529198,PERMIT - RENOVATION/ALTERATION,2014-02-27T00:00:00.000,2014-02-27T00:00:00.000,1240.0,DAMEN AVE,,"PARTIAL RENOVATION (2,550 SF) OF EXISTING CHILDREN'S ADVOCACY CENTER BUILDING WITH TWO-STORY ADDITION (18,855 SF ), ONE-STORY ADDITION (380 SF) AND 1602 SF GREEN ROOF GREEN PERMIT",0.0,13282.05,842900.0,2.0,1163200.5647627967,1894246.9913685503,2014,02,27,0,0,1
339375,2541187,100529300,PERMIT - NEW CONSTRUCTION,2014-02-27T00:00:00.000,2014-02-27T00:00:00.000,1929.0,WILSON AVE,,PHASE I OF LYCEE FRACAIS SCHOOL - ERECT 4-STORY SCHOOL BUILDING TO INCLUDE INSTALLATION OF NEW SOCCER FIELD AND ASSOCIATED SITE WORK AS PER PLANS. GREEN ROOF 8082 SF. CERTIFIED CORRECTIONS - CONDITIONAL PERMIT SUBJECT TO FIELD INSPECTION,0.0,13822.06,830800.0,47.0,1162671.494554239,1930523.8276297865,2014,02,27,0,0,1
341702,2546537,100532173,PERMIT - RENOVATION/ALTERATION,2014-05-21T00:00:00.000,2014-05-21T00:00:00.000,1600.0,PRAIRIE AVE,,RENOVATE EXISTING ROOFTOP DECK ON THE SIXTH FLOOR OF A 24 STORY TYPE I CONSTRUCTION CONDOMINIUM BUILDING.  REMOVE WHIRLPOOL SPA AND REPLACE WITH OUTDOOR FIRE PIT.  CONSTRUCT NON-COMBUSTIBLE PERGOLA AND LANDSCAPE PLANTING BEDS PER PLAN.,0.0,1103.78,330100.0,2.0,1178302.8846053933,1892441.1885196983,2014,05,21,0,0,1
343665,2550494,B100534554,PERMIT – EXPRESS PERMIT PROGRAM,2014-04-07T00:00:00.000,2014-04-07T00:00:00.000,600.0,KINZIE ST,Monthly Maintenance Permit,REQUIRED PM ON ELECTRICAL EQUIPMENT IN THE CHOCOLATE FACTORY PLANT; - WIRE NEW FLOW METER FOR LIQUOR GRINDING SYSTEM; - WIRE NEW FLOW METER FOR COCOA BUTTER SYSTEM; - WIRE NEW TEMPERATURE SENSORS AND VALVES FOR TEMPERATURE CONTROLS ON STORAGE TANKS;,0.0,500.0,243600.0,27.0,1172231.085536217,1902955.411466567,2014,04,07,0,0,1
344069,2551366,100535026,PERMIT - RENOVATION/ALTERATION,2014-08-07T00:00:00.000,2014-11-14T00:00:00.000,1311.0,WICKER PARK AVE,,"ADDITION OF THREE FLOORS OF RESIDENTIAL TYPE III-B CONSTRUCTION TO AN EXISTING SINGLE-STORY COMMERCIAL MASONRY BUILDING OF TYPE III-B CONSTRUCTION. 3 DWELLING UNITS, INCLUDES GREEN ROOF 520 SF",0.0,1846.75,241400.0,1.0,1164162.976393275,1909077.7940043784,2014,11,14,0,0,1
344423,2552197,100535442,PERMIT - EASY PERMIT PROCESS,2014-04-11T00:00:00.000,2014-04-11T00:00:00.000,4099.0,71ST ST,,"REPLACE THE EXISTING CARRIER 40 TON ROOFTOP UNIT WITH A NEW CARRIER 40 TON ROOFTOP UNIT, SELF CONTAINED, AIR COOLLED, R410A. THE UNIT SERVES THE PILOT PLANT.",0.0,200.0,650500.0,13.0,1150286.5885921242,1857202.020818211,2014,04,11,0,0,1
344440,2552239,B100535460,PERMIT – EXPRESS PERMIT PROGRAM,2014-04-11T00:00:00.000,2014-04-11T00:00:00.000,1200.0,LAKE SHORE DR,Electrical Work,"INSTALL NEW DC POWER PLANT, AT&T EQUIPMENT AND COAX CABLE.  NEW EQUIPMENT WILL BE POWERED BY AN EXISTING POWER PANEL.",0.0,100.0,3301.0,2.0,1178776.82744244,1895110.4546313633,2014,04,11,0,0,1
344724,2552749,100535810,PERMIT - NEW CONSTRUCTION,2014-04-14T00:00:00.000,2014-04-14T00:00:00.000,326.0,ORLEANS ST,,"FULL BUILDING PERMIT - ERECT A 509 UNIT APARTMENT TOWER WITH ATTACHED 200 CAR PARKING GARAGE. GREEN ROOF TOTAL AREA OF VEGETATION 3,067 SF[SEE PERMIT #100611985 TO INCREASE TOTAL DWELLING UNITS TO 509]",0.0,149498.29,81800.0,42.0,1173981.8180966426,1902541.7466726156,2014,04,14,0,0,1
345045,2553355,100536183,PERMIT - NEW CONSTRUCTION,2014-04-16T00:00:00.000,2014-04-16T00:00:00.000,601.0,JACKSON BLVD,,"15 STORY, 190 UNIT (INCLUDES 66 UNITS ARE EFFICIENCY UNITS AND 124 DWELLING UNITS) APARTMENT BUILDING WITH 33 PARKING SPACES. PROJECT INCLUDES: GROUND FLOOR RETAIL, ACCESSORY PARKING, RESIDENTIAL AMENITY SPACES AND OTHER RELATED ANCILLARY SPACES. FOUNDATION UNDER PERMIT #100523318. LEED CERTIFIED AND GREEN ROOF",0.0,113278.8,281900.0,2.0,1172356.6539344406,1898849.4819077435,2014,04,16,0,0,1
346326,2556169,B100537741,PERMIT – EXPRESS PERMIT PROGRAM,2014-04-25T00:00:00.000,2014-04-26T00:00:00.000,600.0,FEDERAL ST,Electrical Work,EXTEND (1) 48VDC CIRCUITS FROM EXISTING 1200A 48VDC DISTRIBUTION PLANT,0.0,100.0,320500.0,4.0,1175851.6336919176,1897632.86168845,2014,04,26,0,0,1
346329,2556177,100537744,PERMIT - NEW CONSTRUCTION,2014-04-25T00:00:00.000,2014-04-25T00:00:00.000,845.0,STATE ST,,NEW CONSTRUCTION; 35 STORIES WITH GREEN ROOF- 845 NORTH STATE STREET,0.0,78907.0,81201.0,42.0,1176250.9641189775,1906205.3683459244,2014,04,25,0,0,1
346540,2556636,100538023,PERMIT - RENOVATION/ALTERATION,2014-04-28T00:00:00.000,2014-04-28T00:00:00.000,10000.0,OHARE ST,,"REMOVAL AND REPLACEMENT OF 391,841 SF ROOF SYSTEM ON O'HARE AIRPORT INTERNATIONAL TERMINAL 5 TO INCLUDE 2,012 SF OF MODULAR GREEN ROOF TRAYS. NO ELECTRICAL WORK. NO PLUMBING WORK.",0.0,28872.72,980000.0,41.0,,,2014,04,28,0,0,1
347573,2558619,100539231,PERMIT - RENOVATION/ALTERATION,2014-07-23T00:00:00.000,2014-09-22T00:00:00.000,77.0,ELM ST,,REPLACE EXISTING ENTRY STAIRS WITH NEW ENTRY STEPS AND STOOP TO FIRST LEVEL AND TENANT ENTRY AT GARDEN LEVEL. NEW ENTRY GATES AND FENCE ALONG FRONT PROPERTY LINE. NEW FENCED PLANTING BED AT SIDEWALK IN RIGHT-OF-WAY. NEW REAR STEEL FRAMED TERRACE AND STAIRS DOWN TO GRADE,0.0,550.0,81202.0,42.0,1176876.7261164794,1908081.3727105388,2014,09,22,0,0,1
347912,2559286,B100539633,PERMIT – EXPRESS PERMIT PROGRAM,2014-05-07T00:00:00.000,2014-05-07T00:00:00.000,600.0,KINZIE ST,Monthly Maintenance Permit,REQUIRED PM ON ELECTRICAL EQUIPMENT IN THE CHOCOLATE PLANT; - WIRE TEMPORARY POWER FOR MOLDING ROOM TEST TEMPERATURE TEMPERING UNIT;,0.0,250.0,243600.0,27.0,1172231.085536217,1902955.411466567,2014,05,07,0,0,1
349034,2561738,100541012,PERMIT - NEW CONSTRUCTION,2014-05-15T00:00:00.000,2014-05-22T00:00:00.000,11630.0,MARSHFIELD AVE,,BUILDING K - ERECT SINGLE STORY RETAIL BUILDING WITHIN EXISTING SHOPPING CENTER/STRIP MALL. *****1720 SF GREEN ROOF *****,0.0,1159.0,750500.0,34.0,1167434.677336376,1827459.516698871,2014,05,22,0,0,1
349108,2561942,100541103,PERMIT - NEW CONSTRUCTION,2014-05-16T00:00:00.000,2014-05-16T00:00:00.000,355.0,ERIE ST,,"NEW 26 STORY, 242 BED REHABILITATION HOSPITAL WITH 680 OFF STREET PARKING SPACES -  FULL BUILDING PERMIT. 19,724 SF GREEN ROOF",0.0,290208.6,81401.0,42.0,1178960.4478820532,1904823.6718080523,2014,05,16,0,0,1
350397,2564720,100542679,PERMIT - NEW CONSTRUCTION,2014-05-28T00:00:00.000,2014-05-28T00:00:00.000,11710.0,MARSHFIELD AVE,,"MARSHFIELD PLAZA BUILDING J - ERECT NEW SINGLE STORY RETAIL BUILDING AND ASSOCIATED SITE WORK. LEED CERTIFIED. 1,720 SF GREEN ROOF",0.0,739.0,750500.0,34.0,1167472.0267739457,1827047.6226250264,2014,05,28,0,0,1
350911,2565741,100543280,PERMIT - EASY PERMIT PROCESS,2014-05-30T00:00:00.000,2014-05-30T00:00:00.000,4852.0,COTTAGE GROVE AVE,,REPAIR/REPLACE PARAPET WALL AND COPING STONES. ENCLOSE HEATING PLANT ROOM WITH FIRE-RATED DRYWALL,0.0,450.0,843600.0,4.0,1182373.3252106362,1872790.2382140264,2014,05,30,0,0,1
351872,2567768,B100544457,PERMIT – EXPRESS PERMIT PROGRAM,2014-06-06T00:00:00.000,2014-06-06T00:00:00.000,600.0,KINZIE ST,Monthly Maintenance Permit,MONTHLY PM ON ELECTRICAL EQUIPMENT INSIDE THE CHOCOLATE FACTORY PLANT;,0.0,200.0,243600.0,27.0,1172231.085536217,1902955.411466567,2014,06,06,0,0,1
354130,2572690,B100547164,PERMIT – EXPRESS PERMIT PROGRAM,2014-06-24T00:00:00.000,2014-06-24T00:00:00.000,55.0,ONTARIO ST,Electrical Work,PIPE AND WIRE EXTERIOR OUTLETS IN PLANTER BOXES,0.0,100.0,81500.0,42.0,1176857.3740723738,1904464.813147678,2014,06,24,0,0,1
354293,2573051,100547373,PERMIT - RENOVATION/ALTERATION,2014-06-25T00:00:00.000,2014-06-26T00:00:00.000,4545.0,RACINE AVE,,CUT NEW OPENINGS (8 X 8 ) NORTH WALL NON LOAD BEARING WALL IN EXISTING FOOD PROCESSING PLANT PER PLANS,0.0,375.0,842600.0,11.0,1169157.6684126644,1874480.643779205,2014,06,26,0,0,1
354617,2573714,100547739,PERMIT - NEW CONSTRUCTION,2014-06-26T00:00:00.000,2014-06-26T00:00:00.000,201.0,GARLAND CT,,"FOUNDATION ONLY PERMIT FOR FUTURE 42 STORY RESIDENTIAL APARTMENT BUILDING (402 UNITS) WITH RETAIL ON THE 1ST & 2ND FLOORS,  PARKING ON THE LOWER LEVEL AND FLOORS 3 - 5 AND ASSOCIATED SITE WORK.  LEED SILVER (TIER I) W/ GREEN ROOF. DEEP FOUNDATIONS AND ERS. STRUCTURAL PEER REVIEW",0.0,2520.44,320100.0,42.0,1177096.8735826027,1901768.3318255036,2014,06,26,0,0,1
354940,2574432,B100548155,PERMIT – EXPRESS PERMIT PROGRAM,2014-06-30T00:00:00.000,2014-07-01T00:00:00.000,600.0,FEDERAL ST,Electrical Work,INSTALL CIRCUITS FOR DC POWER PLANT; JOB #635131 (ZAYO-CLEVELAND),0.0,450.0,320500.0,4.0,1175851.6336919176,1897632.86168845,2014,07,01,0,0,1
356157,2577069,100549665,PERMIT - NEW CONSTRUCTION,2014-08-26T00:00:00.000,2014-12-11T00:00:00.000,2958.0,KILBOURN AVE,,NEW CONSTRUCTION OF A PROCESS WATER PRETREATMENT SYSTEM PLANT AS PER PLANS,0.0,1575.0,3018.0,22.0,,,2014,12,11,0,0,1
356633,2578047,B100550263,PERMIT – EXPRESS PERMIT PROGRAM,2014-07-15T00:00:00.000,2014-07-15T00:00:00.000,2301.0,LAKE SHORE DR,Monthly Maintenance Permit,INSTALL AND REMOVE TEMPORARY POWER FOR THE ICOI SUMMER IMPLANT SYMPOSIUM AT MCCORMICK PLACE S100  AUGUST 19 - 23   PROJECT # 071600206,0.0,400.0,,,1180538.4623956713,1889157.101749919,2014,07,15,0,0,1
357748,2580373,100551602,PERMIT - RENOVATION/ALTERATION,2015-01-27T00:00:00.000,2015-01-27T00:00:00.000,3301.0,ASHLAND AVE,,LANDSCAPE ONLY REVIEW FOR RAISED PLANTERS AS PER PLANSORIGINAL LANDSCAPE APPROVED UNDER PERMIT 100526969,0.0,375.0,62400.0,44.0,1165107.7612813257,1921999.4869139092,2015,01,27,0,0,1
359328,2583529,100553527,PERMIT - EASY PERMIT PROCESS,2014-08-01T00:00:00.000,2014-08-01T00:00:00.000,630.0,FRANKLIN ST,,"EAST ELEVATION 4TH FLOOR TERRACE ONLY, REPAIR/REPLACE CRACKED PLANTER BOX 5 SQ. FT., REPAIR/REPLACE CONCRETE 5 SQ.FT., REPAIR/REPLACE INSTALL STAINLESS STEEL EXPANSION BOLTS HILTI KWIK BOLT 3 PLANTER BOX 70 ANCHORS, REPAIR/REPLACE SEAL JOINT 100 FEET, REPAIR/REPLACE TERRACE FLOOR/WALLS INSTALL 40-MIL DELF-ADHERING MEMBRANE 200 SQ.FT., REPAIR/REPLACE INSTALL WATERPROFING MEMBRANE 750 SQ. FT., REPAIR/ REPLACE WEEP HOLES 70, REPAIR/ REPLACE AND WEEP HOLES 200, ONLY",0.0,325.0,81800.0,42.0,1174175.881402817,1904446.0996624092,2014,08,01,0,0,1
360776,2586506,100555273,PERMIT - NEW CONSTRUCTION,2014-08-13T00:00:00.000,2014-08-13T00:00:00.000,1241.0,JACKSON BLVD,,"NEW CONSTRUCTION - ERECT NEW 4-STORY RESIDENTIAL BUILDING - 42 DWELLING UNITS WITH 56 PARKING SPACES AT THE GROUND LEVEL, TYPE III-B CONSTRUCTION AS PER PLANS.  1241 W JACKSON BLVD. *** GREEN ROOF AREA= 9,385 SF ***",16584.0,42976.0,833100.0,2.0,1167989.6075025771,1898729.124100857,2014,08,13,0,0,1
360777,2586507,100555274,PERMIT - NEW CONSTRUCTION,2014-08-13T00:00:00.000,2014-08-14T00:00:00.000,1245.0,JACKSON BLVD,,"NEW CONSTRUCTION - ERECT NEW 4-STORY RESIDENTIAL BUILDING - 51 DWELLING UNITS WITH 67 PARKING SPACES GROUND LEVEL GARAGE AS PER PLANS. 1245 W JACKSON BLVD. *** GREEN ROOF AREA= 10,799 SQ.FT. ***",0.0,46853.0,833100.0,2.0,1167948.513852961,1898727.8328270973,2014,08,14,0,0,1
361055,2587167,100555609,PERMIT - RENOVATION/ALTERATION,2014-08-14T00:00:00.000,2014-08-28T00:00:00.000,7415.0,WASHTENAW AVE,,"INSTALL A 3.48' TALL MASONRY WALL INCLUDING TWO CONC.PLANTERS AT THE SAME HEIGHT AND REPLACE A 2'0"" CONC. LANDING & STAIRS WITH AN AWNING PROJECT 3.0'FROM THE EXISTING SINGLE FAMILY RESIDENCE BUILDING PER PLANS",0.0,200.0,20200.0,50.0,1157133.4750273433,1949148.8641754368,2014,08,28,0,0,1
362375,2589749,B100557192,PERMIT – EXPRESS PERMIT PROGRAM,2014-08-28T00:00:00.000,2014-08-28T00:00:00.000,3300.0,CHELTENHAM DR,Electrical Work,TEMPORARY SERVICE TO JOBSITE TRAILRES..... FILTRATION PLANT,0.0,100.0,431400.0,7.0,1199275.56960979,1854242.3992597167,2014,08,28,0,0,1
363726,2592545,100558813,PERMIT - NEW CONSTRUCTION,2014-09-04T00:00:00.000,2014-09-10T00:00:00.000,2100.0,WENTWORTH AVE,,"FULL BUILDING BUILD-OUT PHASE OF 2 STORY PUBLIC LIBRARY AS PER PLANS. LEED GOLD. (GREEN ROOF 3,800 SF)",5770.0,5770.0,841100.0,25.0,1175328.113634623,1890212.0646975888,2014,09,10,0,0,1
363811,2592704,100558903,PERMIT - RENOVATION/ALTERATION,2014-09-04T00:00:00.000,2014-09-09T00:00:00.000,68.0,WACKER PL,,"CONVERT EXISTING 15-STORY HISTORIC OFFICE BUILDING INTO A 143-KEY HOTEL WITH PARTIAL  1,315 SF GREEN ROOF. ALL WORK AS PER PLANS.",0.0,24925.2,320100.0,42.0,1177049.3772047183,1902180.1243506065,2014,09,09,0,0,1
363889,2592885,100559001,PERMIT - NEW CONSTRUCTION,2014-11-04T00:00:00.000,2015-03-25T00:00:00.000,2310.0,CANNON DR,,"NEW POLAR BEAR EXHIBIT AT LINCOLN PARK ZOO. GREEN ROOF 3,300 SF",0.0,1718.0,71400.0,43.0,1174834.1717408225,1915733.890663,2015,03,25,0,0,1
363934,2593019,B100559048,PERMIT – EXPRESS PERMIT PROGRAM,2014-09-05T00:00:00.000,2014-09-05T00:00:00.000,600.0,KINZIE ST,Monthly Maintenance Permit,REQUIRED PMS ON THE ELECTRICAL EQUIPMENT INSIDE THE CHOCOLATE FACTORY PLANT;,0.0,200.0,243600.0,27.0,1172231.085536217,1902955.411466567,2014,09,05,0,0,1
364751,2594874,100560039,PERMIT - NEW CONSTRUCTION,2014-10-29T00:00:00.000,2015-02-23T00:00:00.000,12101.0,DOTY AVE E,,NEW CONSTRUCTION OF A STORAGE DOME ON GEOPIER FOUNDATION AND EQUIPMENT ROOM AT EXISTING CEMENT PROCESSING PLANT AS PER PLANS.,0.0,2689.52,838800.0,10.0,1184514.9091430483,1824761.2688289536,2015,02,23,0,0,1
365053,2595517,100560443,PERMIT - NEW CONSTRUCTION,2014-09-15T00:00:00.000,2014-09-15T00:00:00.000,5105.0,HARPER AVE,,"FULL BUILDING PERMIT FOR A 15 STORY NEW CONSTRUCTION MIXED USE BUILDING WITH 180 DWELLING UNITS (36 UNITS ARE AFFORDABLE HOUSING UNITS) TO INCLUDE TWO (2) BELOW GRADE LEVELS OF PARKING AS ASSOCIATED SITE WORK AS PER PLANS.  ****GREEN ROOF 7,700 SF",0.0,193831.4,410100.0,4.0,1187193.90756707,1871412.920579398,2014,09,15,0,0,1
365266,2595986,100560744,PERMIT - NEW CONSTRUCTION,2014-11-03T00:00:00.000,2015-02-06T00:00:00.000,3520.0,COTTAGE GROVE AVE,,"CONSTRUCT A NEW TWO-STORY  FIELDHOUSE WITH EXCAVATION FOR  FOUNDATION AND SUPERSTRUCTURE MADE OF STRUCTURAL STEEL, PRECAST CONCRETE WALL PANELS, GYMNASIUM, SWIMMING POOL,  POOL EQUIPMENT FITNESS ROOM AND CLUB ROOMS AND ALL ASSOCIATED MECHANICAL, PLUMBING, ELECTRICAL AND CIVIL AND LANDSCAPE WORK. WORK ALSO INCLUDES GREEN ROOF, RAIN GARDEN  SITE LIGHTING AND SOLAR THERMAL FOR HOT WATER.",0.0,11807.24,360200.0,4.0,1181263.6345968908,1881665.548902894,2015,02,06,1,1,1
366015,2597623,100561742,PERMIT - NEW CONSTRUCTION,2014-09-22T00:00:00.000,2014-09-26T00:00:00.000,545.0,MCCLURG CT,,"FOUNDATION ONLY FOR THE NEW CONSTRUCTION OF A 45 STORY MIXED USE BUILDING - OFFICE, RESIDENTIAL, RETAIL AND PARKING WITH GREEN ROOF AND ASSOCIATED SITE WORK AS PER PLANS",0.0,4927.2,81402.0,42.0,1179134.1039583734,1904189.525001595,2014,09,26,0,0,1
366079,2597717,100561814,PERMIT - NEW CONSTRUCTION,2014-09-22T00:00:00.000,2014-12-11T00:00:00.000,1515.0,HADDON AVE,,"ERECT NEW 6 STORY, 41 UNIT APARTMENT BUILDING WITH 1ST FLOOR RETAIL AND PARKING. LEED SILVER TARGET RATING, GREEN ROOF, PLANNED DEVELOPMENT. GREEN PERMIT PROGRAM BENEFIT TIER II",4649.0,22637.0,242000.0,1.0,1165912.349573905,1907711.8665841224,2014,12,11,0,0,1
367247,2600018,B100563220,PERMIT – EXPRESS PERMIT PROGRAM,2014-09-30T00:00:00.000,2014-11-06T00:00:00.000,555.0,TRIPP AVE,Electrical Work,CHICAGO CARTON PLANT LOW VOLTAGE PERMIT FOR LOW VOLTAGE BURGLAR ALARM SYSTEM INSTALLATION,0.0,50.0,231400.0,28.0,1147939.7746555596,1903549.8292942217,2014,11,06,0,0,1
367632,2600836,100563689,PERMIT - RENOVATION/ALTERATION,2014-11-03T00:00:00.000,2014-12-04T00:00:00.000,3300.0,CHELTENHAM DR,,PHASE 1 WORK TO INCLUDE SITE PREPARATION AND INTERIOR WORK FOR AN EXISTING WATER PURIFICATION PLANT AS PER PLANS. NO NEW ADDITION OR STRUCTURE UNDER THIS PERMIT.,6541.32,6541.32,431400.0,7.0,1199275.56960979,1854242.3992597167,2014,12,04,0,0,1
368387,2602429,100564583,PERMIT - RENOVATION/ALTERATION,2014-10-08T00:00:00.000,2014-10-08T00:00:00.000,3639.0,BOSWORTH AVE,,"RENOVATION AND ADDITIONS AND NEW ATTACHED TWO CAR-GARAGE WITH ROOF DECK AND PATIO WITH TRELLIS TO AN EXISTING 3-STORY SINGLE-FAMILY RESIDENCE WITH GEOTHERMAL SYSTEM, ROOFTOP MOUNTED 4.14KW PHOTOVOLTAIC PANEL SYSTEM, AND GREEN ROOF.",0.0,788.58,60400.0,44.0,1165370.6721265295,1924409.1790793403,2014,10,08,0,0,1
369193,2604144,100565571,PERMIT - NEW CONSTRUCTION,2014-10-15T00:00:00.000,2014-11-13T00:00:00.000,1826.0,GRACE ST,,"THE NEW CONSTRUCTION OF A 2 STORY SINGLE-FAMILY RESIDENCE WITH 4 BEDROOMS,INSTALLATION OF GEOTHERMAL SYSTEM AND GREEN ROOF 644 SF, ROOFTOP DECK, AND DETACHED GARAGE.",0.0,2177.6,50600.0,47.0,1163292.8329830728,1925301.159202377,2014,11,13,0,0,1
369347,2604476,100565764,PERMIT - NEW CONSTRUCTION,2014-10-17T00:00:00.000,2014-10-21T00:00:00.000,5500.0,UNIVERSITY AVE,,"FULL BUILDING PERMIT: NEW CONSTRUCTION -  MIXED USE STUDENT AND FACULTY RESIDENCE HALL WITH DINING COMMONS, AUXILLIARY SPACES AND CORE & SHELL RETAIL SPACES, CONNECTED 5, 11 & 15 STORY TOWERS COMPOSE THE BUILDING AS PER PLANS. **GREEN ROOF = 25,789 SF** 5500 S UNIVERSITY AVENUE",38501.0,105953.55,836200.0,5.0,1184687.5887689793,1868748.261977696,2014,10,21,0,0,1
369443,2604663,100565874,PERMIT - EASY PERMIT PROCESS,2014-10-16T00:00:00.000,2014-10-16T00:00:00.000,2524.0,FRANCISCO AVE,,"CHANGE GC TO HOUSE PLANT INC, PLUMBER TO LAKESHORE PLUMBING, CONCRETE MASON TO S&C CONSTRUCTION AND HVAC CONTRACTOR TO MODERN HEATING AND COOLING FOR PERMIT 100533982",0.0,250.0,220400.0,35.0,1156572.1826496073,1916755.2414826292,2014,10,16,0,0,1
369668,2605148,100566144,PERMIT - RENOVATION/ALTERATION,2015-11-09T00:00:00.000,2015-11-10T00:00:00.000,1625.0,ADDISON ST,,"NEW CONSTRUCTION TO REPLACE EXISTING 1 STORY RETAIL BUILDING, (FRONT 2 STORY BRICK RECIDENTIAL BUILDING W/ 2 DU IS NOT IN CONTRACT). ALTERATION OF LANDSCAPE TO INCLUDE PLANTING OF NEW TREES ALONG W. ADDISON ST. TREE GRATES FOR TREES (NEW AND EXISTING) AND TRASH ENCLOSURE.",0.0,550.0,831900.0,47.0,1164722.0597171094,1923926.3822066416,2015,11,10,0,0,1
369802,2605422,100566305,PERMIT - EASY PERMIT PROCESS,2014-10-20T00:00:00.000,2014-10-20T00:00:00.000,233.0,WACKER DR,,PERMFORM THE REMOVAL OF 2 EXISTING PLANTERS AT PLAZA. CONSTRUCT A NEW CONCRETE CURB AND PEDESTAL COVERING 75 LN. FT.,0.0,325.0,320100.0,42.0,1178135.7273998123,1902505.107906536,2014,10,20,0,0,1
371418,2608925,100568188,PERMIT - NEW CONSTRUCTION,2014-10-30T00:00:00.000,2014-10-30T00:00:00.000,707.0,WELLS ST,,"NEW CONSTRUCTION OF 11-STORY, 51 UNIT APARTMENT BUILDING WITH COMMERICAL GROUND FLOOR SPACE AND 51 PARKING SPACES AS PER PLANS GREEN ROOF 2200 SF 020315 - THIS PERMIT HAS BEEN REDESIGNED AND SERVES AS FOUNDATION PERMIT ONLY.",0.0,43210.73,81700.0,42.0,1174646.81956811,1905122.617694134,2014,10,30,0,0,1
371480,2609056,100568268,PERMIT - NEW CONSTRUCTION,2014-10-31T00:00:00.000,2014-10-31T00:00:00.000,201.0,GARLAND CT,,"NEW CONSTRUCTION OF A 41 STROY RESIDENTIAL APARTMENT BUILDING (402 UNITS) WITH RETAIL ON THE 1ST & 2ND FLOORS,  PARKING ON THE LOWER LEVEL AND FLOORS 3 - 5 WITH TOTAL 125 PARKING SPACES AND ASSOCIATED SITE WORK.  GREEN ROOF 8,749 SF",0.0,276500.69,320100.0,42.0,1177096.8735826027,1901768.3318255036,2014,10,31,0,0,1
373300,2612804,100570464,PERMIT - EASY PERMIT PROCESS,2014-11-14T00:00:00.000,2014-11-14T00:00:00.000,2071.0,OAKLEY AVE,,"REVISION TO PERMIT # 100551507 TO CHANGE GC TO HOUSE PLANT, INC.",0.0,50.0,221600.0,32.0,1160730.0876091064,1913986.7545113484,2014,11,14,0,0,1
374196,2614611,100571573,PERMIT - NEW CONSTRUCTION,2014-11-21T00:00:00.000,2014-11-24T00:00:00.000,825.0,118TH ST,,"NEW CONSTRUCTION: ERECT NEW 4 STORY, 70 UNIT, AFFORDABLE HOUSING FOR SENIORS  BUILDING WITH NEW 30 SPACE SURFACE PARKING AS PER PLANS. GREEN ROOF = 2,060 SQ. FT. 825 WEST 118TH STREET",7000.0,17112.69,530300.0,34.0,1172827.4538324198,1826559.7203958416,2014,11,24,0,0,1
375312,2616850,B100572899,PERMIT – EXPRESS PERMIT PROGRAM,2014-12-04T00:00:00.000,2014-12-04T00:00:00.000,600.0,KINZIE ST,Monthly Maintenance Permit,PMS ON ELECTRICAL EQUIPMENT INSIDE A CHOCOLATE FACTORY PLANT,0.0,300.0,243600.0,27.0,1172231.085536217,1902955.411466567,2014,12,04,0,0,1
375332,2616881,100572921,PERMIT - RENOVATION/ALTERATION,2014-12-04T00:00:00.000,2014-12-04T00:00:00.000,2259.0,DAMEN AVE,,"SELF- CERTIFICATION PERMIT COVERSION OF EXISTING 16,000 SF MASONRY BUILDING TO ""OFFICE"" AND ""MEDICAL SERVICE USE"" BUILDING- INCLUDES NEW LANDSCAPING AT ADJACENT PARKING LOT (ADMINISTRATIVE ADJUSTMENT UNDER 100545185) INTERIOR ALTERATIONS, NEW MEP AND LIFE SAFETY SYSTEMS, ADA UPGRADES AND 50% GREEN ROOF(3406 SF) LEED GOLD",0.0,3078.7,843200.0,25.0,1163436.7824719895,1888765.709637358,2014,12,04,0,0,1
375457,2617101,B100573076,PERMIT – EXPRESS PERMIT PROGRAM,2014-12-04T00:00:00.000,2014-12-04T00:00:00.000,835.0,MICHIGAN AVE,Electrical Work,INSTALL 100A SUB PANEL OF THE EXISTING 208/120V 3 PHASE POWER PANEL. INSTALLATION OF POWER PLANT BATTERY RACK,0.0,100.0,81300.0,2.0,1177375.297250749,1906125.08793486,2014,12,04,0,0,1
376622,2619537,100574498,PERMIT - NEW CONSTRUCTION,2014-12-15T00:00:00.000,2014-12-15T00:00:00.000,4054.0,KEDZIE AVE,,NEW CONSTRUCTION OF A 6-STORY SENIOR LIVING APARTMENT BUILDING (51 DWELLING UNITS) AND ASSOCIATED SITE WORK TO INCLUDE A PARTIAL GREEN ROOF & DEEP FOUNDATIONS (CAISSONS). CERTIFIED CORRECTIONS,0.0,15060.3,160502.0,33.0,1154285.6870925426,1927005.6427548032,2014,12,15,0,0,1
376858,2620103,100574801,PERMIT - WRECKING/DEMOLITION,2015-03-10T00:00:00.000,2015-03-10T00:00:00.000,3201.0,KEDZIE AVE,,WRECK AND REMOVE A FORMER PLANT.,0.0,3298.4,843500.0,12.0,1155584.3057240855,1883157.6641165484,2015,03,10,0,0,1
377383,2621427,100575465,PERMIT - RENOVATION/ALTERATION,2014-12-23T00:00:00.000,2014-12-23T00:00:00.000,25.0,RANDOLPH ST,,"NEW CONSTRUCTION OF 38 STORY APARTMENT BUILDING WITH 690 DWELLING UNITS ON TOP OF EXISTING 4-STORY PODIUM.  GREEN ROOF 7,634 SF",0.0,498726.95,839100.0,42.0,1176080.0157124463,1901243.851401552,2014,12,23,0,0,1
377635,2621989,100575789,PERMIT - RENOVATION/ALTERATION,2014-12-30T00:00:00.000,2014-12-30T00:00:00.000,1222.0,MADISON ST,,"ERECT A 4-STORY RESIDENTIAL ADDITION (42 DWELLING UNITS) TO AN EXISTING 5-STORY RESIDENTIAL BUILIDING, TO INCLUDE GROUND FLOOR PARKING GARAGE (28 PKG. SPACES) AND RETAIL SPACE PER PLANS. **GREEN ROOF AREA = 5,322 SQ. FT.** 1222 W MADISON STREET.",0.0,23651.25,833000.0,27.0,1168135.9503421823,1900208.276459674,2014,12,30,0,0,1
377856,2622519,100576098,PERMIT - RENOVATION/ALTERATION,2015-01-07T00:00:00.000,2015-01-07T00:00:00.000,954.0,31ST ST,,"DEMOLITION OF EXISTING COMMERCIAL SPACE ON THE GROUND FLOOR WITH AN ADDITION OF APPROXIMATELY 1,800 SQUARE FEET .  WORK INCLUDES A SMALL KITCHEN, DINING AREA, AND THREE NEW BATHROOMS. GREEN ROOF",0.0,930.0,600600.0,11.0,1170275.438751242,1884331.7958050384,2015,01,07,0,0,1
378307,2623704,100576667,PERMIT - EASY PERMIT PROCESS,2015-01-07T00:00:00.000,2015-01-07T00:00:00.000,1555.0,WABASH AVE,,WORK TO BE DONE ON GROUND FLOOR ONLY: INSTALL WOOD CEILING SYSTEM AT EXTERIOR ENTRY. REMOVE CONCRETE PLANTER. PATCH\REPAIR COLUMNS.,0.0,325.0,330100.0,2.0,1177063.485061683,1892498.9102388748,2015,01,07,0,0,1
378412,2623976,100576793,PERMIT - RENOVATION/ALTERATION,2015-01-08T00:00:00.000,2015-01-08T00:00:00.000,829.0,WABASH AVE,,"REVISION TO PERMIT #100453690 TO UPDATE 7TH AND 17TH FLOOR GREEN ROOF PLANS- TOTAL AREA 3,412 SQUARE FEET; 829 SOUTH WABASH AVENUE",0.0,586.8,320600.0,2.0,1176958.7645111775,1896539.76086952,2015,01,08,0,0,1
378961,2625316,B100577463,PERMIT – EXPRESS PERMIT PROGRAM,2015-01-14T00:00:00.000,2015-01-14T00:00:00.000,1003.0,WASHTENAW AVE,Electrical Work,INSTALL 2 DC 48 VOLT CIRCUITS TO EXISTING DC POWER PLANT TO NEW ANTENNA'S.,0.0,100.0,290100.0,28.0,1158559.5600180733,1895560.6998684192,2015,01,14,0,0,1
379745,2627150,100578396,PERMIT - RENOVATION/ALTERATION,2015-02-13T00:00:00.000,2015-09-16T00:00:00.000,1322.0,WABASH AVE,,RENOVATE EXISTING ROOF DECK AND WALKWAY- ADDITION OF VEGETATED PLANTER BOXES (AREA OF GREEN VEGETATION - 31.2 SF),0.0,341.41,330100.0,3.0,1176938.815402637,1894217.466633618,2015,09,16,0,0,1
381310,2631158,B100580440,PERMIT – EXPRESS PERMIT PROGRAM,2015-02-06T00:00:00.000,2015-02-06T00:00:00.000,600.0,KINZIE ST,Monthly Maintenance Permit,REQUIRED PM ON ELECTRICAL EQUIPMENT INSIDE THE CHOCOLATE FACTORY PLANT; - WIRE BRANCH CIRCUITS FOR NEW TOOL MACHINES IN THE MAINTENANCE SHOP;,0.0,300.0,243600.0,27.0,1172231.085536217,1902955.411466567,2015,02,06,0,0,1
381844,2632304,100581066,PERMIT - NEW CONSTRUCTION,2015-02-11T00:00:00.000,2015-02-11T00:00:00.000,545.0,MCCLURG CT,,"NEW CONSTRUCTION OF A 45-STORY RESIDENTIAL BULDING 490 DWELLING UNITS, RETAIL ON THE 1ST FLOOR, 290 PARKING SPACES AND FOUR LOADING SPACES WITH 8,709 SF OF GREEN ROOF AS PER PLANS{ALSO SEE REVISION #100608412 - 7 STORY ADDITION AND ADDITIONAL 50 UNITS}",0.0,276552.64,81402.0,42.0,1179134.1039583734,1904189.525001595,2015,02,11,0,0,1
382408,2633353,B100581761,PERMIT – EXPRESS PERMIT PROGRAM,2015-02-17T00:00:00.000,2015-02-17T00:00:00.000,406.0,63RD ST,Electrical Work,"CORRECT VIOLATIONS FROM COMPLANT # 1341401433 COVER EXPOSED WIRE, AND METER BANK AT 402-06 E 63RD ST AND 6251 S KING DR",0.0,50.0,420600.0,20.0,1180087.1400181882,1863369.4677896523,2015,02,17,0,0,1
382533,2633607,B100581908,PERMIT – EXPRESS PERMIT PROGRAM,2015-02-23T00:00:00.000,2015-02-23T00:00:00.000,4201.0,69TH ST,Monthly Maintenance Permit,ELECTRICAL PLANT MAINTENANCE,0.0,100.0,650500.0,23.0,1149547.6877892057,1858469.1040234976,2015,02,23,0,0,1
382642,2633884,100582044,PERMIT - NEW CONSTRUCTION,2015-02-19T00:00:00.000,2015-02-19T00:00:00.000,730.0,COUCH PL,,"NEW CONSTRUCTION OF A 29 STORY RESIDENTIAL BUIKDING 247 UNITS WITH 1ST FLOOR RETAIL, 3 FLOORS OF PARKING 162 PARKING SPACES AND ASSOCIATED SITE WORK AS PER PLANS.  GREEN ROOF IS 8,774 SQ. FT.730 WEST COUCH PLACE",0.0,160074.0,280100.0,27.0,1171140.546232384,1901508.9298096749,2015,02,19,0,0,1
383203,2635378,B100582765,PERMIT – EXPRESS PERMIT PROGRAM,2015-02-24T00:00:00.000,2015-02-27T00:00:00.000,1348.0,MILWAUKEE AVE,Electrical Work,ATT POWER PLANT SWAP OUT LIKE FOR LIKE EQUIPEMNT,0.0,50.0,241400.0,1.0,1164487.0538372467,1909118.116145006,2015,02,27,0,0,1
383417,2636061,100583034,PERMIT - NEW CONSTRUCTION,2015-02-26T00:00:00.000,2015-02-26T00:00:00.000,4.0,ELM ST,,FULL BUILDING FOR PROPOSED 24 STORY CONDOMINIUM BUILDING AS PER PLANS GREEN ROOF 4618 SF,0.0,31716.55,81202.0,42.0,1176159.1864670096,1908139.5113929291,2015,02,26,0,0,1
383976,2637462,100583742,PERMIT - NEW CONSTRUCTION,2015-03-04T00:00:00.000,2015-03-04T00:00:00.000,1001.0,STATE ST,,"FULL BUILDING PERMIT SUBMITTAL FOR NEW CONSTRUCTION OF 41 STORIES, RESIDENTIAL BUILDING 397 DWELLING UNITS. GREEN ROOF 12,841 SF",0.0,172737.72,320600.0,2.0,1176541.2080657375,1895950.3912778343,2015,03,04,0,0,1
384426,2638422,100584271,PERMIT - NEW CONSTRUCTION,2015-07-23T00:00:00.000,2015-07-23T00:00:00.000,6639.0,KEDZIE AVE,,"NEW CONSTRUCTION OF 1-STORY OFFICE BUILDING TO INCLUDE ADMINISTRATIVE STAFF AND COUNSELING OFFICES, AND A THERAPEUTIC DAY CARE SPACE. AREA OF WORK 16,842SF.  PROPOSED USES: E-BUSINESS WITH AUXILIARY C-3 SCHOOLS*****GREEN ROOF CONTACT SOPHIE MARTINEZ******************",0.0,5556.18,20301.0,50.0,1153886.7743160513,1944011.6895163727,2015,07,23,0,0,1
384444,2638495,B100584294,PERMIT – EXPRESS PERMIT PROGRAM,2015-03-06T00:00:00.000,2015-03-06T00:00:00.000,600.0,KINZIE ST,Monthly Maintenance Permit,PM ON ELECTRICAL EQUIPMENT INSIDE THE CHOCOLATE FACTORY PLANT; - WIRE NEW CONTROL PANEL FOR 4TH FLOOR HOT RM. TANKS LEVEL MONITORING;,0.0,500.0,243600.0,27.0,1172231.085536217,1902955.411466567,2015,03,06,0,0,1
385037,2639815,100584994,PERMIT - NEW CONSTRUCTION,2015-04-14T00:00:00.000,2015-12-10T00:00:00.000,1355.0,93RD ST,,NEW STORAGE BUILDING FOR AN EXISTING STEEL PLANT (FINKL & SONS CO.),0.0,1575.0,470100.0,8.0,1186966.766944567,1843550.0515347193,2015,12,10,0,0,1
385962,2641730,100586081,PERMIT - RENOVATION/ALTERATION,2015-07-27T00:00:00.000,2015-07-27T00:00:00.000,4651.0,GREENVIEW AVE,,REPAIR EXISTING OPEN CONCRETE PARKING LOT AND REPLACE EXISTING LANDSCAPE PLANTERS ONLY (7411.9 SQ. FT.).,0.0,375.0,31800.0,47.0,1165273.284860641,1931212.817960399,2015,07,27,0,0,1
386026,2641847,B100586149,PERMIT – EXPRESS PERMIT PROGRAM,2015-03-18T00:00:00.000,2015-03-18T00:00:00.000,500.0,LAKE SHORE DR,Electrical Work,ADDING (1) 100AMP 480V FEED FOR 75KVA TRANSFORMER.  INSTALLING (4) 30AMP 2 POLE CIRCUITS FOR POWER PLANT.  INSTALLING (1) 60A 230V FEED FOR CONDENSER. INSTALLING (1) 20A FEED FOR AIR HANDLER/,0.0,150.0,81400.0,2.0,1180002.75528667,1903733.5418901197,2015,03,18,0,0,1
386214,2642236,100586370,PERMIT - NEW CONSTRUCTION,2015-03-19T00:00:00.000,2015-04-06T00:00:00.000,1545.0,NORTH AVE,,"ERECT A (5) FIVE STORY MIXED-USE (PARKING, RETAIL & 30 RESIDENTIAL D.U.'S) BUILDING WITH GREEN ROOF PER PLANS. {GREEN ROOF 1,282SF}",0.0,24303.35,241600.0,1.0,1165608.060832246,1910691.4115595769,2015,04,06,0,0,1
387009,2643891,100587296,PERMIT - RENOVATION/ALTERATION,2015-05-19T00:00:00.000,2015-09-18T00:00:00.000,1200.0,LAKE SHORE DR,,"EXTERIOR RENOVATION OF EXISTING NON-COMPLIANT ROOF DECK 13-STORY MULTI-FAMILY RESIDENTIAL BUILDING INCLUDES DEMOLITION OF EXISTING NON-COMPLIANT ROOF DECK, NEW ROOF MEMBRANE, STRUCTURE, FINISHES, LIGHTING AND LANDSCAPING (VEGETATED GREEN ROOF AREA 1780 SF)**CERTIFIED CORRECTION** CONDITIONAL PERMIT SUBJECT TO FIELD INSPECTION",0.0,881.2,80100.0,43.0,1177029.944818532,1908411.3741681755,2015,09,18,0,0,1
387333,2644565,100587675,PERMIT - EASY PERMIT PROCESS,2015-03-30T00:00:00.000,2015-03-30T00:00:00.000,50.0,LA SALLE ST,,CONCRETE REPAIRS TO 39 CORNICE PLANTERS AND ASSOCIATED WALL FLASHING AT 1ST FLOOR CORNICE LEDGE ALON WEST AND SOUTH ELEVATIONS. CAULKING AROUND WINDOWS.,0.0,325.0,839100.0,42.0,1175107.7977304105,1899898.2109406823,2015,03,30,0,0,1
388125,2646138,100588610,PERMIT - NEW CONSTRUCTION,2015-04-03T00:00:00.000,2015-04-03T00:00:00.000,434.0,MELROSE ST,,ERECT NEW 9 STORY MASONRY BUILDING WITH 25 INDOOR PARKING SPACES 23 RESIDENTIAL UNITS TYPE 1B CONSTRUCTION - GREEN ROOF 434 WEST MELROSE STREET  [SEE REVISION PERMIT #100686563 TO DE-CONVERT TO 18 DWELLING UNITS],0.0,23792.16,61902.0,44.0,1172661.4749970443,1921959.2557307752,2015,04,03,0,0,1
388228,2646406,B100588752,PERMIT – EXPRESS PERMIT PROGRAM,2015-04-06T00:00:00.000,2015-04-06T00:00:00.000,600.0,KINZIE ST,Monthly Maintenance Permit,REQUIRED PM ON ELECTRICAL EQUIPMENT INSIDE THE CHOCOLATE FACTORY PLANT. - REWIRE MOLDING ROOM AC UNIT. - INSTALL AND WIRE TANK LEVEL MONITORING SYSTEM FOR OIL STORAGE TANKS.,0.0,550.0,243600.0,27.0,1172231.085536217,1902955.411466567,2015,04,06,0,0,1
388597,2647396,100589204,PERMIT - RENOVATION/ALTERATION,2017-07-12T00:00:00.000,2017-07-12T00:00:00.000,3500.0,HOYNE AVE,,"SITE WORK AND ASSOCIATED IMPROVEMENTS FOR AN EPA IGIG GRANT FOR A SUSTAINABLE CAMPUS AT AUDUBON ELEMENTARY SCHOOL. THE WORK INCLUDES REMOVAL OF EXISTING ASPHALT AND CONCRETE SURFACES, STORMWATER MANAGEMENT IMPROVEMENTS, NATIVE PLANTINGS, PERMEABLE PAVEMENT, AN ARTIFICIAL TURF FIELD, A RUNNING TRACK, AN ORGANIC VEGETABLE GARDEN, NECESSARY PARKING, TRASH ENCLOSURES AND ACCESS, CONCRETE WALK, OUTDOOR ¿CLASSROOM¿ SEATING AREA, PICNIC GROVE, LAWN AND NATIVE PLANTINGS. TWO PROPOSED PARKING AREAS ARE PROPOSED, ONE ACCESSED VIA THE PUBLIC ALLEY NORTH OF THE SITE AND ONE UTILIZING AN EXISTING DRIVEWAY OFF NORTH HOYNE. AN EXISTING DRIVE OFF NORTH HAMILTON WILL REMAIN, BUT BE REMOVED FOR REGULAR USE. NO IMPROVEMENTS ARE PROPOSED TO THE BUILDING AND NO PROPOSED CHANGES AFFECT USE OR OCCUPANCY.",630.0,705.0,50800.0,47.0,1161693.811089799,1923258.726555053,2017,07,12,0,1,1
389134,2648781,100589844,PERMIT - RENOVATION/ALTERATION,2015-04-29T00:00:00.000,2015-07-14T00:00:00.000,3300.0,CHELTENHAM DR,,"PROJECT INVOLVES RENOVATIONS AND REPAIR WORK IN THE CHICAGO DEPT. OF WATER MANAGEMENT'S SOUTH WATER PURIFICATION PLANT CAMPUS AS FOLLOWS: 1. ALF (FILTER) BUILDING: PARTIAL BUILDING ENVELOPE RENOVATION, PARTIAL MECHANICAL SYSTEM REPAIR, ROOF REPAIRS AND ELECTRICAL WORK ASSOCIATED WITH RENOVATIONS AND REPAIRS. 2. CHE (CHEMICAL) BUILDING: FACADE REPAIR, EAST ELEVATION ONLY, AND 3. LLP (LOW LIFT PUMP) BUILDING: FACADE REPAIR, WEST ELEVATION ONLY.",0.0,3070.0,431400.0,7.0,1199275.56960979,1854242.3992597167,2015,07,14,0,0,1
389637,2649983,100590430,PERMIT - RENOVATION/ALTERATION,2015-07-10T00:00:00.000,2015-07-10T00:00:00.000,6.0,MICHIGAN AVE,,"BUILD A DECK, WATER FEATURE AND PLANTER BOXES ON EXISTING TERRACE. PLANTINGS ALONG PARAPET NOT TO EXCEED HEIGHT OF THE RAILING.",0.0,423.0,320100.0,42.0,1177270.774197971,1900478.32459257,2015,07,10,0,0,1
389963,2650682,B100590833,PERMIT – EXPRESS PERMIT PROGRAM,2015-04-20T00:00:00.000,2015-04-20T00:00:00.000,3505.0,KEDZIE AVE,Electrical Work,ADD ON METER FOR HOUSEPLANT (EXISTING 2 METERS NO HOUSE PANEL),0.0,50.0,210100.0,33.0,1154469.7443728934,1923173.678261946,2015,04,20,0,0,1
390000,2650761,100590873,PERMIT - NEW CONSTRUCTION,2015-04-20T00:00:00.000,2015-04-29T00:00:00.000,1647.0,MILWAUKEE AVE,,"NEW CONSTRUCTION OF A FIVE 5 RESIDENTIAL BUILDING 36 DWELLING UNITS WITH 1ST FLOOR RETAIL SPACE AND ASSOCIATED SITE WORK AS PER PLANS. GREEN ROOF 3,233 SF AND STRUCTURAL PEER REVIEW. LEED CERTIFIED, PLANNED DEVELOPMENT",0.0,7600.0,831000.0,32.0,1162403.390499337,1910982.5153778184,2015,04,29,0,0,1
390792,2652409,100591800,PERMIT - EASY PERMIT PROCESS,2015-04-24T00:00:00.000,2015-04-24T00:00:00.000,3101.0,DR MARTIN L KING JR DR,,"WEST ELEVATION, REMOVE STEEPLE CROSS, TUCKPOINT 2,000 SQ. FT., REMOVE ALL  OVERGROWN TREES & PLANTS & WEEDS FROM BETWEEN JOINTS & ALL DEBRIS FROM TOWER DECK & GUTTERS ON NORTH ELEVATION, ONLY.",0.0,325.0,351000.0,4.0,1179458.0033594547,1884492.8558182025,2015,04,24,0,0,1
391525,2653829,100592670,PERMIT - RENOVATION/ALTERATION,2015-04-29T00:00:00.000,2015-04-30T00:00:00.000,1520.0,DIVISION ST,,"RENOVATION / ADDITION OF EXISTING OFFICE BUILDING TO INCLUDE NEW ELEVATOR, EXTENSION OF EXISTING STAIRS TO THE ROOF AND NEW ROOF TERRACE AS PER PLANS.  (GREEN ROOF IS 4685 SQ. FT.)",0.0,6429.24,241600.0,1.0,1165911.6720218165,1908121.902284332,2015,04,30,0,0,1
391613,2653984,100592786,PERMIT - RENOVATION/ALTERATION,2015-07-22T00:00:00.000,2015-08-03T00:00:00.000,121.0,WACKER DR,,INTERIOR RENOVATIONS TO CONVERT FLOOR TO AMENITIES CENTER AND ADD ROOF DECK (GREEN ROOF) TO EXISTING ADJACENT OUTDOOR AREA PER PLANS (TOTAL VEGETATED ROOF:803 SF/ROOF DETAILS:A6.1) **CERTIFIED PLANS CORRECTIONS: CONDITIONAL PERMIT SUBJECT TO FIELD INSPECTIONS **,0.0,4609.75,839100.0,42.0,1175320.3913648955,1902087.033211857,2015,08,03,0,0,1
391823,2654453,100593039,PERMIT - NEW CONSTRUCTION,2015-05-01T00:00:00.000,2015-05-01T00:00:00.000,3030.0,BROADWAY,,"NEW CONSTRUCTION -  ERECT NEW, 5-STORY, MIXED-USE RETAIL BUILDING WITH STRUCTURED PARKING AND VEHICLE RAMP. RETAIL ON LEVELS 1 AND 2, PARKING GARAGE ON LEVELS 3 AND 4 (244 PARKING SPOTS),FITNESS CENTER ON LEVEL 5 AS PER PLANS. TENANT BUILD OUT UNDER SEPARATE PERMIT. BUILDING AREA IS 247,945 SQ.FT. (GREEN ROOF AREA = 20,000 SQ.FT.) 3030 N. BROADWAY",0.0,25673.8,63100.0,44.0,1171679.5911656166,1920509.0343559831,2015,05,01,0,0,1
392484,2655695,100593810,PERMIT - EASY PERMIT PROCESS,2015-05-06T00:00:00.000,2015-05-06T00:00:00.000,2530.0,WILLETTS CT,,CONSTRUCT AN OUTDOOR GRILLE AREA WITH MASONRY PLANTER BOXES AND RETAINING WALLS.  GRILLE TO BE APPROX. 10FT FROM HOUSE AND MINIMUM OF 3FT FROM SIDE LOT LINES.  WORK SUBJECT TO FIELD INSPECTION.,0.0,300.0,220500.0,35.0,1155660.8644901754,1916846.1844378768,2015,05,06,0,0,1
392736,2656242,B100594098,PERMIT – EXPRESS PERMIT PROGRAM,2015-05-08T00:00:00.000,2015-05-08T00:00:00.000,600.0,KINZIE ST,Monthly Maintenance Permit,SCHEDULED PM ON ELECTRICAL EQUIPMENT INSIDE THE CHOCOLATE FACTORY PLANT. - WIRE NEW VIDEO WALL MONITOR FOR THE SAFETY DEPARTMENT. - UPDATES ON THE SUGAR UNLOADING SYSTEM.,0.0,500.0,243600.0,27.0,1172231.085536217,1902955.411466567,2015,05,08,0,0,1
393564,2657834,100595073,PERMIT - NEW CONSTRUCTION,2015-06-18T00:00:00.000,2015-10-27T00:00:00.000,625.0,CORNELIA AVE,,"ERECTION OF NEW 4 STORY BUILDING CONSISTING OF 5 DU, 2 ATTACHED GARAGES W/5 PARKING SPACES, SIDE AND REAR BALCONIES, REQUIRED OPEN YARD AREA (ROOF DECK) ON TOP OF ACCESSORY BUILDING (GARAGE), GREEN ROOF, ACCESSIBLE RAMP, TRASH ENCLOSURE, MTETAL FENCE.  **CERTIFIED PLAN CORRECTIONS PROJECT - CONDITIONAL PERMIT: SUBJECT TO FIELD INSPECTIONS **",0.0,6965.44,61901.0,46.0,1171324.5711634262,1923493.1794718453,2015,10,27,0,0,1
394171,2658996,B100595779,PERMIT – EXPRESS PERMIT PROGRAM,2015-05-19T00:00:00.000,2015-05-19T00:00:00.000,900.0,MICHIGAN AVE,Electrical Work,REPLACEMENT OF PLANTER RECEPTACLES.  MISC. ELECTRICAL WORK.,0.0,200.0,81200.0,42.0,1177285.361874675,1906673.8034002704,2015,05,19,0,0,1
394460,2659645,100596116,PERMIT - RENOVATION/ALTERATION,2015-05-20T00:00:00.000,2015-05-20T00:00:00.000,416.0,DEMING PL,,"NEW ROOF DECK (IPE WOOD/STONE PAVERS) PER ARCHITECTURAL PLANS.  NEW GREEN ROOF AREA (1200 SQ. FT) AND 1,662 OF DECK AREA",0.0,690.33,70101.0,43.0,1172931.0194663047,1917695.8389959307,2015,05,20,0,0,1
396369,2663598,100598444,PERMIT - NEW CONSTRUCTION,2015-12-08T00:00:00.000,2015-12-08T00:00:00.000,4633.0,DIVERSEY AVE,,"NEW ONE STORY 10,004 SF RETAIL BUILDING WITH A 7,100 SF GREEN ROOF IN PD 1079 AS PER PLAN. PROPOSED USE: MERCANTILE ** GREEN ELEMENT PERMIT",0.0,2001.0,190900.0,31.0,1144815.3469862158,1918168.7527931896,2015,12,08,0,0,1
396465,2663791,B100598558,PERMIT – EXPRESS PERMIT PROGRAM,2015-06-05T00:00:00.000,2015-06-05T00:00:00.000,600.0,KINZIE ST,Monthly Maintenance Permit,"SCHEDULED PM ON ELECTRICAL EQUIPMENT INSIDE THE CHOCOLATE FACTORY PLANT, UPDATES ON STORAGE TANKS LEVEL INDICATION/MONITORING",0.0,500.0,243600.0,27.0,1172231.085536217,1902955.411466567,2015,06,05,0,0,1
396670,2664192,B100598797,PERMIT – EXPRESS PERMIT PROGRAM,2015-06-08T00:00:00.000,2015-06-08T00:00:00.000,4201.0,69TH ST,Monthly Maintenance Permit,ELECTRICAL PLANT MAINTENANCE,0.0,150.0,650500.0,23.0,1149547.6877892057,1858469.1040234976,2015,06,08,0,0,1
396694,2664269,100598826,PERMIT - RENOVATION/ALTERATION,2015-06-08T00:00:00.000,2015-07-09T00:00:00.000,37.0,VAN BUREN ST,,"REVISION TO PERMIT #100548950 FOR CHANGE TO BASEMENT LAYOUT, INCREASE NUMBER OF UNITS FROM 109 TO 137 INCLUDING NEW DWELLING UNIT LAYOUTS ONF FLOORS 3 THROUGH 16 AND INCREASE QUANTITY OF AFFORDABLE UNITS FROM 2 TO 29- 37 WEST VAN BUREN STREET GREEN ROOF",0.0,87512.85,839100.0,4.0,1176045.8850830337,1898480.4568136071,2015,07,09,0,0,1
397690,2666333,100600039,PERMIT - NEW CONSTRUCTION,2015-06-15T00:00:00.000,2015-06-15T00:00:00.000,4185.0,IRVING PARK RD,,"ERECT TWO STORY RETAIL BUILDING (FOUNDATION, CORE AND SHELL ONLY) WITH GREEN ROOF AS PER PLANS. (CIVIL/STORMWATER & LANDSCAPE ONLY UNDER PERMIT 100581258)",0.0,2293.44,161000.0,45.0,1147732.2606413695,1926214.5450578476,2015,06,15,0,1,1
398306,2667583,100600737,PERMIT - NEW CONSTRUCTION,2015-09-03T00:00:00.000,2015-12-03T00:00:00.000,4240.0,MORGAN ST,,"SUBMISSION PLAN SET FOR 1,116 SF INTERIOR BUILD-OUT FOR FOOD PROCESSING PLANT. ELECTRIC AND HVAC NIC.",0.0,1075.0,842600.0,11.0,1170315.7230426644,1876369.301987539,2015,12,03,0,0,1
399164,2669297,100601721,PERMIT - RENOVATION/ALTERATION,2015-06-25T00:00:00.000,2015-06-26T00:00:00.000,5500.0,UNIVERSITY AVE,,EXTERIOR SITE WORK/LANDSCAPE WORK SCOPE ONLY: REVISION TO PERMIT #100550245 TO REVISE LANDSCAPE DESIGN OF AREAS ALONG 55TH STREET AND SOUTH UNIVERSITY AVENUE SIDES OF NORTH CAMPUS RESIDENCE HALL AND DINING COMMONS BUILDING. EXTERIOR SITE WORK INCLUDING PLANTING AND EXTERIOR CONCRETE SIDEWALK / HARDSCAPE WORK.,0.0,375.0,836200.0,5.0,1184687.5887689793,1868748.261977696,2015,06,26,0,0,1
399848,2670626,100602495,PERMIT - RENOVATION/ALTERATION,2015-09-01T00:00:00.000,2016-01-05T00:00:00.000,2449.0,FRANCISCO AVE,,"ALTERATION OF EXISTING III-B CONSTRUCTION ONE-STORY SINGLE FAMILY RESIDENCE. ADDITION OF A SECOND-STORY (1,188 SF) AND NEW REAR PORCH.  GREEN ROOF 212 SF. ***CERTIFIED CORRECTIONS**CONDITIONAL APPROVAL**SUBJECT TO FIELD INSPECTION",0.0,848.93,220400.0,1.0,1156663.3570069813,1916346.636281038,2016,01,05,0,0,1
400476,2671832,B100603231,PERMIT – EXPRESS PERMIT PROGRAM,2015-07-05T00:00:00.000,2015-07-05T00:00:00.000,600.0,KINZIE ST,Monthly Maintenance Permit,REQUIRED PM ON ELECTRICAL EQUIPMENT INSIDE CHOCOLATE FACTORY PLANT.,0.0,200.0,243600.0,27.0,1172231.085536217,1902955.411466567,2015,07,05,0,0,1
400931,2672640,100603751,PERMIT - RENOVATION/ALTERATION,2015-07-22T00:00:00.000,2015-10-01T00:00:00.000,400.0,95TH ST,,"PD 469- GREEN ELEMENT PERMIT: INTERIOR UPDATES TO EXISTING CHURCH TO INCLUDE NEW MECHANICAL, LIGHTING AND PLUMBING SYSTEMS.  REPLACE ROOF SYSTEM.  ADD GREEN ROOF 7,500 SF. **CERTIFIED CORRECTIONS **CONDITIONAL APPROVAL SUBJECT TO FIELD INSPECTION**",0.0,6366.76,730100.0,21.0,1175284.9921994745,1841955.7352344275,2015,10,01,0,0,1
401043,2672911,100603885,PERMIT - NEW CONSTRUCTION,2015-07-08T00:00:00.000,2015-07-09T00:00:00.000,1045.0,SACRAMENTO AVE,,"NEW CONSTRUCTION: FULL BUILDING PERMIT FOR A 4-STORY, 49 DU, VERERAN'S HOUSING BUILDING WITH SUPPORT FCILITIES ON THE GORUND FLOOR AND SURFACE PARKING ALL PER PLANS. ** GREEN ROOF AREA = 5,483 SQ. FT.**  1045 N. SACRAMENTO.",5426.0,12958.85,240900.0,26.0,1156229.0258684834,1906960.6475933483,2015,07,09,0,0,1
401865,2674674,100604855,PERMIT - EASY PERMIT PROCESS,2015-07-15T00:00:00.000,2015-07-15T00:00:00.000,155.0,HARBOR DR,,"GRADE SIDEWALK, RAMP, WALKWAY, PENTHOUSE, R/R STEEL GRATES, /R/R SEALANT 1500LF, R/R CONCRETE 375SF, R/R TERRAZZO SIDEWALK 50SF, R/R JOINTS PLANTER CAP STONES 50LF, APPLY NEW PROTECTIVE COATIN PENTHOUSE WALLS AND CONCRETGE WALLS AND MIDDLE BEAMS FOR GARAGE RAMP AND CONCRETE WALL ABOVE SUNDECK CURTAIN WALL.",0.0,325.0,320100.0,42.0,1179690.182993199,1901410.3393839337,2015,07,15,0,0,1
402216,2675462,100605272,PERMIT - NEW CONSTRUCTION,2015-07-17T00:00:00.000,2015-07-24T00:00:00.000,1330.0,53RD ST,,"NEW CONSTRUCTION OF A 13-STORY MIXED USE HIGH RISE BUILDING.  267 (DU) APARTMENTS WITH 28,061 SF OF GROUND LEVEL CORE AND SHELL RETAIL SPACE.  THE PROJECT INCLUDES TWO LEVELS OF STRUCTURED PARKING WITH 230 PARKING SPACES ALL PER PLANS. *** GREEN ROOF AREA=14,492 SQ.FT.***",0.0,105182.63,410700.0,4.0,1185905.3198008323,1870431.451630648,2015,07,24,0,0,1
402947,2677034,100606163,PERMIT - WRECKING/DEMOLITION,2015-09-17T00:00:00.000,2015-09-17T00:00:00.000,517.0,WOOD ST,,WRECK AND REMOVE A 7.5 MASONRY MEDICAL BUILDING-MURDOCK AND WEST PLANT.,0.0,969.0,838100.0,27.0,1164518.1526204527,1897570.4724669775,2015,09,17,0,0,1
404517,2680205,100608054,PERMIT - RENOVATION/ALTERATION,2015-08-05T00:00:00.000,2015-08-21T00:00:00.000,850.0,63RD ST,,"VERTICAL ABOVE GROUND CONSTRUCTION OF UNOCCUPIED SINGLE STORY COMMERCIAL RETAIL BUILDING SHELL WITH 9,624 SF GREEN ROOF. FOUNDATION UNDER PERMIT 100563909*** CERTIFIED CORRECTIONS**** SUBJECT TO FIELD INSPECTION***",0.0,3553.8,834800.0,16.0,1171472.9218180513,1863106.8116120864,2015,08,21,0,0,1
404756,2680660,100608341,PERMIT - RENOVATION/ALTERATION,2015-08-06T00:00:00.000,2015-08-06T00:00:00.000,6644.0,PONCHARTRAIN BLVD,,ERECT A REAR OPEN ONE SYORY WOOD DECK WITH PLANTER AS PER OWNER'S PLANS,0.0,200.0,120100.0,41.0,1137738.218582127,1943772.1986897276,2015,08,06,0,0,1
404818,2680780,100608411,PERMIT - NEW CONSTRUCTION,2015-08-10T00:00:00.000,2015-08-10T00:00:00.000,347.0,CHESTNUT ST,,"FULL BUILDING FOR PROPOSED 28-STORY RESIDENTIAL TOWER, TO INCLUDE PARKING GARAGE AND 310 DWELLING UNITS PER PLAN. GREEN ROOF - 9,739 SF",0.0,163534.24,81800.0,27.0,1173691.9735360658,1906207.7293409284,2015,08,10,0,0,1
405928,2683155,100609775,PERMIT - RENOVATION/ALTERATION,2015-08-17T00:00:00.000,2015-08-21T00:00:00.000,1600.0,MILWAUKEE AVE,,"INTERIOR BUILD-OUT FOR A CONNECTED BUILDING WITH A ONE STORY ADDITION.  INCLUDE A 13-STORY HOTEL WITH 69 GUEST ROOMS WITH NEW ROOFTOP ENCLOSURE STORY, A 6 STORY SHARED ROOM FACILITY WITH 20 GUEST ROOMS, NEW ROOFTOP ENCLOSURE STORY AND AN OUTDOOR SWIMMING POOL AND ALSO A NEW AT GRADE, SHELLED RETAIL SPACE IN ONE STORY ADDITION AS PER PLANS.* GREEN ROOF AREA,= 6,221 SQ.FT.*",0.0,22965.11,240500.0,2.0,1162692.9920120002,1910634.9793847585,2015,08,21,0,0,1
408375,2688307,100612738,PERMIT - NEW CONSTRUCTION,2015-09-03T00:00:00.000,2015-09-17T00:00:00.000,3941.0,KEELER AVE,,ERECT 4 STORY 27 UNIT RESIDENTIAL BUILDING WITH GREEN ROOF. CERTIFIED CORRECTIONS***CONDITIONAL PERMIT SUBJECT TO FIELD INSPECTION**,0.0,4450.65,161000.0,45.0,1147736.1787856156,1926037.2008592223,2015,09,17,0,0,1
408622,2688825,100613027,PERMIT - SIGNS,2015-10-26T00:00:00.000,2015-10-29T00:00:00.000,1804.0,LAWRENCE AVE,,INSTALL STALL CHANNEL LETTERS TO READ LA FITNESS TO FLOWER PLANTER  WALL.,0.0,300.0,40402.0,47.0,1163329.162678686,1931953.8358171145,2015,10,29,0,0,1
412258,2696808,B100617350,PERMIT – EXPRESS PERMIT PROGRAM,2015-10-05T00:00:00.000,2015-10-05T00:00:00.000,600.0,KINZIE ST,Monthly Maintenance Permit,REQUIRED PM ON ELECTRICAL EQUIPMENT INSIDE THE CHOCOLATE PLANT. WIRE NEW CONTROL PANEL FOR TANKS LEVEL MONITORING - CP2-20.,0.0,500.0,243600.0,27.0,1172231.085536217,1902955.411466567,2015,10,05,0,0,1
412596,2697569,B100617747,PERMIT – EXPRESS PERMIT PROGRAM,2015-10-07T00:00:00.000,2015-10-07T00:00:00.000,10.0,RIVERSIDE PLZ,Electrical Work,"SECURITY SYSTEM & AUDIO VISUAL WORK (PLANTE MORAN) (03-8262, 09-8261)",0.0,50.0,281900.0,42.0,1173359.0747978694,1900233.5446894723,2015,10,07,0,0,1
412712,2697850,100617897,PERMIT - RENOVATION/ALTERATION,2016-03-02T00:00:00.000,2016-03-02T00:00:00.000,2310.0,CANNON DR,,"ERECT A ONE STORY ADDITION ABOVE THE EXISTING ANIMAL HOSPITAL AT LINCOLN PARK ZOO. GREEN ROOF INSTALLATION 5,500 SF; SELECTIVE DEMOLITION; CONCRETE AND MASONRY EXTERIOR WALL CONSTRUCTION; STRUCTURAL STEEL AND DECK; INTERIOR ARCHITECTURAL WOODWORK; ROOFING; WINDOWS; DOORS; GYPSUM BOARD ASSEMBLIES; ACOUSTICAL PANEL CEILINGS; AND PAINTINGS.",0.0,7621.13,71400.0,43.0,1174834.1717408225,1915733.890663,2016,03,02,0,0,1
413901,2700501,100619344,PERMIT - RENOVATION/ALTERATION,2015-12-04T00:00:00.000,2015-12-04T00:00:00.000,175.0,JACKSON BLVD,,16TH FLOOR TENANT INTERIOR BUILD-OUT OF EXISTING DEMISED LEASE SPACE FOR NEW H&M CALL CENTER.  SCOPE OF WORK INCLUSIVE OF NEW REVISED MECHANICALS.  EXISTING LANDLORD BASE BUILDING CENTRAL PLANT FOR HEATING AND COOLING.,0.0,9766.76,839100.0,42.0,1174921.705515403,1898916.1681410484,2015,12,04,0,0,1
414989,2702940,100620621,PERMIT - RENOVATION/ALTERATION,2015-12-15T00:00:00.000,2016-01-19T00:00:00.000,405.0,WABASH AVE,,RE-CLAD EXISTING BUILDING IN A BACK LIT PERFORATED METAL SCREEN PER PLANS  **CERTIFIED PLANS CORRECTIONS: CONDITIONAL PERMIT SUBJECT TO FIELD INSPECTIONS **(DBA PERMIT SUBMITTAL ONLY: RESHAPE EXISTING PLANTERS- NOT IN SCOPE FOR BUILDING PERMIT),0.0,1043.5,81500.0,42.0,1176706.4590198582,1903103.7595416445,2016,01,19,0,0,1
416430,2705904,B100622281,PERMIT – EXPRESS PERMIT PROGRAM,2015-11-06T00:00:00.000,2015-11-06T00:00:00.000,540.0,BRIAR PL,Electrical Work,INSTALL NEW 25A DC BREAKER PER RRU UNIT INSIDE EXISTING 48V DC POWER PLANT (3 TOTAL); INSTALL NEW #8 AWG DC CONDUCTORS BETWEEN NEW CIRCUIT BREAKERS AND EXISTING RAYCAP SURGE PROTECTION UNIT; UPGRADE EXISTING RBS 6601 AS REQUIRED TO SUPPORT NEW EQUIPMENT FOR EXISTING AT&T ROOFTOP CELL TOWER #ILL00439.,0.0,50.0,63200.0,44.0,1171924.0050690377,1921047.5667640388,2015,11,06,0,0,1
416437,2705912,B100622289,PERMIT – EXPRESS PERMIT PROGRAM,2015-11-04T00:00:00.000,2015-11-09T00:00:00.000,2256.0,CLEVELAND AVE,Electrical Work,INSTALL NEW 25A DC BREAKER PER RRU UNIT INSIDE EXISTING 48V DC POWER PLANT (3 TOTAL); INSTALL NEW #8 AWG DC CONDUCTORS BETWEEN NEW CIRCUIT BREAKERS AND EXISTING RRAYCAP SURGE PROTECTION UNIT; REPLACE EXISTING PURCELL CABINET WITH NEW PURCELL CABINET; UPGRADE EXISTING RBS 6601 AS REQUIRED TO SUPPORT NEW EQUIPMENT FOR EXISTING AT&T ROOFTOP CELL TOWER #ILL00456. NO CHANGE TO EXISTING ANTENNAS.,0.0,50.0,71300.0,43.0,1172505.9471505254,1915519.366085734,2015,11,09,0,0,1
416450,2705930,B100622304,PERMIT – EXPRESS PERMIT PROGRAM,2015-11-04T00:00:00.000,2015-11-04T00:00:00.000,1735.0,DIVERSEY PKWY,Electrical Work,INSTALL NEW 25A DC BREAKER PER RRU UNIT INSIDE EXISTING 48V DC POWER PLANT (3 TOTAL); INSTALL NEW #8 AWG DC CONDUCTORS BETWEEN NEW CIRCUIT BREAKERS AND EXISTING RAYCAP SURGE PROTECTION UNIT; UPGRADE EXISTING RBS 6601 AS REQUIRED TO SUPPORT NEW EQUIPMENT FOR EXISTING AT&T ROOFTOP CELL TOWER #ILL00967.,0.0,50.0,70700.0,32.0,1164126.9750966306,1918593.7807409577,2015,11,04,0,0,1
416451,2705933,B100622306,PERMIT – EXPRESS PERMIT PROGRAM,2015-11-04T00:00:00.000,2015-11-04T00:00:00.000,3410.0,LAKE SHORE DR,Electrical Work,INSTALL NEW 25A DC BREAKER PER RRU UNIT INSIDE EXISTING 48V DC POWER PLANT (3 TOTAL); INSTALL NEW #8 AWG DC CONDUCTORS BETWEEN NEW CIRCUIT BREAKERS AND EXISTING RAYCAP SURGE PROTECTION UNIT; UPGRADE EXISTING RBS 6601 AS REQUIRED TO SUPPORT NEW EQUIPMENT FOR EXISTING AT&T ROOFTOP CELL TOWER #ILU0181.,0.0,50.0,61900.0,44.0,1172639.6509577285,1922845.629964242,2015,11,04,0,0,1
416455,2705937,B100622310,PERMIT – EXPRESS PERMIT PROGRAM,2015-11-04T00:00:00.000,2015-11-04T00:00:00.000,2418.0,MILWAUKEE AVE,Electrical Work,INSTALL NEW 25A DC BREAKER PER RRU UNIT INSIDE EXISTING 48V DC POWER PLANT (3 TOTAL); INSTALL NEW #8 AWG DC CONDUCTORS BETWEEN NEW CIRCUIT BREAKERS AND EXISTING RAYCAP SURGE PROTECTION UNIT; UPGRADE EXISTING RBS 6601 AS REQUIRED TO SUPPORT NEW EQUIPMENT FOR EXISTING AT&T ROOFTOP CELL TOWER #ILU0282.,0.0,50.0,220400.0,1.0,1156298.5169911704,1915918.5846522276,2015,11,04,0,0,1
416457,2705941,B100622312,PERMIT – EXPRESS PERMIT PROGRAM,2015-11-04T00:00:00.000,2015-11-04T00:00:00.000,1820.0,WEBSTER AVE,Electrical Work,INSTALL NEW 25A DC BREAKER PER RRU UNIT INSIDE EXISTING 48V DC POWER PLANT (3 TOTAL); INSTALL NEW #8 AWG DC CONDUCTORS BETWEEN NEW CIRCUIT BREAKERS AND EXISTING RAYCAP SURGE PROTECTION UNIT; UPGRADE EXISTING RBS 6601 AS REQUIRED TO SUPPORT NEW EQUIPMENT FOR EXISTING AT&T ROOFTOP CELL TOWER #ILL00449.,0.0,50.0,221800.0,32.0,1163787.756699433,1914701.650311753,2015,11,04,0,0,1
416469,2705955,B100622324,PERMIT – EXPRESS PERMIT PROGRAM,2015-11-04T00:00:00.000,2015-11-04T00:00:00.000,3933.0,CLARENDON AVE,Electrical Work,INSTALL NEW 25A DC BREAKER PER RRU UNIT INSIDE EXISTING 48V DC POWER PLANT (3 TOTAL); INSTALL NEW #8 AWG DC CONDUCTORS BETWEEN NEW CIRCUIT BREAKERS AND EXISTING RAYCAP SURGE PROTECTION UNIT; UPGRADE EXISTING RBS 6601 AS REQUIRED TO SUPPORT NEW EQUIPMENT FOR EXISTING AT&T ROOFTOP CELL TOWER #ILL00952.,0.0,50.0,60800.0,46.0,1170251.0787750948,1926506.0507715896,2015,11,04,0,0,1
416474,2705964,B100622329,PERMIT – EXPRESS PERMIT PROGRAM,2015-11-04T00:00:00.000,2015-11-04T00:00:00.000,1059.0,13TH ST,Electrical Work,INSTALL NEW 25A DC BREAKER PER RRU UNIT INSIDE EXISTING 48V DC POWER PLANT (3 TOTAL); INSTALL NEW #8 AWG DC CONDUCTORS BETWEEN NEW CIRCUIT BREAKERS AND EXISTING RAYCAP SURGE PROTECTION UNIT; UPGRADE EXISTING RBS 6601 AS REQUIRED TO SUPPORT NEW EQUIPMENT FOR EXISTING AT&T ROOFTOP CELL TOWER #ILL00970.,0.0,50.0,283800.0,28.0,1169435.0625961912,1894247.174877112,2015,11,04,0,0,1
416476,2705971,B100622331,PERMIT – EXPRESS PERMIT PROGRAM,2015-11-04T00:00:00.000,2015-11-04T00:00:00.000,5661.0,ELSTON AVE,Electrical Work,INSTALL THREE (3) NEW 25A BREAKERS IN EXISTING DC POWER PLANT FOR AT&T CELL SITE ILU0131.,0.0,50.0,110100.0,39.0,1138318.1554563402,1937373.3258862644,2015,11,04,0,0,1
416762,2706528,B100622692,PERMIT – EXPRESS PERMIT PROGRAM,2015-11-06T00:00:00.000,2015-11-06T00:00:00.000,1031.0,CICERO AVE,Electrical Work,"INSTALL (1) 25A DC CIRCUIT BREAKER PER RRU UNITS INSIDE EXISTING 48V DC POWER PLANT. INSTALL SURGE PROTECTION TO BE INSTALLED INSIDE FIF RACK; PROVIDE 2 SETS OF 6 - 8""  AWG DC CONDUCTOR BUNDLE BETWEEN NEW CIRCUIT BREAKERS INSIDE EXISTING DC POWER PLANT.",0.0,50.0,251000.0,37.0,1144209.238970056,1906567.7518186811,2015,11,06,0,0,1
416772,2706549,B100622707,PERMIT – EXPRESS PERMIT PROGRAM,2015-11-06T00:00:00.000,2015-11-06T00:00:00.000,900.0,WABASH AVE,Electrical Work,INSTALL ONE (1) 25A DC CIRCUIT BREAKER PER RRU UNIT INSIDE EXISTING 48V DC POWER PLANT; INSTALL NEW SURGE PROTECTION INSIDE FIF RACK; PROVIDE TWO SETS OF 6 8¿ AWG DC CONDUCTOR BUNDLE BETWEEN NEW CIRCUIT BREAKERS INSIDE EXISTING POWER PLANT FOR AT&T CELL SITE #ILL0348.,0.0,50.0,320600.0,4.0,1176887.4492540222,1896201.106148126,2015,11,06,0,0,1
416776,2706555,B100622712,PERMIT – EXPRESS PERMIT PROGRAM,2015-11-06T00:00:00.000,2015-11-06T00:00:00.000,3730.0,OAKLEY AVE,Electrical Work,INSTALL ONE (1) 25A DC CIRCUIT BREAKER PER RRU UNIT INSIDE EXISTING 48V DC POWER PLANT; INSTALL NEW SURGE PROTECTION INSIDE FIF RACK; PROVIDE TWO SETS OF 6 8¿ AWG DC CONDUCTOR BUNDLE BETWEEN NEW CIRCUIT BREAKERS INSIDE EXISTING POWER PLANT FOR AT&T CELL SITE #IL0951.,0.0,50.0,50500.0,47.0,1160327.8809461526,1924862.7222027036,2015,11,06,0,0,1
416778,2706557,B100622714,PERMIT – EXPRESS PERMIT PROGRAM,2015-11-06T00:00:00.000,2015-11-06T00:00:00.000,5900.0,WINTHROP AVE,Electrical Work,INSTALL ONE (1) 25A DC CIRCUIT BREAKER PER RRU UNIT INSIDE EXISTING 48V DC POWER PLANT; INSTALL NEW SURGE PROTECTION INSIDE FIF RACK; PROVIDE TWO SETS OF 6 8¿ AWG DC CONDUCTOR BUNDLE BETWEEN NEW CIRCUIT BREAKERS INSIDE EXISTING POWER PLANT FOR AT&T CELL SITE #IL0966.,0.0,50.0,30600.0,48.0,1167755.1760014836,1939362.0269651809,2015,11,06,0,0,1
416829,2706681,100622769,PERMIT - NEW CONSTRUCTION,2015-11-06T00:00:00.000,2015-11-06T00:00:00.000,3968.0,AVONDALE AVE,,ERECT 4 STORY MIXED USE 3 DWELLING UNIT BUILDING WITH 580 SF GREEN ROOF. PLANNED DEVELOPMENT. CERTIFIED CORRECTIONS** CONDITIONAL APPROVAL SUBJECT TO FIELD INSPECTION [SEE REVISION PERMIT #100746762 TO CONVERT TO 4 DWELLING UNITS],0.0,2742.0,161000.0,45.0,1147923.5509385369,1926077.1395223208,2015,11,06,0,0,1
416844,2706730,B100622786,PERMIT – EXPRESS PERMIT PROGRAM,2015-11-06T00:00:00.000,2015-11-06T00:00:00.000,1241.0,19TH ST,Electrical Work,INSTALL ONE (1) 25A DC CIRCUIT BREAKER PER RRU UNIT INSIDE EXISTING 48V DC POWER PLANT; INSTALL NEW SURGE PROTECTION INSIDE FIF RACK; PROVIDE TWO SETS OF 6 8¿ AWG DC CONDUCTOR BUNDLE BETWEEN NEW CIRCUIT BREAKERS INSIDE EXISTING POWER PLANT FOR AT&T CELL SITE #IL00969.,0.0,50.0,310600.0,25.0,1168231.033798845,1890840.421907392,2015,11,06,0,0,1
416848,2706738,B100622790,PERMIT – EXPRESS PERMIT PROGRAM,2015-11-06T00:00:00.000,2015-11-06T00:00:00.000,4310.0,MELVINA AVE,Electrical Work,INSTALL ONE (1) 25A DC CIRCUIT BREAKER PER RRU UNIT INSIDE EXISTING 48V DC POWER PLANT; INSTALL NEW SURGE PROTECTION INSIDE FIF RACK; PROVIDE TWO SETS OF 6 8¿ AWG DC CONDUCTOR BUNDLE BETWEEN NEW CIRCUIT BREAKERS INSIDE EXISTING POWER PLANT FOR AT&T CELL SITE #ILU0180.,0.0,50.0,150500.0,38.0,1134202.8340506193,1928091.8915140836,2015,11,06,0,0,1
416879,2706811,B100622825,PERMIT – EXPRESS PERMIT PROGRAM,2015-11-06T00:00:00.000,2015-11-06T00:00:00.000,600.0,KINZIE ST,Monthly Maintenance Permit,REQUIRED PM ON ELECTRICAL EQUIPMENT INSIDE A CHOCOLATE FACTORY PLANT. WIRE NEW CONTROL PANEL FOR REFINING PLOWS.,0.0,300.0,243600.0,27.0,1172231.085536217,1902955.411466567,2015,11,06,0,0,1
417777,2708593,100623860,PERMIT - NEW CONSTRUCTION,2015-11-13T00:00:00.000,2015-11-19T00:00:00.000,311.0,MORGAN ST,,"NEW CONSTRUCTION OF A SEVEN (7) STORY 159 ROOM HOTEL WITH UNDERGROUND PARKING (30 SPACES), 1ST FLOOR RETAIL AND ASSOCIATED SITE WORK AS PER PLANS. GREEN ROOF IS 10,700 SF",0.0,46108.9,833000.0,27.0,1169762.7637665928,1902193.600414934,2015,11,19,0,0,1
417782,2708604,100623865,PERMIT - NEW CONSTRUCTION,2015-11-13T00:00:00.000,2015-11-13T00:00:00.000,165.0,SUPERIOR ST,,"FULL BUILDING PERMIT TO ERECT A 34 STORY 343,098SF RESIDENTIAL APARTMENT BUILDING 298 DWELLING UNITS WITH 110 PARKING SPACES AND 1ST FLOOR RETAIL. PERMIT INCLUDES MODIFICATIONS TO LEVELS 3,4, 4M AND 5 PER PLANS.  LEED CERTIFIED. 5,690 SF GREEN ROOF",0.0,91500.86,81700.0,42.0,1174694.790677796,1905282.730126872,2015,11,13,0,0,1
418234,2709651,100624410,PERMIT - RENOVATION/ALTERATION,2015-12-04T00:00:00.000,2015-12-29T00:00:00.000,2500.0,BRADLEY PL,,"ERECT NEW ROOF DECK (ARTIFICIAL TURF NOT GREEN ROOF) WITH 2 SEPARATE PERGOLAS, INSTALL 2 FIRE PITS, & STRUCTURAL ALTERATIONS OF EXISTING STEEL ROOF STRUCTURE FOR REINFORCEMENT PER PLANS.",0.0,2141.01,843700.0,47.0,1159011.8326055764,1924870.2601251863,2015,12,29,0,0,1
418533,2710295,100624775,PERMIT - EASY PERMIT PROCESS,2015-11-20T00:00:00.000,2015-11-20T00:00:00.000,191.0,WACKER DR,,"INTERIOR ALTERATINS TO LOBBY INVOLVING THE RENOVATION OF CEILING LIGHTING, RECLAD OF EXISTING SECURITY DESK & INTERIOR LANDSCAPE PLANTER RENOVATIONS. COSMETIC UPGRADES & NO EXTERIOR.",0.0,200.0,839100.0,42.0,1173949.8171016804,1901648.7276643848,2015,11,20,0,0,1
418833,2710993,100625134,PERMIT - EASY PERMIT PROCESS,2015-11-24T00:00:00.000,2015-11-24T00:00:00.000,849.0,FRANKLIN ST,,4TH FLOOR TERRACE PLANTER REPAIRS (FIVE (5) DRAINS AND WATERPROOFING.,0.0,425.0,81800.0,2.0,1174207.3543309814,1906247.1484347763,2015,11,24,0,1,1
418976,2711337,100625313,PERMIT - NEW CONSTRUCTION,2015-11-25T00:00:00.000,2015-11-25T00:00:00.000,905.0,ORLEANS ST,,"PHASE 1 - CAISSON FOUNDATION AND CONSTRUCTION OF LEVELS 1-4 OF GARAGE SUPERSTRUCTURE. FOR AN 18 STORY, 208 UNIT RESIDENTIAL BUILDING WITH 149 PARKING SPACES, AND PROPOSED GREEN ROOF.",0.0,25021.48,838300.0,27.0,1173788.266181516,1906595.961993919,2015,11,25,0,0,1
419204,2711946,100625577,PERMIT - EASY PERMIT PROCESS,2015-11-30T00:00:00.000,2015-11-30T00:00:00.000,3604.0,59TH ST,,"REPLACE EXISTING EVAPARATORS WITH TWO COLMAC EVAPORATORS, ONE 3.3 TON OVER THE DRYING BELT, ONE 12 TON MIDDLE PLANT WEST WALL. WORK INCLUDES ASSOCIATED PIPING AND VALVES, TEST, START UP.",0.0,400.0,620400.0,23.0,1153256.9162579027,1865288.8743977505,2015,11,30,0,0,1
419856,2713464,B100626376,PERMIT – EXPRESS PERMIT PROGRAM,2015-12-04T00:00:00.000,2015-12-04T00:00:00.000,600.0,KINZIE ST,Monthly Maintenance Permit,"REQUIRED PM ON ELECTRICAL EQUIPMENT INSIDE A CHOCOLATE FACTORY PLANT. WIRE NEW CIRCUITS FOR PASTE TOTES, WIRE LEVEL SENSORS FOR STORAGE TANKS.",0.0,300.0,243600.0,27.0,1172231.085536217,1902955.411466567,2015,12,04,0,0,1
419934,2713638,B100626483,PERMIT – EXPRESS PERMIT PROGRAM,2015-12-04T00:00:00.000,2015-12-04T00:00:00.000,1415.0,ASHLAND AVE,Electrical Work,INSTALL ONE 25A DC CIRCUIT BREAKER PER RRU UNIT INSIDE EXISTING 48V DC POWER PLANT - 3 TOTAL; INSTALL NEW SURGE PROTECTION INSIDE FIF RACK; PROVIDE 2 SETS OF 6 8AWG DC CONDUCTOR BUNDLE.,0.0,50.0,283900.0,28.0,1165992.2917850767,1893294.8791044352,2015,12,04,0,0,1
419935,2713640,B100626484,PERMIT – EXPRESS PERMIT PROGRAM,2015-12-04T00:00:00.000,2015-12-04T00:00:00.000,1515.0,74TH ST,Electrical Work,INSTALL ONE 25A DC CIRCUIT BREAKER PER RRU UNIT INSIDE EXISTING 48V DC POWER PLANT - 3 TOTAL; INSTALL NEW SURGE PROTECTION INSIDE FIF RACK; PROVIDE 2 SETS OF 6 8AWG DC CONDUCTOR BUNDLE.,0.0,50.0,671900.0,17.0,1167225.7245951265,1855612.9481072896,2015,12,04,0,0,1
420159,2714052,B100626737,PERMIT – EXPRESS PERMIT PROGRAM,2015-12-07T00:00:00.000,2015-12-07T00:00:00.000,720.0,CLARK ST,Electrical Work,REPAIR AND REPLACE WATER DAMAGED RACEWAYS AND CONDUCTORS FOR OUTDOOR PLANTER RECEPTACLES,0.0,50.0,320500.0,34.0,1175593.6745739195,1897078.5083469353,2015,12,07,0,0,1
421161,2716364,100627902,PERMIT - RENOVATION/ALTERATION,2015-12-16T00:00:00.000,2015-12-16T00:00:00.000,933.0,56TH ST,,"ALTERATIONS TO AN EXISTING 2-STORY RESEARCH BUILDING TO INCLUDE A 2-STORY ADDITION (23,519 SQ.FT.), NEW EXTERIOR FACADE, INTERIOR REVOVATIONS (44,750 SQ.FT.) AND ASSOCIATED SITE WORK ALL AS PER PANS. **CERTIFIED PLAN CORRECTIONS, CONDITIONAL PERMIT SUBJECT TO FIELD INSPECTION**. GREEN ROOF AREA= 3,138 SQ.FT. 933 E 56TH",0.0,42412.19,836200.0,5.0,1183541.4840906882,1868038.660124667,2015,12,16,0,0,1
421184,2716416,100627933,PERMIT - NEW CONSTRUCTION,2016-02-25T00:00:00.000,2016-02-25T00:00:00.000,3418.0,LINCOLN AVE,,"ERECT MASONRY 18 D.U. BUILDING (3B CONSTRUCTION) WITH 1ST FLOOR OFFICE, GREEN ROOF 1500 SF, 6 EXTERIOR PARKING SPACES ON CONCRETE PAD, 6' HIGH 12'-5"" BY 9'-1"" MASONRY TRASH ENCLOSURE  AS PER PLAN. ** CERTIFIED CORRECTIONS PERMIT** CONDITIONAL APPROVAL ** SUBJECT TO FIELD INSPECTION",0.0,16009.0,831900.0,47.0,1164250.0161758687,1922801.4637483128,2016,02,25,0,0,1
421726,2717521,100628547,PERMIT - RENOVATION/ALTERATION,2016-01-20T00:00:00.000,2016-02-25T00:00:00.000,613.0,47TH ST,,ERECT 28'X50' ADDITION TO EXISTING TOFU PLANT. REPLACE EXISTING ROOF 17' ABOVE GRADE.9CONDITIONAL PERMIT SUBJECT TO FIELD INSPECTIONS),0.0,2075.0,843800.0,11.0,1172929.3657829766,1873688.2739367532,2016,02,25,0,0,1
421914,2717913,100628757,PERMIT - EASY PERMIT PROCESS,2015-12-22T00:00:00.000,2015-12-29T00:00:00.000,4801.0,OAKLEY AVE,,INSTALLATION OF 4 CONCRETE PADS TO EXISTING MANUFACTURING PLANT.,0.0,325.0,611500.0,15.0,1161885.4001553983,1872778.447355762,2015,12,29,0,0,1
422319,2718879,100629274,PERMIT - NEW CONSTRUCTION,2015-12-29T00:00:00.000,2015-12-30T00:00:00.000,905.0,ORLEANS ST,,"CONSTRUCTION OF LEVELS 5-18 OF NEW 18 STORY BUILDING WITH 202 RESIDEDENTIAL UNITS, PRIVATE PARKING GARAGE FOR 149 CARS, LEASING AND RETAIL ON FIRST FLOOR AND AMENITIES, GREEN ROOF, POOL",0.0,179028.76,838300.0,27.0,1173788.266181516,1906595.961993919,2015,12,30,0,0,1
422403,2719065,100629378,PERMIT - SIGNS,2016-02-11T00:00:00.000,2016-02-24T00:00:00.000,3825.0,VINCENNES AVE,,INSTALLATION OF NON-ILLUMINATED SIGN INTO PLANTER BOX AT HOUSING COMPLEX ENTRANCE,0.0,250.0,360200.0,4.0,1180804.3001049373,1879636.3748855256,2016,02,24,0,0,1
422725,2719695,B100629760,PERMIT – EXPRESS PERMIT PROGRAM,2016-01-05T00:00:00.000,2016-01-05T00:00:00.000,600.0,KINZIE ST,Monthly Maintenance Permit,REQUIRED PM ON THE ELECTRICAL EQUIPMENT INSIDE A CHOCOLATE FACTORY PLANT.,0.0,200.0,243600.0,27.0,1172231.085536217,1902955.411466567,2016,01,05,0,0,1
423438,2721469,100630662,PERMIT - RENOVATION/ALTERATION,2016-02-19T00:00:00.000,2016-07-11T00:00:00.000,3823.0,INDIANA AVE,,"FULL BUILDING: CONSTRUCTION OF NEW ADDITION TO EXISTING CHURCH FOR NEW SANCTUARY AND ADMINISTRATION BUILDING. FOUNDATION UNDER PERMIT 100614487.  ALSO TO INCLUDE 12,652 SQ FT OF INTERIOR ALTERATIONS TO EXISTING CHURCH.  12,598 SF OF GREEN ROOF",0.0,62897.22,839600.0,3.0,1178270.6860515147,1879582.6373395936,2016,07,11,0,0,1
424303,2723629,100631698,PERMIT - RENOVATION/ALTERATION,2016-01-20T00:00:00.000,2016-01-29T00:00:00.000,640.0,LA SALLE DR,,ALTERATIONS TO EXISTING BUILDING FOR NEW ROOFTOP AMENITY DECK AND CONNECTION TO ADJACENT RESIDENTIAL BUILDING (637 N WELLS/167 W ERIE) AS PER PLANS.GREEN ROOF AREA INSTALLATION,0.0,15667.1,81700.0,42.0,1174981.1119688624,1904599.254484082,2016,01,29,0,0,1
424534,2724174,100631973,PERMIT - RENOVATION/ALTERATION,2016-01-21T00:00:00.000,2016-01-21T00:00:00.000,11601.0,TOUHY AVE,,"REPLACEMENT OF CHILLERS 1, 2, 3, 4 & 5 AND SOUTH COOLING TOWER UPGRADE AND UPGRADE OF CHILLED WATER PUMPING SYSTEMS. WORK WILL OCCUR IN THE EXISTING TERMINAL BUILDINGS, THE HEATING AND REFRIGERATION PLANT AND THE SOUTH COOLING TOWER.11601 WEST TOUHY AVENUE",0.0,2929.06,,41.0,1098098.5774643964,1945979.209781826,2016,01,21,0,0,1
424606,2724334,100632056,PERMIT - NEW CONSTRUCTION,2016-02-23T00:00:00.000,2016-09-30T00:00:00.000,1245.0,15TH ST,,"NEW 5 STORY + BASEMENT CLIMATE CONTROLLED SELF STORAGE BUILDING, CLASS H-2 MODERATE HAZARD STORAGE WITH ACCESSORY CLASS E BUSINESS USE, SPRINKLERED BASEMENT TYPE I-C CONSTRUCTION, WITH NO OFF-STREET PARKING SPACES AND 4 OFF-STREET LOADING SPACES PER PLANS. (GROSS AREA OF GREEN ROOF: 9232 SQ FT)",0.0,40222.05,842900.0,25.0,1168173.864925315,1892833.6296868129,2016,09,30,0,0,1
424867,2725135,100632510,PERMIT - RENOVATION/ALTERATION,2016-02-08T00:00:00.000,2016-02-19T00:00:00.000,500.0,33RD ST,,EXISTING BOILER PLANT TO BE REMODELED AS PER PLANS,0.0,4895.86,351000.0,4.0,1180445.5503517557,1883229.147207107,2016,02,19,0,0,1
424887,2725186,100632543,PERMIT - RENOVATION/ALTERATION,2016-02-05T00:00:00.000,2016-02-26T00:00:00.000,108.0,STATE ST,,GREEN ROOF INSTALLATION PERMIT AS PER PLANS** CERTIFIED CORRECTIONS** CONDITIONAL PERMIT** SUBJECT TO FIELD INSPECTION,0.0,6975.0,839100.0,42.0,1176312.759648502,1900898.416336081,2016,02,26,0,0,1
425394,2726354,B100633157,PERMIT – EXPRESS PERMIT PROGRAM,2016-01-28T00:00:00.000,2016-01-28T00:00:00.000,2420.0,HALSTED ST,Electrical Work,INSTALL NEW 25A DC CIRCUIT BREAKER PER RRU UNIT (3) INSIDE EXISTING 48V DC POWER PLANT; INSTALL NEW #8 AWG DC CONDUCTOR BETWEEN NEW CIRCUIT BREAKER AND EXISTING RAYCAP SURGE PROTECTION UNIT INSIDE EXISTING DC POWER CABINETS FOR AT&T CELL SITE IL1250.,0.0,75.0,600500.0,11.0,1171343.3525164733,1888172.8358442408,2016,01,28,0,0,1
425621,2726865,B100633453,PERMIT – EXPRESS PERMIT PROGRAM,2016-02-01T00:00:00.000,2016-02-01T00:00:00.000,150.0,MICHIGAN AVE,Electrical Work,INSTALL 200A PANEL FROM METER BANK.  INSTALL 4 30AMP CIRCUITS FOR VERIZON WIRELESS POWER PLANT. INSTALL NEW GROUND BAR FROM HOGAN GROUND.  INSTALL 2 20AMP CIRCUITS FOR NEW MAKE UP AIR UNITS.,0.0,150.0,320100.0,34.0,1177240.6194939858,1901309.9619283949,2016,02,01,0,0,1
425792,2727211,B100633639,PERMIT – EXPRESS PERMIT PROGRAM,2016-02-02T00:00:00.000,2016-02-02T00:00:00.000,600.0,KINZIE ST,Monthly Maintenance Permit,REQUIRED PM ON ELECTRICAL EQUIPMENT INSIDE A CHOCOLATE FACTORY PLANT. - WIRE NEW PUMPING FILTER - CONCH RM.  - WIRE NEW LEVEL SENSORS FOR STORAGE TANKS.,0.0,750.0,243600.0,27.0,1172231.085536217,1902955.411466567,2016,02,02,0,0,1
425848,2727384,B100633701,PERMIT – EXPRESS PERMIT PROGRAM,2016-02-02T00:00:00.000,2016-02-02T00:00:00.000,4201.0,69TH ST,Monthly Maintenance Permit,ELECTRICAL PLANT MAINTENANCE,0.0,150.0,650500.0,23.0,1149547.6877892057,1858469.1040234976,2016,02,02,0,0,1
427838,2731666,B100635955,PERMIT – EXPRESS PERMIT PROGRAM,2016-02-19T00:00:00.000,2016-02-19T00:00:00.000,2345.0,SHEFFIELD AVE,Electrical Work,REPLACE EXISTING DC POWER PLANT FOR AT&T EQUIPMENT,0.0,75.0,71100.0,43.0,1169269.2326101502,1915954.9884795323,2016,02,19,0,0,1
428075,2732203,100636238,PERMIT - NEW CONSTRUCTION,2016-07-29T00:00:00.000,2016-10-28T00:00:00.000,2029.0,GEORGE ST,,ERECT NEW IIIB 2 STORY + BASEMENT SINGLE FAMILY HOME AND ATTACHED 2 CAR GARAGE PER PLANS. ** RAINWATER HARVESTING ** NO PV OR GREEN ROOF INSTALLATION INCLUDED.** CONDITIONAL PERMIT PENDING STANDARDS AND TESTS APPROVAL FOR RAINWATER HARVESTING**,0.0,3328.0,51400.0,32.0,1162198.5078701356,1919212.5587642095,2016,10,28,0,1,1
428966,2734113,100637365,PERMIT - NEW CONSTRUCTION,2016-03-23T00:00:00.000,2016-08-25T00:00:00.000,2854.0,BELMONT AVE,,"NEW 3-STORY WITH BASEMENT 9-DWELLING UNIT BUILDING, WITH ROOF DECK AND ROOFTOP STAIR ENCLOSURE AND ERECT REAR DETACHED THREE 3-CAR PRIVATE GARAGE WITH 5-OPEN PARKING SPACES FOR A TOTAL OF 14-PARKING SPACES ON SITE AND GREEN ROOF AS PER PLANS**CERTIFIED CORRECTIONS- - SUBJECT TO FIELD INSPECTIONS & AUDIT **",0.0,18677.5,210100.0,33.0,1156555.4465200088,1921176.239439658,2016,08,25,0,0,1
432595,2741574,100641674,PERMIT - RENOVATION/ALTERATION,2016-04-01T00:00:00.000,2016-05-17T00:00:00.000,340.0,RANDOLPH ST,,INSTALL NEW CHILLER PLANT ON THE 63RD FLOOR AND ROOF OF EXISTING 63-STORY CONDOMINIUM HIGH RISE(CONDITIONAL PERMIT SUBJECT TO FIELD INSPECTIONS),0.0,1294.88,320100.0,42.0,1178696.5509724612,1901356.2180262883,2016,05,17,0,0,1
433436,2743221,B100642680,PERMIT – EXPRESS PERMIT PROGRAM,2016-03-31T00:00:00.000,2016-03-31T00:00:00.000,1750.0,PETERSON AVE,Electrical Work,INSTALL ONE 25 AMP DC CIRCUIT BREAKER PER RRU UNIT INSIDE EXISTING 48V DC POWER PLANT (3 TOTAL).  INSTALL NEW SURGE PROTECTION INSIDE FIF RACK; PROVIDE 2 SETS OF 6 8 AWG DC CONDUCTORS BETWEEN NEW CIRCUIT BREAKERS AND EXISTING RAYCAP SURGE PROTECTION UNIT.,0.0,75.0,30300.0,40.0,1163579.47047826,1939961.5353972767,2016,03,31,0,0,1
433710,2743756,B100643018,PERMIT – EXPRESS PERMIT PROGRAM,2016-04-04T00:00:00.000,2016-04-04T00:00:00.000,600.0,KINZIE ST,Monthly Maintenance Permit,"PM ON ELECTRICAL EQUIPMENT INSIDE A CHOCOLATE FACTORY PLANT, WIRE RELOCATED KIBBLE REWORK STATION, WIRE RELOCATED TANKS 314-316.",0.0,450.0,243600.0,27.0,1172231.085536217,1902955.411466567,2016,04,04,0,0,1
435197,2746655,100644823,PERMIT - NEW CONSTRUCTION,2016-04-13T00:00:00.000,2016-04-14T00:00:00.000,6300.0,UNIVERSITY AVE,,"NEW CONSTRUCTION OF A THREE-STORY, STEEL FRAMED, MASONRY CLAD MIDDLE /HIGH SCHOOL FOR U OF C CHARTER SCHOOLS. SURFACE PARKING FOR 25 CARS, TRASH ENCLOSURE AND FENCE. SCOPE FOR THIS PHASE INCLUDES NEW BUILDING, PARKING LOT, AND ASSOCIATED LANSCAPE AROUND BLDG.. ATHLETIC FIELD NOT IN SCOPE. ** GREEN ROOF AREA = 7,070 SQ.FT. ** 6300 S UNIVERSITY.",0.0,29857.79,834400.0,20.0,1184975.0152335484,1863445.5047990724,2016,04,14,0,0,1
435882,2748066,100645635,PERMIT - NEW CONSTRUCTION,2016-06-21T00:00:00.000,2016-06-21T00:00:00.000,1400.0,WASHINGTON BLVD,,"NEW CONSTRUCTION OF A 3-STORY BUILDING WITH PENTHOUSE AND 3,835SF GREEN ROOF, FOR JAC TRAINING FACILITY. (TRADE SCHOOL)",0.0,16376.91,833000.0,27.0,1166955.9520658709,1900672.0930633033,2016,06,21,0,1,1
435905,2748108,100645662,PERMIT - SIGNS,2016-05-18T00:00:00.000,2016-06-14T00:00:00.000,333.0,WACKER DR,,NON ILLUMINATED CHANNEL LETTERS MOUNTED TO PLANTER NORTH ELEVATION,0.0,250.0,839100.0,42.0,1174051.3997502471,1901828.452681864,2016,06,14,0,0,1
435909,2748113,100645666,PERMIT - NEW CONSTRUCTION,2016-06-08T00:00:00.000,2016-11-23T00:00:00.000,3140.0,OGDEN AVE,,"RENOVATION/ALTERATION PERMIT:ERECT 1(ONE) STORY ADDITION TO EXISTING DAYCARE FACILITY TO INCLUDE 7,015 SF GREEN ROOF INSTALLATION WITH INTERIOR ALTERATIONS TO EXISTING FACILITY AND SITE UPGRADES AS PER PLANS.",0.0,9245.55,841500.0,24.0,1155540.6125836226,1891621.6647703853,2016,11,23,0,0,1
438223,2752801,B100648397,PERMIT – EXPRESS PERMIT PROGRAM,2016-05-04T00:00:00.000,2016-05-04T00:00:00.000,600.0,KINZIE ST,Monthly Maintenance Permit,"PM ON ELECTRICAL EQUIPMENT INSIDE A CHOCOLATE FACTORY PLANT; WIRE RELOCATED TOTES FILL STATION PANEL; WIRE RELOCATED STORAGE TANKS 314-316, AS PER PLANS.",0.0,450.0,243600.0,27.0,1172231.085536217,1902955.411466567,2016,05,04,0,0,1
438297,2752945,100648482,PERMIT - EASY PERMIT PROCESS,2016-05-05T00:00:00.000,2016-05-05T00:00:00.000,25.0,SUPERIOR ST,,WORK AT EAST ELEVATION-2ND FLOOR PLANTER BOX ONLY: WATERRPOOFING REPAIRS ALL WORK SAME AS EXISTING (NO STRUCTURAL WORK); SUBJECT TO FIELD INSPECTIONS,0.0,550.0,81500.0,42.0,1176537.1857163373,1905332.5609743055,2016,05,05,0,0,1
438340,2753003,100648530,PERMIT - NEW CONSTRUCTION,2016-05-06T00:00:00.000,2016-05-06T00:00:00.000,640.0,WELLS ST,,"NEW CONSTRUCTION - FULL BUILDING FOR A PROPOSED 23 STORY 250 UNIT RESIDENTIAL MIXED USE BUILDING. INCLUDES STRUCTURED PARKING WITH 141 SPACES (W/ GROUND FLOOR COMMERCIAL) PER PLANS. {FOUNDATION AND SUPERSTRUCTURE UNDER SEPARATE PERMIT (#100628596)}. GREEN ROOF AREA = 8,221 SQ.FT. 640 N WELLS.",0.0,199819.09,81800.0,42.0,1174580.7776819305,1904614.430656799,2016,05,06,0,0,1
439294,2754930,100649756,PERMIT - RENOVATION/ALTERATION,2016-06-20T00:00:00.000,2016-11-14T00:00:00.000,2126.0,DAYTON ST,,"ERECT PATIO, LANDSCAPE STEPS, FENCE, AND SLIDING DOORS FOR TWO PRIVATE PARKING SPACE ON NORTH PART OF THE PROPERTY; ERECT PLANTERS AND FENCE IN THE FRONT YARD FOR THE EXIST. SFR. AS PER PLANS.",0.0,1470.31,71100.0,43.0,1170229.2989610224,1914470.2850889808,2016,11,14,0,0,1
440666,2757603,100651389,PERMIT - NEW CONSTRUCTION,2016-09-06T00:00:00.000,2016-09-06T00:00:00.000,625.0,ADAMS ST,,"***DIRECT DEVELOPER PILOT PROGRAM***NEW CONSTRUCTION OF 20-STORY OFFICE BUILDING WITH 5 LEVELS OF ABOVE GROUND PARKING AND 22,452SF OF GREEN ROOF. FOUNDATION UNDER SEPARATE PERMIT 100634194",0.0,378443.75,281900.0,42.0,1172055.137252305,1899307.7121644176,2016,09,06,0,0,1
440769,2757795,100651522,PERMIT - NEW CONSTRUCTION,2016-06-06T00:00:00.000,2016-10-06T00:00:00.000,2407.0,EASTWOOD AVE,,NEW 5 STORY BUILDING. 40 RESIDENTIAL UNITS WITH 1 RETAIL UNIT ON FIRST FLOOR W/10 CAR GARAGE AS PER PLANS. - INCLUDES A GREEN ROOF***FOUNDATION PERMIT UNDER PERMIT #100646489**CERTIFIED CORRECTIONS- - SUBJECT TO FIELD INSPECTIONS & AUDIT **,0.0,32070.56,40700.0,47.0,1159437.636905237,1930721.8241872613,2016,10,06,0,0,1
442100,2760539,B100653158,PERMIT – EXPRESS PERMIT PROGRAM,2016-06-02T00:00:00.000,2016-06-02T00:00:00.000,600.0,KINZIE ST,Monthly Maintenance Permit,SCHEDULED PM ON ELECTRICAL EQUIPMENT INSIDE A CHOCOLATE FACTORY PLANT. REWIRE EXISTING SUGAR GRINDER. WIRE POWER FOR THE AUTOMATIC CONVEYING SYSTEM - COCOA DEP.,0.0,525.0,243600.0,27.0,1172231.085536217,1902955.411466567,2016,06,02,0,0,1
443041,2762576,100654380,PERMIT - RENOVATION/ALTERATION,2016-06-22T00:00:00.000,2016-06-22T00:00:00.000,1664.0,DIVISION ST,,***DIRECT DEVELOPER SERVICES*** REVISION TO PERMIT NUMBER 100633291; REVISIONS INCLUDE: UNIT HVAC HAS BEEN REVISED TO BE GAS-FIRED FORCED AIR FURNACES; UNIT LAYOUTS HAVE BEEN REVISED TO REFLECT HVAC REVISION; EXTERIOR ELEVATIONS HAVE BEEN REVISED TO REFLECT HVAC REVISION; 2ND FLOOR ROOF TERRACES / GREEN ROOF REVISED THRU V.E. PROCESS; AMENITY AND FITNESS ROOMS RELOCATED TO 6TH FLOOR; BLACK IRON DUCT ADDED; ALL AS PER PLANS,0.0,2214.0,241400.0,1.0,1164833.0685189522,1908092.5621695416,2016,06,22,0,0,1
443598,2763895,100655125,PERMIT - RENOVATION/ALTERATION,2016-08-17T00:00:00.000,2016-08-18T00:00:00.000,4901.0,IRVING PARK RD,,"INTERIOR ALTERATION AND EXTERIOR RENOVATION OF 2-STORY, 67000 SQUARE FOOT BUILDING TO INCLUDE CREATING DEMISED SPACES, NEW BASIC ELECTRICAL, MECHANICAL AND PLUMBING WORK,NEW ROOFING, GREEN ROOF SYSTEMS,NEW WINDOWS, NEW EXIT DOORS, SITE WORK AND CLEANING/ RESTORING EXISTING MASONRY FACADE, LANDSCAPING, CURB CUTS AND PARKING LOT IMPROVEMENTS.",0.0,31224.23,150800.0,45.0,1142947.4554301333,1926103.0838926,2016,08,18,0,0,1
444704,2766160,100656481,PERMIT - RENOVATION/ALTERATION,2016-12-06T00:00:00.000,2016-12-13T00:00:00.000,427.0,LA SALLE ST,,"INSTALLATION OF EXTENSION OF EXISTING ROOFTOP PLATFORM SUPPORTING EXISTING ROOF EQUIPMENT TO SUPPORT NEW ROOFTOP MECHANICAL ROOM. NEW ROOM TO HOUSE CHILLER PLANT, NEW CONDENSER, AND NEW STRUCTURAL SUPPORT AT EXISTING 8 STORY OFFICE BUILDING AS PER PLANS",0.0,842.63,839100.0,4.0,1175359.2283735732,1898264.3332538356,2016,12,13,0,0,1
446553,2769784,B100658657,PERMIT – EXPRESS PERMIT PROGRAM,2016-07-07T00:00:00.000,2016-07-07T00:00:00.000,600.0,KINZIE ST,Monthly Maintenance Permit,1. REQUIRED PM ON ELECTRICAL EQUIPMENT INSIDE A CHOCOLATE FACTORY PLANT. 2. WIRE NEW BRANCH CIRCUIT FOR THE AIR HANDLING UNIT - PRESSES.,0.0,450.0,243600.0,27.0,1172231.085536217,1902955.411466567,2016,07,07,0,0,1
446656,2769989,100658784,PERMIT - NEW CONSTRUCTION,2016-07-08T00:00:00.000,2016-07-11T00:00:00.000,451.0,GRAND AVE,,"NEW CONSTRUCTION: FULL BUILDING PERMIT FOR A 68-STORY HIGH-RISE RESIDENTIAL CONDOMINIUM AND APARTMENT BUILDING WITH AMENITY FLOORS AND DECK. 348 DWELLING UNITS WITH ACCESS TO EXISING SUBGRADE STRUCTURED PARKING ALL AS PER PLANS. STRUCTURAL PEER REVIEW. FOUNDATION UNDER PERMIT #100639176. **GREEN ROOF = 2,327 SF 451 EAST GRAND.",263020.0,492178.14,81402.0,42.0,1179628.511570214,1903966.7269254432,2016,07,11,0,0,1
448672,2773978,100661139,PERMIT - EASY PERMIT PROCESS,2016-07-22T00:00:00.000,2016-07-22T00:00:00.000,1823.0,BISSELL ST,,"FORM & POUR NEW 36"" WIDE, 12"" THICK CONCRETE FOOTINGS 42"" BELOW GRADE AND POUR 8"" CONCRETE WALL FOR NEW BUILT IN GRILL AND COUNTER 36"" HIGH WITH WOOD STORAGE AREA 15'-0"" LONG AND (2) 18"" HIGH PLANTERS ALONG (1) 4'-0"" LONG AND (1) L SHAPED 2'-0"" LONG NORTH PROPERTY LINE.",0.0,525.0,832600.0,43.0,1169726.2916013526,1912154.524378566,2016,07,22,0,0,1
448745,2774117,100661217,PERMIT - RENOVATION/ALTERATION,2016-08-15T00:00:00.000,2017-09-14T00:00:00.000,1550.0,STATE PKWY,,"PROPOSED ACCESSORY PRIVATE ROOF DECK ACCESSED BY SINGLE UNIT 104, WITH SUPPORTING STEEL STRUCTURE, STATIONARY PLANTERS, NEW STEEL PERGOLA & DOOR & WINDOW REPLACEMENT TO UNIT 104  - RESIDENTIAL CLASS A-2 MULTIPLE DWELLING (23 UNITS) PER PLANS **CERTIFIED PLANS CORRECTIONS: CONDITIONAL PERMIT SUBJECT TO FIELD INSPECTIONS **",0.0,1575.0,80201.0,2.0,1175956.5134418255,1910951.741657649,2017,09,14,0,0,1
449590,2775625,100662222,PERMIT - EASY PERMIT PROCESS,2016-07-28T00:00:00.000,2016-07-28T00:00:00.000,700.0,107TH ST,,"INSTALL ONE 200 TON AMMONIA HEAT EXCHANGER(ALFA LAVAL), AND ONE 70 TON EXCHANGER(CHESTER JENSEN), AND ALL ASSOCIATED AMMONIA PIPING. EXCHANGERS ARE SERVING A EGG PROCESSING PLANT. WHEN WORK IS COMPLETE CALL SUPERVISOR BOB O'MARA(312)743-7226 FOR AN INSPECTION.",0.0,600.0,500200.0,9.0,1182848.369752501,1833928.96707025,2016,07,28,0,0,1
449768,2775930,100662427,PERMIT - RENOVATION/ALTERATION,2016-08-02T00:00:00.000,2016-08-02T00:00:00.000,403.0,WABASH AVE,,"DEMOLITION ONLY: NON-STRUCTURAL DEMOLITION OF AN EXISTING PLAZA ABOVE A 4 LEVEL PARKING GARAGE INCLUDING REMOVAL OF PLANTERS, PAVING AND SITE ELEMENTS FOR FUTURE CONSTRUCTION",0.0,875.11,81500.0,42.0,1176705.2336147309,1903077.5214759724,2016,08,02,0,0,1
450411,2777142,100663200,PERMIT - SIGNS,2016-09-23T00:00:00.000,2016-10-17T00:00:00.000,355.0,ERIE ST,,E ONTARIO ST / N MCCLURG CT.  SIGN TYPE ST01- 02.  SINGLE FACE INTERNALLY ILLUMINATED CHANNEL LETTERS MOUNTED TO ALUMINUM WIREWAY.  SIGN INSTALLED ON PLANTER.,0.0,400.0,81401.0,42.0,1178960.4478820532,1904823.6718080523,2016,10,17,0,0,1
450447,2777220,100663259,PERMIT - SIGNS,2016-09-23T00:00:00.000,2017-02-13T00:00:00.000,355.0,ERIE ST,,E ERIE ST.  SIGN TYPE ST01-01.  SINGLE FACE INTERNALLY ILLUMINATED CHANNEL LETTERS MOUNTED TO ALUMINUM WIREWAY.  SIGN INSTALLED ON PLANTER,0.0,400.0,81401.0,42.0,1178960.4478820532,1904823.6718080523,2017,02,13,0,0,1
450496,2777307,100663313,PERMIT - SIGNS,2016-09-23T00:00:00.000,2017-02-13T00:00:00.000,355.0,ERIE ST,,E ERIE ST.  SIGN TYPE ST02-01.  DOUBLE FACE INTERNALLY ILLUMINATED WAYFINDING SIGN.  SIGN INSTALLED ON PLANTER.,0.0,300.0,81401.0,42.0,1178960.4478820532,1904823.6718080523,2017,02,13,0,0,1
450497,2777308,100663314,PERMIT - SIGNS,2016-09-23T00:00:00.000,2016-10-17T00:00:00.000,355.0,ERIE ST,,N MCCLURG CT.  SIGN TYPE ST02-02.  DOUBLE FACE INTERNALLY ILLUMINATED WAYFINDING SIGN.  SIGN INSTALLED IN PLANTER (BY OTHERS).,0.0,300.0,81401.0,42.0,1178960.4478820532,1904823.6718080523,2016,10,17,0,0,1
451090,2778577,100664021,PERMIT - EASY PERMIT PROCESS,2016-08-09T00:00:00.000,2016-08-12T00:00:00.000,189.0,LAKE SHORE DR,,REMOVE\REPLACE ROOF DECK & PLANTERS ON ROOF OF EXISTING 18 STORY CONDO BUILDING.,0.0,250.0,81202.0,2.0,1177830.651559491,1907233.7977824337,2016,08,12,0,0,1
451132,2778648,100664069,PERMIT - RENOVATION/ALTERATION,2016-09-22T00:00:00.000,2016-11-10T00:00:00.000,1544.0,NORTH AVE,,INTERIOR ALTERATIONNS TO EXISTING PERMITTED BUILDING PER PLANTS,0.0,2350.0,842300.0,32.0,1165605.9107951678,1910771.3826627363,2016,11,10,0,0,1
451632,2779644,100664654,PERMIT - RENOVATION/ALTERATION,2017-02-24T00:00:00.000,2017-02-24T00:00:00.000,855.0,WELLS ST,,"FOUNDATION ONLY OF A 4-STORY OFFICE BUILDING WITH MECHANICAL PENTHOUSE AND BASEMENT AND ASSOCIATED SITE WORK AS PER PLANS. ***(1,574 SQ. FT. GREEN ROOF) (STRUCTURAL PEER REVIEW)***",0.0,6094.2,81000.0,2.0,1174609.0061315263,1906286.531891029,2017,02,24,0,0,1
452747,2781834,100666018,PERMIT - NEW CONSTRUCTION,2016-12-15T00:00:00.000,2016-12-15T00:00:00.000,1920.0,MILWAUKEE AVE,,"FULL BUILDING PHASE- INTERIOR BUILD-OUT OF NEW 7 STORY 44 UNIT RESIDENTIAL BUILDING WITH GROUND FLOOR RETAIL AND INSTALLATION OF 3,775 SF GREEN ROOF AND BOCCE BALL COURT AT ROOF. FOUNDATION AND SUPERSTRUCTURE (GREEN ROOF STRUCTURE) PERMITTED UNDER 100652264",0.0,21793.94,222200.0,32.0,1160209.208742039,1912752.4855561429,2016,12,15,0,0,1
455158,2786701,100668854,PERMIT - RENOVATION/ALTERATION,2016-10-19T00:00:00.000,2016-12-07T00:00:00.000,3748.0,GREENVIEW AVE,,"REVISION TO PERMIT #100541512, TO ADD AN ACCESSORY MASONRY REAR FIRE PLACE WITH CHIMNEY, PLANTER AND EXTENSION OF NO COMBUSTIBLE REAR DECK TO AN EXISTING SINGLE FAMILY RESIDENCE AND A 6'-0"" HIGH PRIVACY FENCING, AS PER PLANS.**CERTIFIED CORRECTIONS- - SUBJECT TO FIELD INSPECTIONS & AUDIT **",0.0,1200.0,60400.0,44.0,1165599.508100893,1925183.798887806,2016,12,07,0,0,1
456106,2788571,100670004,PERMIT - NEW CONSTRUCTION,2016-10-24T00:00:00.000,2017-06-15T00:00:00.000,657.0,OHIO ST,,"CONSTRUCTION OF NEW TYPE 1A, 4-STORY BUILDING ADDITION TO EXISTING 661 W OHIO ST BUILDING. BUILDING ADDITION USE TO BE CLASS H-3, GARAGE, ON FIRST FLOOR AND CLASS E, BUSINESS ON SECOND-FOURTH FLOORS. INCLUDES 330 SF OF VEGETATED GREEN ROOF.",0.0,2875.0,842300.0,27.0,1171674.1369958937,1904050.895654213,2017,06,15,0,0,1
456576,2789478,100670584,PERMIT - WRECKING/DEMOLITION,2016-09-20T00:00:00.000,2016-10-04T00:00:00.000,3245.0,103RD ST,,WRECK AND REMOVE SILOS #7 AND #18 AND BARGE LOADER AT THE FORMER CARMUESE LIME NORTH PLANT.,0.0,500.0,520200.0,10.0,1199938.289287632,1837206.8659084495,2016,10,04,0,0,1
456843,2789945,100670889,PERMIT - EASY PERMIT PROCESS,2016-09-21T00:00:00.000,2016-09-21T00:00:00.000,1414.0,WELLS ST,,WORK TO INCLUDE ADDRESSES AT 1414 & 1450 N. WELLS. CAULKING & TUCKPOITNING. REPAIRS TO A MASONRY PLANT BOX.,0.0,250.0,80300.0,27.0,1174403.594256983,1909875.803100136,2016,09,21,0,0,1
458199,2792414,100672553,PERMIT - SIGNS,2016-11-09T00:00:00.000,2016-11-29T00:00:00.000,1101.0,43RD ST,,"NORTH: 14'-3"" X 7' EXISTING MONUMENT SIGN - FACE REPLACEMENT ONLY ""ARDAGH GROUP - CHICAGO PLANT""",0.0,240.0,842600.0,11.0,1169642.1478246734,1876245.9171739465,2016,11,29,0,0,1
458443,2792949,100672875,PERMIT - NEW CONSTRUCTION,2016-11-25T00:00:00.000,2017-02-08T00:00:00.000,46.0,OAK ST,,GREEN ROOF INSTALLATION INCLUDED (WILL PROVIDE 1084 SF OF VEGETATION) ** NEW 4 STORY RETAIL BUILDING WITH PARTIAL BASEMENT FOR A SINGLE TENANT AS PER PLAN,0.0,3530.0,81201.0,42.0,1176634.7130422734,1907264.3857171503,2017,02,08,0,0,1
458519,2793125,100672969,PERMIT - NEW CONSTRUCTION,2016-10-20T00:00:00.000,2017-04-19T00:00:00.000,3355.0,DR MARTIN L KING JR DR,,"ERECT 1-STORY TYPE II-NON COMBUSTIBLE BLDG WITH 1,665 SF GREEN ROOF FOR RESTAURANT USE/TENANT AS PER PLANS.",0.0,2875.0,351000.0,4.0,1179505.3540223818,1882656.742486625,2017,04,19,0,0,1
458991,2793975,B100673521,PERMIT – EXPRESS PERMIT PROGRAM,2016-10-05T00:00:00.000,2016-10-05T00:00:00.000,600.0,KINZIE ST,Monthly Maintenance Permit,SCHEDULED PM ON ELECTRICAL EQUIPMENT INSIDE A CHOCOLATE FACTORY PLANT. INSTALL NEW SYSTEM FOR SPILL PREVENTION - CONCH RM.,0.0,750.0,243600.0,27.0,1172231.085536217,1902955.411466567,2016,10,05,0,0,1
459466,2794902,100674105,PERMIT - RENOVATION/ALTERATION,2016-10-25T00:00:00.000,2016-11-22T00:00:00.000,11601.0,TOUHY AVE,,REMOVE AND REPLACE AIR HANDLING UNITS AND ASSOCIATED EQUIPMENT TO INCLUDE ELECTRICAL AND NEW CONCRETE PADS AND STEEL FRAMING AND SUPPORT AT THE MEZZANINE AND BASEMENT AT O'HARE AIPORT H&R PLANT BUILDING AS PER PLAN.  NO PLUMBING WORK.,0.0,7294.28,,41.0,1098098.5774643964,1945979.209781826,2016,11,22,0,0,1
459704,2795320,100674376,PERMIT - NEW CONSTRUCTION,2017-06-27T00:00:00.000,2017-06-27T00:00:00.000,2340.0,CALIFORNIA AVE,,"(DIRECT DEVELOPER SERVICES)  NEW CONSTRUCTION OF A SIX (6) STORY RESIDENTIAL BUILDING (138 DWELLING UNITS) TO INCLUDE 1ST FLOOR PARKING (44 PARKING SPACES + 138 BIKE SPACES), RETAIL AND ASSOCIATED SITE WORK AS PER PLANS.  GREEN ROOF AREA IS 10,180 SQ. FT.",0.0,105032.52,221300.0,1.0,1157271.9085606418,1915543.3616611245,2017,06,27,0,0,1
460329,2796480,100675123,PERMIT - NEW CONSTRUCTION,2017-04-03T00:00:00.000,2017-05-18T00:00:00.000,1245.0,MONTANA ST,,REVISION TO PERMIT 100661331 REVISION MASONRY GARAGE DESIGN WITH 116 SF GREEN ROOF AND ROOF DECK AS PER PLANS. ** CERTIFIED CORRECTIONS ** CONDITIONAL APPROVAL * SUBJECT TO FIELD INSPECTION,0.0,569.2,70500.0,43.0,1167423.146344248,1916387.4070754375,2017,05,18,0,0,1
461196,2798272,B100676164,PERMIT – EXPRESS PERMIT PROGRAM,2016-10-21T00:00:00.000,2016-11-01T00:00:00.000,10510.0,ZEMKE RD,Fire Alarm System,"NON REQUIRED LOW VOLTAGE FIRE ALARM AT O'HARE BUILDING #450, HEATING & REFRIGERATION PLANT",0.0,150.0,760900.0,41.0,1105513.399912656,1941088.2801346,2016,11,01,0,0,1
461854,2799374,100676911,PERMIT - NEW CONSTRUCTION,2017-01-11T00:00:00.000,2017-04-19T00:00:00.000,1945.0,CICERO AVE,,"NEW CONSTRUCTION OF A ONE(1) STORY RETAIL BUILDING WITH DRIVE-THRU TO INCLUDE 3,100 SF GREEN ROOF AS PER PLANS",0.0,1865.3,191000.0,36.0,1144121.430855071,1912691.5303588829,2017,04,19,0,0,1
462057,2799786,100677154,PERMIT - EASY PERMIT PROCESS,2016-10-27T00:00:00.000,2016-10-27T00:00:00.000,4700.0,CALIFORNIA AVE,,WRECK AND REMOVE THE REMAINDER OF RC BOTTLING PLANT THAT WAS LEFT TO ALLOW COM ED EQUIPMENT REMOVAL.  BUILDING IS APPROX 30 X 20 X 10.  PREVIOUS STRUCTURE WAS REMOVED WITH PERMIT 100474718,0.0,250.0,842800.0,14.0,1158454.753779478,1873352.2948819357,2016,10,27,0,0,1
462653,2801027,100677902,PERMIT - EASY PERMIT PROCESS,2016-11-02T00:00:00.000,2016-11-02T00:00:00.000,3930.0,PINE GROVE AVE,,INSTALL CLADDING @ FIRST FLOOR & WATER PROOF PLANTERS @ FIRST FLOOR.,0.0,550.0,60800.0,46.0,1170651.071094036,1926490.3695479727,2016,11,02,0,0,1
463325,2802439,100678704,PERMIT - EASY PERMIT PROCESS,2016-11-08T00:00:00.000,2016-11-08T00:00:00.000,3604.0,59TH ST,,"PUMP DOWN AND REMOVE THREE EVAPORATORS #23,#24,#25 AND REPLACE WITH ONE NEW COLMAC 16 TON EVAPORATOR TO SERVE THE MID PLANT LOCATION.INSTALL ONE HANSEN AIR PURGER IN THE MACHINE ROM. CONTRACTOR TO REPIPE AND NITROGEN TEST SYSTEM.",0.0,750.0,620400.0,23.0,1153256.9162579027,1865288.8743977505,2016,11,08,0,0,1
464168,2804124,100679759,PERMIT - NEW CONSTRUCTION,2016-12-16T00:00:00.000,2016-12-20T00:00:00.000,12600.0,TORRENCE AVE,,"FOUNDATION SYSTEMS ONLY, FOR PROPOSED TWO-STORY ADDITION TO EXISTING MANUFACTURING PLANT SUPPORTED BY BELLED CAISSONS 12' BELOW GRADE. THE WORK WILL NOT UTILIZE EART RETENTION SYSTEMS. STRUCTURAL PEER REVIEW.",0.0,8427.0,550200.0,10.0,1195820.2580787956,1821874.2672059909,2016,12,20,0,0,1
464675,2805118,100680356,PERMIT - RENOVATION/ALTERATION,2017-11-06T00:00:00.000,2017-11-06T00:00:00.000,939.0,FULTON MARKET,,"INTERIOR/EXTERIOR ALTERATIONS TO AN EXISTING 3-STORY HEAVY TIMBER BUILDING WITH RETAIL ON 1ST FLOOR AND OFFICES ON 2ND AND 3RD FLOORS; NEW ROOF TOP DECK; GREEN ROOF INSTALLATION (4,106 SF VEGETATED AREA) AS PER PLANS. [CORE / SHELL]",0.0,32306.79,833000.0,27.0,1169957.751958273,1902020.0705706568,2017,11,06,0,0,1
464971,2805598,100680695,PERMIT - NEW CONSTRUCTION,2016-12-20T00:00:00.000,2016-12-20T00:00:00.000,2136.0,MAGNOLIA AVE,,NEW ONE-STORY MASONRY DETACHED GARAGE WITH FIREPLACE AND GREEN ROOF. NO WORK TO PRINCIPAL BUILDING (SINGLE FAMILY HOME).,0.0,725.0,832500.0,2.0,1167584.9170677392,1914499.749531839,2016,12,20,0,0,1
465104,2805935,100680846,PERMIT - EASY PERMIT PROCESS,2016-11-22T00:00:00.000,2016-11-22T00:00:00.000,1000.0,PERSHING RD,,"REPLACE TWO AMMONIA EVAPORATORS EV-73, EV-74 WITH TWO NEW COLMAC EVAPORATORS LOCATED IN THE PICKLE COOLER (MAIN PLANT). WORK TO INCLUDE ALL PIPING, ACCESSORIES, TESTING, START UP.",0.0,600.0,839900.0,11.0,1170253.4697245013,1879012.7263784185,2016,11,22,0,0,1
465392,2806567,100681213,PERMIT - NEW CONSTRUCTION,2017-04-27T00:00:00.000,2017-04-27T00:00:00.000,508.0,DIVERSEY PKWY,,DIRECT DEVELOPER SERVICES FOR NEW TWELVE STORY BUILDING WITH FULL BASEMENT FOR STORAGE & MEP FIRST FLOOR RETAIL PARKING FLOORS TWO AND THREE FLOOR 4 - 11 TO BE 53 RESIDENTIAL UNITS AND 12TH FLOOR AMENITY DECK WITH GREEN ROOF AND 54 INDOOR PARKING SPACES AS PER PLANS,0.0,80009.76,63301.0,44.0,1172418.6316669183,1918923.3647658497,2017,04,27,0,0,1
465816,2807433,100681693,PERMIT - NEW CONSTRUCTION,2017-01-09T00:00:00.000,2017-01-20T00:00:00.000,12600.0,TORRENCE AVE,,FULL BUILDING PERMIT FOR PROPOSED 2-STORY LOCKER ROOM AND OFFICE ADDITION TO EXISTING FORD MANUFACTURING PLANT. (FOUNDATION PERMIT #100679759),0.0,5464.0,550200.0,10.0,1195820.2580787956,1821874.2672059909,2017,01,20,0,0,1
469515,2815375,100686030,PERMIT - RENOVATION/ALTERATION,2017-03-30T00:00:00.000,2017-05-09T00:00:00.000,515.0,STATE ST,,"UPGRADES TO EXISTING EXTERIOR AT GRADE PLAZA OF EXISTING OFFICE BUILDING TO INCLUDE LANDSCAPED PLANTERS, BENCHES AND SEATING AS PER PLANS. (STRUCTURAL PEER REVIEW).",0.0,3017.64,81500.0,42.0,1176317.9172462272,1903812.2003528704,2017,05,09,0,0,1
469967,2816478,100686596,PERMIT - RENOVATION/ALTERATION,2017-02-22T00:00:00.000,2017-05-16T00:00:00.000,855.0,WELLS ST,,"SHELL AND CORE OF A 4-STORY OFFICE BUILDING WITH MECHANICAL PENTHOUSE AND BASEMENT AS PER PLANS. **STRUCTURAL PEER REVIEW** (1,574 SQ. FT. GREEN ROOF)** CERTIFIED CORRECTIONS ** CONDITIONAL APPROVAL ** SUBJECT TO FIELD INSPECTION",0.0,6094.2,81000.0,2.0,1174609.0061315263,1906286.531891029,2017,05,16,0,0,1
471095,2818989,100687967,PERMIT - RENOVATION/ALTERATION,2017-02-16T00:00:00.000,2017-02-16T00:00:00.000,9336.0,JEFFERY AVE,,MODIFYING EXISTING WIRELESS INSTALLATION: REPLACE EXISTING ANTENNA ON POS 4. INSTALL 3 NEW 1900 RRUS32 & 3 NEW 850 RRUS. ADD 1 NEW RAYCAP POWER & 1 DC/FIBER DISTRIBUTION UNIT. UPGRADE EXISTING LTE RBS 6501 FOR LTE 4C/5C EQUIPMENT. ADD 2 NEW DC12-48-60-RM. REPLACE EXISTING POWER PLANT & BATTERY. ADD 4 NEW DC POWER & 1 FIBER CABLE.,0.0,1575.0,480400.0,8.0,1191106.452621715,1843294.44865854,2017,02,16,0,0,1
471997,2821111,100689076,PERMIT - RENOVATION/ALTERATION,2017-03-08T00:00:00.000,2017-03-08T00:00:00.000,8927.0,ASHLAND AVE,,REPLACE EXISTING ANTENNA ON POS.4/ INSTALL 3 NEW RRUS32 & 3 NEW 850 RRUS. UPGRADE EXISTING LTE RBS 6601 FOR LTE 4C/5C EQUIPMENT. ADD 1 NEW DC12-48-60-RM. REPLACE EXISTING POWER PLANT. ADD 2 NEW DC POWER AND 1 FIBER CABLE.,0.0,825.0,730201.0,21.0,1167279.266407415,1845366.338696972,2017,03,08,0,0,1
472051,2821207,100689134,PERMIT - RENOVATION/ALTERATION,2017-09-28T00:00:00.000,2017-09-28T00:00:00.000,1000.0,OHIO ST,,"INTERIOR ALTERATIONS ONLY,  CHLORINE SYSTEM IMPROVEMENTS, INSTALL AN ADDITIONAL HIGH CAPACITY EMERGENCY CHLORINE SCRUBBER, REPLACE THE EXISTING HIGH CAPACITY EMERGENCY CHLORINE SCRUBBER, AND UPDATE THE 26 CHLORINATOR CONTROLLERS AND 5 EVAPORATOR CONTROLLERS TO PLCS, ON EXISTING WATER PURIFICATION PLANT AS PER PLANS.(CONDITIONAL PERMIT SUBJECT TO FIELD INSPECTIONS)",0.0,2075.0,81402.0,42.0,1183213.414379655,1904604.8644569567,2017,09,28,0,0,1
472224,2821562,100689329,PERMIT - RENOVATION/ALTERATION,2017-03-14T00:00:00.000,2017-03-14T00:00:00.000,4404.0,BERTEAU AVE,,"REPLACE (3) EXISTING ANTENNAS WITH (3) NEW ANTENNAS (1 PER SECTOR), ADD (3) NEW RADIOS (1 PER SECTOR) REPLACE EXISTING POWER PLANT WITH NEW AND  ASSOCIATED LOW VOLTAGE CABLING TO EXISTING FACILITY LOCATED ON LATTICE TOWER, AS PER PLANS.  AT&T FA# 10008654 / SITE# IL0077.  ELECTRICAL PERMIT# 100687133.  PREVIOUS BUILDING PERMIT# 100622635",0.0,825.0,160200.0,45.0,1146038.7310384407,1927570.6699327112,2017,03,14,0,0,1
472562,2822301,100689757,PERMIT - RENOVATION/ALTERATION,2017-03-16T00:00:00.000,2017-03-16T00:00:00.000,8912.0,GREENWOOD AVE,,ADD (3) NEW RADIOS (1 PER SECTOR) REPLACE EXITING POWER PLANT WITH NEW POWERPLANT WITH ASSOCITED CABLING AT EXISTING FACILITY ON LATTICE TOWER PER PLANS. ATT FA# 100055104/SITE ID# IL0070. ELECTRICAL PERMIT# 100687136 PREVIOUS PERMIT#100489759,0.0,825.0,470100.0,8.0,1185067.2725814716,1846032.573046812,2017,03,16,0,0,1
475772,2828575,B100693512,PERMIT – EXPRESS PERMIT PROGRAM,2017-03-03T00:00:00.000,2017-03-07T00:00:00.000,329.0,PERSHING RD,Electrical Work,PERSHING JERNBERG PLANT   130-48660-02  LOW VOLTAGE PERMIT FOR LOW VOLTAGE CAMERA INSTALLATION,0.0,75.0,370100.0,3.0,1174737.3366132893,1879047.189263851,2017,03,07,0,0,1
475972,2828877,B100693733,PERMIT – EXPRESS PERMIT PROGRAM,2017-03-06T00:00:00.000,2017-03-06T00:00:00.000,600.0,KINZIE ST,Monthly Maintenance Permit,SCHEDULED PM ON ELECTRICAL EQUIPMENT INSIDE A CHOCOLATE FACTORY PLANT; - REWIRE PUMPS AND SCREENS AT DROPS SYSTEM.,0.0,450.0,243600.0,27.0,1172231.085536217,1902955.411466567,2017,03,06,0,0,1
476278,2829382,100694092,PERMIT - RENOVATION/ALTERATION,2017-04-24T00:00:00.000,2017-04-24T00:00:00.000,4200.0,115TH ST,,ADD (3) NEW RADIOS (1 PER SECTOR) REPLACE EXISTING DC POWER PLANT WITH NEW DC POWER PLANT (CABINET) WITH ASSOCIATED CABLING AT EXISTING WIRELESS FACILITY ON MONOPOLE. ATT FA # 10074440 /SITE ID# IL1640. ELECTRICAL PERMIT # 100691984. PREVIOUS PERMIT # 100623363.,0.0,825.0,740400.0,19.0,1150413.9778393852,1828025.1882809708,2017,04,24,0,0,1
476636,2829939,100694494,PERMIT - RENOVATION/ALTERATION,2017-03-17T00:00:00.000,2017-03-17T00:00:00.000,9170.0,LAKE SHORE DR,,"REPLACE 3 EXISTING ANTENNAS ON POS 4. INSTALL 3 NEW 1900 RRUS32 & 3 NEW 850 RRUS. REPLACE EXISTING POWER PLANT. REMOVE GSM (850) CABINET. INSTALL NEW LTE RBS 6601 FOR LTE 4C/ 5C EQUIPMENT. INSTALL 1 NEW DC12-48-60-RM. ADD 1 NEW POWER/FIBER SQUID, 2 NEW DC POWER & 1 FIBER CABLE.",0.0,825.0,461000.0,10.0,1200115.4787069268,1844826.814328137,2017,03,17,0,0,1
476712,2830101,100694578,PERMIT - RENOVATION/ALTERATION,2017-06-01T00:00:00.000,2017-07-27T00:00:00.000,404.0,HARRISON ST,,"ALTERATIONS TO EXISTING SUPPORT BUILDING (COMPRESSOR BUILDING) TO INCLUDE NEW WALLS, DOORS, WINDOWS LOUVERS, CONCREATE EQUIPMENT PADS AND MECHANICAL INFRASTRUCTURE UPGRADES FOR NEW CHILLED WATER COOLING PLANT. (STRUCTURAL PEER REVIEW)",0.0,6975.0,841900.0,25.0,1173575.389241838,1897636.2171001737,2017,07,27,0,0,1
476941,2830498,100694851,PERMIT - RENOVATION/ALTERATION,2017-04-10T00:00:00.000,2017-04-10T00:00:00.000,5596.0,NORTHWEST HWY,,ADD (3) RADIOS (1 PER SECTOR) ON EXISTING MONOPOLE. REPLACE EXISTING DC POWER PLANT WITH NEW DC POWER PLANT & ADD NEW BATTERY ENCLOSURE WITHIN EXISTING EQUIPMENT SHELTER WITH ASSOCIATED CABLING PER PLANS AT EXISTING MONOPOLE WIRELESS FACILITY. ATT FA # 10095292 / SITE ID# IL1322. ELECTRICAL PERMIT # 100686019. PREVIOUS PERMIT # 100598513,0.0,825.0,110200.0,45.0,1134112.5697089122,1936773.5419422416,2017,04,10,0,0,1
478434,2833496,100696708,PERMIT - EASY PERMIT PROCESS,2017-03-22T00:00:00.000,2017-03-23T00:00:00.000,1555.0,ASTOR ST,,"SOUTH ELEVATION TOWER- REMOVE AND REPLACE WINDOW PERIMETER SEALANT METAL TO METAL 2880 LF, REMOVE AND REPLACE WINDOW SEALANT METAL TO GLASS 200 LF, ROUT AND SEAL CONCRETE CRACKS 300 LF, CONCRETE REPAIRS 50 SFWEST ELEVATION OF GARAGE- TUCK POINT 6000 SF, REPLACE 50 SF OF BRICK, REMOVE REPLACE COPING SEALANT 200 LF, REMOVE AND REPLACE LIMESTONE BAND JOINTS  260 LF, REMOVE AND REPLACE VERTICAL MASONRY CONTROL JOINT SEALANT 200 LF.PLANTER KNEE WALL- TUCK POINT, REPLACE 10 SF OF BRICK  REPLACE LIMESTONE COPING AND MASONRY CONTROL JOINT SEALANT. ¿ALL ELEVATIONS, REPAIR/REPLACE 1500 LINEAR FT. PERIMETER SEALANTS AND WET-GLAZE ON THE GLASS TO METAL JOINTS AT THE BAY WINDOWS, ONLY",0.0,550.0,80100.0,43.0,1176368.0403195403,1911006.285937208,2017,03,23,0,0,1
479521,2835638,100698039,PERMIT - EASY PERMIT PROCESS,2017-03-30T00:00:00.000,2017-03-30T00:00:00.000,1445.0,STATE PKWY,,"REMOVE EXISTING CONCRETE PLANTERS AND INSTALL NEW CONCRETE STAIRS, RAMP, RAILS AND NEW TERRAZZO TOPPING AT ENTRY AT THE ENTRY OF THIS 30 STORY 126 UNITS CONDOMINIUM BUILDING.",0.0,550.0,80100.0,43.0,1176058.641207348,1910244.8195316144,2017,03,30,0,0,1
479642,2835865,100698182,PERMIT - SIGNS,2017-05-01T00:00:00.000,2017-05-03T00:00:00.000,750.0,HUDSON AVE,,NON-LIT ALUMINUM LETTERS ON PLANTER ON WEST ELEVATION,0.0,250.0,81900.0,42.0,1172960.831438755,1905569.6264461896,2017,05,03,0,0,1
479974,2836444,B100698581,PERMIT – EXPRESS PERMIT PROGRAM,2017-04-03T00:00:00.000,2017-04-03T00:00:00.000,5000.0,ROOSEVELT RD,Electrical Work,CHICAGO CARTON PLANT  131-44546-01  LOW VOLTAGE PERMIT FOR LOW VOLTAGE  CARD ACCESS INSTALLATION,0.0,75.0,252300.0,24.0,1143220.767516672,1894276.659866918,2017,04,03,0,0,1
480085,2836628,100698701,PERMIT - RENOVATION/ALTERATION,2017-07-05T00:00:00.000,2017-07-05T00:00:00.000,1660.0,LA SALLE DR,,"SELF-CERT: APARTMENT BUILDING  OCC. CLASS. A-2, NO CHANGE. SCOPE OF WORK DEFINED BY A ROOF DECK REPLACEMENT, INCLUDING BUT NOT LIMITED TO: 2X2 PRECAST CONCRETE PAVERS, DECK PERIMETER GUARDRAILS, LIMITED INTERIOR MODIFICATIONS, NEW PLANTER BOXES AND FURNITURE, AND MINOR ELECTRICAL MODIFICATIONS.",0.0,377.5,71500.0,2.0,1174789.8684489843,1911615.259208149,2017,07,05,0,0,1
480364,2837155,B100699034,PERMIT – EXPRESS PERMIT PROGRAM,2017-04-05T00:00:00.000,2017-04-05T00:00:00.000,600.0,KINZIE ST,Monthly Maintenance Permit,SCHEDULED PM ON ELECTRICAL EQUIPMENT INSIDE A CHOCOLATE FACTORY PLANT. - COCOA PLANT WEST MILL CONTROLS UPDATE. - NEW HEAT TRACE CKT FOR WEST-FALIA SYSTEM.,0.0,750.0,243600.0,27.0,1172231.085536217,1902955.411466567,2017,04,05,0,0,1
480649,2837758,100699360,PERMIT - RENOVATION/ALTERATION,2017-05-12T00:00:00.000,2017-05-23T00:00:00.000,6024.0,WARWICK AVE,,REPLACE (3) EXISTING ANTENNAS WITH (3) NEW ANTENNAS. ADD (6) NEW QUADPLEXERS AND (6) NEW TMA'S (2 PER SECTOR) WITH ASSOCIATED CABLING TO EXISTING SMOKESTACK. ADD (6) NEW RADIOS (2 PER SECTOR) AND REPLACE EXISTING DC POWER PLANT WITH NEW DC POWER PLANT TO INSIDE OF EXISTING EQUIPMENT SHELTER PER PLANS. ATT FA # 10074359/SITE ID# IL1298. ELECTRICAL PERMIT # 100690009. PREVIOUS PERMIT# 100654629.,0.0,1575.0,170200.0,38.0,1135416.2072651717,1924349.243221832,2017,05,23,0,0,1
480724,2837878,B100699445,PERMIT – EXPRESS PERMIT PROGRAM,2017-04-07T00:00:00.000,2017-04-07T00:00:00.000,2301.0,LAKE SHORE DR,Monthly Maintenance Permit,AMER. TRANSPLANT   EAST,0.0,150.0,,,1180538.4623956713,1889157.101749919,2017,04,07,0,0,1
482629,2841778,100701683,PERMIT - RENOVATION/ALTERATION,2017-06-19T00:00:00.000,2017-06-19T00:00:00.000,2033.0,PERSHING RD,,OIA '2055 W PERSHING RD' SITE IMPROVEMENT FOR ASPHALT PLANT AS PER PLANS,0.0,375.0,610300.0,12.0,1163322.7274961898,1878769.0568571417,2017,06,19,0,0,1
483115,2842673,100702264,PERMIT - EASY PERMIT PROCESS,2017-04-26T00:00:00.000,2017-04-26T00:00:00.000,1715.0,SAWYER AVE,,REPLACE IRON RAILING WITH NEW SAME AS EXISTING CODE COMPLANT RAILING,0.0,225.0,230200.0,26.0,1154357.5824489233,1911282.3018096115,2017,04,26,0,0,1
484250,2844776,100703637,PERMIT - RENOVATION/ALTERATION,2017-05-26T00:00:00.000,2017-12-25T00:00:00.000,5646.0,KEDZIE AVE,,"REMOVE BRICK FOR NEW DOORWAYS, INSTALL DRYWALL IN BASEMENT AROUND HEATING PLANT AND UNDERNEATH STAIRWAY FOR PROPER FIRE RESISTANCE AND INSTALL 'B' LABEL DOORS AND HARDWARE.",0.0,375.0,630900.0,14.0,1155977.5578894182,1866808.4274939997,2017,12,25,0,0,1
485568,2847484,100705263,PERMIT - EASY PERMIT PROCESS,2017-05-15T00:00:00.000,2017-05-15T00:00:00.000,1122.0,DEARBORN ST,,"ALL ELEVATIONS, REPAIR/REPLACE/INSTALL NEW STONE AT EAST PLANTER AND CLEANING OF LIMESTONE COPING AT 28TH FLOOR AND STONE ABOVE GARAGE, ONLY; SUBJECT TO FIELD INSPECTIONS",0.0,550.0,81000.0,2.0,1175691.4481687965,1907881.4104367848,2017,05,15,0,0,1
485790,2847868,100705513,PERMIT - EASY PERMIT PROCESS,2017-05-16T00:00:00.000,2017-05-16T00:00:00.000,5415.0,SHERIDAN RD,,REPLACEMENT OF PLANTER LINE & PLANTER REPAIRS ONEXISTING 2ND. FLOOR ROOF DECK.,0.0,550.0,30702.0,48.0,1168699.3427678342,1936204.78650379,2017,05,16,0,0,1
490365,2856722,B100710979,PERMIT – EXPRESS PERMIT PROGRAM,2017-06-16T00:00:00.000,2017-06-16T00:00:00.000,2418.0,MILWAUKEE AVE,Electrical Work,"RELOCATE EXISTING ANTENNAS FROM PARAPET WALL TO NEW ROOFTOP SLED, REMOVE 3 EXISTING ANTENNAS, 6 COAX LINES AND TMA'S. INSTALL 3 NEW ANTENNAS AND RRU'S. INSTALL NEW 48V POWERPLANT WITH 5 STRINGS OF BATTERIES. ON EXISTING ATT SITE IL0282",0.0,150.0,220400.0,1.0,1156298.5169911704,1915918.5846522276,2017,06,16,0,0,1
491541,2858994,100712363,PERMIT - NEW CONSTRUCTION,2017-06-26T00:00:00.000,2017-06-26T00:00:00.000,803.0,FULTON MARKET,,"ERECT NEW SEVEN STORY MIXED-USE BUILDING (SHELL & CORE) WITH SURFACE PARKING. THE BUILDING INCLUDES COMMERCIAL SPACE (F) ON THE GROUND FLOOR AND OFFICE SPACE (E) ON FLOORS 2-7. PROJECT TO BE LEED CERTIFIED. *GREEN ROOF = 4,114,SF*. 803-811 W FULTON MARKET",0.0,30354.16,833000.0,27.0,1170957.94918368,1902044.566704047,2017,06,26,0,0,1
491609,2859134,100712436,PERMIT - WRECKING/DEMOLITION,2017-07-21T00:00:00.000,2017-07-21T00:00:00.000,7250.0,KOSTNER AVE,,WRECK AND REMOVE A 6 STORY CONCRETE DECOMMISSIONED POWER PLANT,0.0,1747.5,650500.0,18.0,1148110.208564079,1856034.1591556596,2017,07,21,0,0,1
492180,2860150,100713085,PERMIT - RENOVATION/ALTERATION,2017-07-17T00:00:00.000,2017-08-15T00:00:00.000,515.0,STATE ST,,REVISION TO PERMIT # 100686030 TO CHANGE CHANGE THE SIZE AND SHAPE OF ONE PLANTER AS PER PLANS.,0.0,825.0,81500.0,42.0,1176317.9172462272,1903812.2003528704,2017,08,15,0,0,1
493356,2862473,100714504,PERMIT - RENOVATION/ALTERATION,2017-07-24T00:00:00.000,2017-07-24T00:00:00.000,12100.0,AVENUE O,,REPLACE (6) EXISTING ANTENNAS WITH (6) NEW ANTENNAS (2 SECTORS) ADD (6) NEW RADIOS (2 SECTORS) ADD NEW HAND RAIL KIT WITH ASSOCIATED CABLING AT EXISTING WIRELESS FACILITY ON MONOPOLE. REPLACE EXISTING DC POWER PLANT WITH NEW DC POWER PLANT IN EXISTING SHELTER PER PLANS. PENDING COMPLETION OF CROWN MODIFICATION PERMIT # 100705553. ATT FA 10074390/SITE ID IL1485. ELECTRICAL PERMIT #100688302. PREVIOUS PERMIT# 100688302.,0.0,1575.0,550100.0,10.0,1200939.864364972,1825279.4601081929,2017,07,24,0,0,1
493636,2863049,100714841,PERMIT - SIGNS,2017-07-14T00:00:00.000,2017-07-14T00:00:00.000,600.0,CHICAGO AVE,,INSTALL ONE GROUND SIGN IN EXISTING PLANTER FACING EAST AND WEST,0.0,300.0,842200.0,27.0,1172196.4487363396,1905661.6894401105,2017,07,14,0,0,1
495204,2866181,100716706,PERMIT - RENOVATION/ALTERATION,2017-08-22T00:00:00.000,2017-10-23T00:00:00.000,131.0,DEARBORN ST,,INTERIOR AND EXTERIOR ALTERATIONS AT 12TH FLOOR FOR A NEW ROOF DECK AND GREEN ROOF IN EXISTING OFFICE BUILDING AS PER PLANS.,0.0,2438.1,839100.0,42.0,1175999.3010507296,1899606.803306733,2017,10,23,0,0,1
497262,2870115,100719219,PERMIT - RENOVATION/ALTERATION,2017-08-18T00:00:00.000,2017-08-18T00:00:00.000,3905.0,HARRISON ST,,REPLACE (3) EXISTING ANTENNAS WITH (3) NEW ANTENNAS . ADD (6) NEW RADIOS (2 PER SECTOR) WITH ASSOCIATED CABLING. ADD NEW DC POWER PLANT IN EXISTING EQUIPMENT SHELTER AND REMOVE (12) EXISTING TMA'S PER PLANS AT EXISTING WIRELESS FACILITY ON MONOPOLE. ATT FA 10095302. ELECTRICAL PERMIT #'S 100686020 & 100715853. PREVIOUS PERMIT # 100621692,0.0,1575.0,260900.0,24.0,1150423.6569386837,1897029.1268278696,2017,08,18,0,0,1
500441,2876146,B100722996,PERMIT – EXPRESS PERMIT PROGRAM,2017-08-27T00:00:00.000,2017-08-27T00:00:00.000,600.0,GRAND AVE,Electrical Work,"ATT-IL1231  SWAP DUS FOR 5216. ADD AT&T LOWER FIBER, (3)25 AMP BREAKERS (INSTALLED IN THE POWER PLANT). PCS SWAP: REPLACE 1900 RRUS12 + A2 W/ 4415 RADIOS.",0.0,150.0,243600.0,27.0,1172189.0806954606,1903758.8130978683,2017,08,27,0,0,1
501482,2878278,B100724273,PERMIT – EXPRESS PERMIT PROGRAM,2017-09-05T00:00:00.000,2017-09-05T00:00:00.000,600.0,KINZIE ST,Monthly Maintenance Permit,SCHEDULED PMS ON ELECTRICAL SERVICES INSIDE A CHOCOLATE FACTORY PLANT; - REPAIRS TO COMPLETE THERMAL SCAN;,0.0,300.0,243600.0,27.0,1172231.085536217,1902955.411466567,2017,09,05,0,0,1
502722,2880596,100725770,PERMIT - RENOVATION/ALTERATION,2017-09-20T00:00:00.000,2017-09-20T00:00:00.000,6050.0,KEYSTONE AVE,,REPLACE (6) EXISTING ANTENNAS WITH (6) NEW ANTENNAS. RELOCATE (3) EXISTING RADIOS (1 PER SECTOR) REPLACE (3) EXISTING RADIOS WITH (3) NEW RADIOS (1 PER SECTOR) ADD (6) NEW RADIOS (2 PER SECTOR) WITH ASSOCIATED CABLING ON TOWER. REPLACE EXISTING POWER PLANT WITH NEW POWER PLANT AND ADD NEW BATTERY RACK INSIDE EXISTING SHELTER  PER PLANS AT WIRELESS FACILITY. ATT FA 10005275/SITED IL0299. ELECTRICAL PERMIT # 100723979. PREVIOUS PERMIT # 100574943.,0.0,1575.0,130200.0,39.0,1148203.6885731153,1940129.198413236,2017,09,20,0,0,1
503005,2881033,100726096,PERMIT - NEW CONSTRUCTION,2017-12-13T00:00:00.000,2017-12-13T00:00:00.000,600.0,GRAND AVE,,"NEW CONSTRUCTION OF 1 STORY, CAST IN PLACE CONCRETE, SMALL ASSEMBLY USE BUILDING WITH GREEN ROOF.",0.0,2770.08,81402.0,42.0,1180766.1724535844,1904095.559304893,2017,12,13,0,0,1
503476,2882069,B100726687,PERMIT – EXPRESS PERMIT PROGRAM,2017-09-19T00:00:00.000,2017-09-19T00:00:00.000,660.0,GRAND AVE,Electrical Work,"ATT-IL1231 SWAP DUS FOR 5216. ADD AT&T LOWER FIBER, (3)25 AMP BREAKERS (INSTALLED IN THE POWER PLANT). PCS SWAP: REPLACE 1900 RRUS12 + A2 W/ 4415 RADIOS.",0.0,150.0,243600.0,27.0,1171589.980022987,1903740.8582175712,2017,09,19,0,0,1
503756,2882604,100727020,PERMIT - RENOVATION/ALTERATION,2017-12-04T00:00:00.000,2017-12-04T00:00:00.000,212.0,GREEN ST,,"FOURTH FLOOR ADDITION TO EXISTING 3 STORY AND 6 STORY BUILDING WITH OPEN ROOF DECK, GREEN ROOF AND ENCLOSED TEMPERED SPACE AS PER PLANS(CONSTRUCTION TYPE IS 3A FOR THE ENTIRE 6-STORY BUILDING AND THE NEW ADDITION MEETS 1-B REQUIREMENTS)",0.0,2554.71,833000.0,27.0,1170646.5266237448,1901822.20921602,2017,12,04,0,0,1
504769,2884510,100728197,PERMIT - NEW CONSTRUCTION,2017-10-30T00:00:00.000,2018-01-02T00:00:00.000,2200.0,CANNON DR,,"NEW CONTSTRUCTION: ERECT 1 STORY, 9,500SF BUILDING - ACCESSORY VISITOR CENTER TO EXISTING ZOO WITH BUSINESS USE E OCCUPANCY INCLUDES INSTALLATION OF A GREEN ROOF (GREEN ROOF AREA = 6,219 SF) **CERTIFIED PLAN CORRECTIONS - CONDITIONAL PERMIT SUBJECT TO FIELD INSPECTION**",0.0,5151.55,71400.0,43.0,1175050.8689222592,1914969.883050687,2018,01,02,0,0,1
505078,2885160,100728569,PERMIT - RENOVATION/ALTERATION,2018-05-07T00:00:00.000,2018-06-13T00:00:00.000,2259.0,DAMEN AVE,,"REMOVE & REPLACE EXISTING INOPERABLE FIRE ESCAPE STAIRS W/NEW OPEN STEEL STAIRS ON EAST SIDE OF BUILDING. ADJUSTMENT OF EXISTING ELEVATOR AREA ON BASEMENT TO INCORPORATE A NEW MACHINE ROOM &VESTIBULE. REDUCTION OF LANDSCAPE PLANTING MATERIAL &ADJUSTMENTS TO THE COURTYARD. ELECTRICAL &MECHANICAL SYSTEMS RECONFIGURED, 6' IRON FENCE PER PLANS **CERTIFIED PLANS CORRECTIONS: CONDITIONAL PERMIT SUBJECT TO FIELD INSPECTIONS ** (PREVIOUS PERMITS 100695939 APPROVED 3/17/2017, # 100584036 APPROVED 4/28/2015, # 100572921 APPROVED 12/4/2014)",0.0,1443.75,843200.0,25.0,1163436.7824719895,1888765.709637358,2018,06,13,0,0,1
505518,2885906,100729100,PERMIT - RENOVATION/ALTERATION,2017-10-25T00:00:00.000,2017-10-25T00:00:00.000,3410.0,LAKE SHORE DR,,REPLACE (6) EXISTING ANTENNAS WITH (6) NEW ANTENNAS (2 PER SECTOR) ADD (3) NEW RADIOS (1 PER SECTOR) REPLACE (3) EXISTING RADIOS WITH (3) NEW RADIOS (1 PER SECTOR) WITH ASSOCIATED CABLING AT EXISTING WIRELESS FACILITY ON ROOF TOP. REPLACE EXISTING DC POWER PLANT IN EQUIPMENT ROOM WITH NEW POWER PLANT PER PLANS. ATT FA 10005193/SITE ID IL0181. ELECTRICAL PERMIT # 100726453. PREVIOUS BP # 100699374.,0.0,1575.0,61902.0,44.0,1172639.6509577285,1922845.629964242,2017,10,25,0,0,1
506057,2886909,100729730,PERMIT - RENOVATION/ALTERATION,2018-01-04T00:00:00.000,2018-01-04T00:00:00.000,1140.0,WELLS ST,,"REVISION TO PERMIT #100636196 TO REMOVE 5 SHADE TREES AND 1 ORNAMENTAL TREE. ADDITIONAL PERENNIAL AND SHRUB PLANTINGS HAVE BEEN ADDED. REVISE PARKWAY TREE SPECIES. CURBED PLANTERS LAYOUT REVISED. RELOCATION OF BIKE RACKS. REVISION TO DETENTION SYSTEM DRAINAGE AREA. STORMWATER VOLUME CONTROL, SITE GRADING AND UTILITY LINE ADJUSTMENTS FOR UPDATED DRIVEWAY ALIGNMENT AS PER PLANS.(STORM WATER REVIEW ONLY)",0.0,575.0,838300.0,27.0,1174460.8060929195,1908131.1167678095,2018,01,04,0,1,1
506095,2886969,B100729781,PERMIT – EXPRESS PERMIT PROGRAM,2017-10-06T00:00:00.000,2017-10-06T00:00:00.000,600.0,KINZIE ST,Monthly Maintenance Permit,SCHEDULED PMS ON THE ELECTRICAL EQUIPMENT INSIDE A CHOCOLATE FACTORY PLANT; - ANNUAL TESTING AND PMS ON THE BATTERY BACKUP UNITS - STAIRWAYS.,0.0,450.0,243600.0,27.0,1172231.085536217,1902955.411466567,2017,10,06,0,0,1
506188,2887200,100729883,PERMIT - NEW CONSTRUCTION,2018-03-13T00:00:00.000,2018-05-08T00:00:00.000,939.0,WASHINGTON BLVD,,"***DIRECT DEVELOPER SERVICES*** FULL BUILDING FOR PROPOSED 15-STORY WITH PENTHOUSE, 357 UNIT RESIDENTIAL BUILDING WITH ABOVE AND BELOW GRADE PARKING, AND GROUND FLOOR RETAIL SPACE. **20,172 SF GREEN ROOF PROVIDED** FOUNDATION ONLY PERMIT#100720189",0.0,367621.56,833000.0,25.0,1169996.9920544547,1900682.031854956,2018,05,08,0,0,1
506611,2887949,100730393,PERMIT - RENOVATION/ALTERATION,2018-01-19T00:00:00.000,2018-04-05T00:00:00.000,440.0,LA SALLE ST,,"UPGRADES TO EXISTING EXTERIOR AT GRADE PLAZA OF EXISTING OFFICE BUILDING TO INCLUDE LANDSCAPED PLANTERS, BENCHES AND SEATING AS PER PLANS.",0.0,10439.49,839100.0,4.0,1175283.2440973097,1898144.3499498828,2018,04,05,0,0,1
507408,2889540,100731338,PERMIT - EASY PERMIT PROCESS,2017-10-17T00:00:00.000,2017-10-17T00:00:00.000,2717.0,NORMANDY AVE,,"REPLACE TWO ROOFTOP UNITS WITH ONE 3 TON, AND ONE 5 TON, AIR COOLED, SELF-CONTAINED, R410A, CARRIER ROOFTOP UNITS, SERVING A MANUFACTURING PLANT.",0.0,600.0,831600.0,29.0,1131323.148080574,1917413.489889247,2017,10,17,0,0,1
507659,2890023,100731638,PERMIT - RENOVATION/ALTERATION,2017-11-13T00:00:00.000,2017-11-13T00:00:00.000,5216.0,LAWRENCE AVE,,REPLACE (6) EXISTING ANTENNAS WITH (6) NEW ANTENNAS. REPLACE (3) EXISTING RADIOS WITH (3) NEW RADIOS. ADD (3) NEW RADIOS (1 PER SECTOR) WITH ASSOCIATED CABLING AT EXISTING WIRELESS FACILITY ON MONOPOLE. REPLACE EXISTING POWER PLANT WITH NEW POWER PLANT IN EXISTING EQUIPMENT SHELTER PER PLANS.  ATT FA 10095201/SITE ID IL1314.  ELECTRICAL PERMIT # 100724409. PREVIOUS PERMIT # 100686597.,0.0,1575.0,110502.0,45.0,1140617.169533608,1931455.85327467,2017,11,13,0,0,1
507781,2890307,100731798,PERMIT - RENOVATION/ALTERATION,2017-11-13T00:00:00.000,2017-12-02T00:00:00.000,2911.0,47TH ST,,ZONING AND LANDSCAPE ONLY: REVISION TO PERMIT # 100648316 TO INCLUDE LANDSCAPE CHANGES TO PAVING AND PLANTING IN COURTYARD AND EXTERIOR SPECTATOR SEATING ON EAST AND WEST SIDE OF TURF SOCCER FIELD. EXISTING/PROPOSED USE: C3 SCHOOLS,0.0,825.0,842800.0,14.0,1157712.446637374,1873312.0369228907,2017,12,02,0,0,1
507923,2890549,100731955,PERMIT - EASY PERMIT PROCESS,2017-10-20T00:00:00.000,2017-10-20T00:00:00.000,4545.0,RACINE AVE,,INSTALL CONDENSER RELIEF MODIFICATIONS AT 12 CONDENSING STATIONS IN AN AMMONIA PLANT.STAMPED PLANS PROVIDED.,0.0,1200.0,842600.0,11.0,1169157.6684126644,1874480.643779205,2017,10,20,0,0,1
508096,2890902,100732153,PERMIT - RENOVATION/ALTERATION,2017-12-13T00:00:00.000,2017-12-13T00:00:00.000,333.0,ONTARIO ST,,"IMPROVEMENTS TO THE EXISTING 3RD LEVEL ROOF DECK INCLUDING PLANTERS, PAVERS, TRAFFIC COATING, LIGHTING AND ROOF DRAINS AS PER PLANS.",0.0,8512.34,81403.0,42.0,1178748.3570981624,1904525.8415255884,2017,12,13,0,1,1
508247,2891219,100732326,PERMIT - RENOVATION/ALTERATION,2017-11-27T00:00:00.000,2017-11-27T00:00:00.000,4950.0,AVERS AVE,,REPLACE (6) EXISTING ANTENNAS WITH (6) NEW ANTENNAS. ADD (9) NEW RADIOS (3 PER SECTOR) WITH ASSOCIATED CABLING AT EXISTING WIRELESS FACILITY ON CHIMNEY. REPLACE EXISTING DC POWER PLANT WITH NEW DC POWER PLANT IN EXISTING GROUND MOUNTED EQUIPMENT SHELTER PER PLANS. ATT FA 10074358/SITE ID IL1312. ELECTRICAL PERMIT # 100723989. PREVIOUS PERMIT # 100687059.,0.0,1575.0,140302.0,39.0,1149774.0948224326,1932831.1512175752,2017,11,27,0,0,1
508648,2892053,100732802,PERMIT - EASY PERMIT PROCESS,2017-10-26T00:00:00.000,2017-10-26T00:00:00.000,170.0,POLK ST,,"ALL ELEVATIONS, REPAIR/REPLACE CAULK JOINTS BETWEEN CONCRETE SLAB EDGE AND BRICK MASONRY, REPAIR/REPLACE CAULK AT THREE FORM TIE HOLES, REPAIR/REPLACE CLEAN PAINT AND PATCH THE EDGE OF CONCRETE SLAB AT CONCRETE CANOPY, REPAIR/REPLACE CLEAN PRIME AND CAULK JOINTS BETWEEN PLANTER AND CAST STONE COPINGS, ONLY; SUBJECT TO FIELD INSPECTIONS",0.0,550.0,839000.0,4.0,1174995.83476986,1896824.181340116,2017,10,26,0,0,1
509267,2893277,100733537,PERMIT - RENOVATION/ALTERATION,2017-12-25T00:00:00.000,2018-06-12T00:00:00.000,2834.0,CERMAK RD,,"DECONVERSION OF NON CONFORMING DINING AREA IN BASEMENT. WORK INCLUDES REMOVAL OF LATTICE WOOD CEILING AND REPLACE WITH 5/8"" TYPE X GYP BD. CEILING, INSTALL CARBON MONOXIDE DETECTORS THROUGHOUT, PROVIDE 1 HOUR RATED ENCLOSURE AT HEATING PLANT, PROVIDE B LABEL DOOR AT HEATING PLANT ROOM, REPLACE MISSING FLOOR JOIST AT SOUTHWEST CORNER, REHANG EXISTING GATE TO SWING IN DIRECTION OF EGRESS AND REMOVE NON PERMITED STAIR ACCESS TO BASEMENT.(CONDITIONAL PERMIT SUBJECT TO FIELD INSPECTIONS.)",0.0,1055.4,840700.0,12.0,1157614.1561201103,1889299.974758542,2018,06,12,0,0,1
510515,2895658,100735052,PERMIT - NEW CONSTRUCTION,2018-01-19T00:00:00.000,2018-01-19T00:00:00.000,6800.0,WESTERN AVE,,"(THIS PERMIT VOIDED AND REPLACED BY REDESIGN PERMIT 100750232) NEW CONSTRUCTION 4 STORY MIXED USE BUILDING. CONCRETE STRUCTURE. LIBRARY (C-1 ASSEMBLY) OCCUPANCY ON LEVEL 01, (A-2) RESIDENTIAL OCCUPANCY ON LEVEL 02, 03 AND 04. OCCUPIED GREEN ROOF ON LEVEL 02. SURFACE PARKING LOT WEST OF THE BUILDING. WORK ALSO INCLUDES ROW AND ALLEY IMPROVEMENTS.",0.0,32351.57,20302.0,50.0,1159043.1608986342,1945096.2189800516,2018,01,19,0,0,1
511299,2897085,100735975,PERMIT - RENOVATION/ALTERATION,2017-12-19T00:00:00.000,2017-12-19T00:00:00.000,4001.0,RAVENSWOOD AVE,,REPLACE (6) EXISTING ANTENNAS WITH (6) NEW ANTENNAS. ADD (6) NEW RADIOS (2 PER SECTOR) WITH ASSOCIATED CABLING AT EXISTING WIRELESS FACILITY. ON ROOF TOP. REPLACE EXISTING DC POWER PLANT WITH NEW DC POWER PLANT INSIDE PENTHOUSE EQUIPMENT ROOM PER PLANS. ATT FA 10005187/SITE ID IL0173. ELECTRICAL PERMIT # 100729191. EXISTING PERMIT # 100688406.,0.0,1575.0,60200.0,47.0,,,2017,12,19,0,0,1
512191,2898798,100737029,PERMIT - RENOVATION/ALTERATION,2018-01-04T00:00:00.000,2018-01-04T00:00:00.000,4099.0,71ST ST,,REPLACE (3) EXISTING ANTENNAS WITH (3) NEW ANTENNAS. REPLACE (6) EXISTING RADIOS WITH (6) NEW RADIOS. ADD (3) NEW RADIOS (1 PER SECTOR) WITH ASSOCIATED CABLING ON EXISTING MONOPOLE. REPLACE EXISTING  DC POWER PLANT WITH NEW DC POWER PLANT IN EXISTING SHELTER PER PLANS  AT EXISTING WIRELESS FACILITY. ATT FA 10074433/SITE ID IL1283. ELECTRICAL PERMIT # 100729193. PREVIOUS PERMIT # 100692620.,0.0,1575.0,650500.0,18.0,1150286.5885921242,1857202.020818211,2018,01,04,0,0,1
512449,2899314,100737308,PERMIT - NEW CONSTRUCTION,2018-01-08T00:00:00.000,2018-04-13T00:00:00.000,4117.0,DAMEN AVE,,"NEW-CONSTRUCTION OF IVA FRAME CONSTRUCTION 3-STORY AND BASEMENT FOR USE AS SINGLE-FAMILY HOME, INCLUDING ROOF DECK, NEW DETACHED MASONRY  CONSTRUCTION 3-CAR GARAGE, RAISED PLANTERS, PATIOS AND FENCES AS PER PLANS - 3RD FLOOR FOR STORAGE USE ONLY**CERTIFIED CORRECTIONS- - SUBJECT TO FIELD INSPECTIONS & AUDIT **",0.0,2875.0,50100.0,47.0,1162314.5078200456,1927431.2123481568,2018,04,13,0,0,1
512548,2899525,B100737421,PERMIT – EXPRESS PERMIT PROGRAM,2017-11-28T00:00:00.000,2017-11-28T00:00:00.000,3120.0,36TH ST,Electrical Work,"ATT IL1301 ""LTE 6C ON P3 AND P4: SWAP ANT. W/ JAHH-65B-R3B; ADD RRUS 4478 B14 PCS RRH SWAP ON P3: SWAP PCS RRUS32 FROM P4 TO RRUS 4415 B25 P3 SELF RET ON ALL POSITIONS""																		 ""LTE 6C FIRSTNET: ADD (2) 5216 W/ (2) XMU, SWAP PP TO EMERSON 7100, 14 RECTIFIERS AND 4 CONVERTERS, 8 STRINGS, 5 IN RACK 3 UNDER POWER PLANT PCS SWAP: GPS SPLITTER, LOWER/UPPER FIBERS, SFPS, 3 POLE MOUNTS""",0.0,75.0,580200.0,12.0,1156045.6856388152,1880622.9979099955,2017,11,28,0,0,1
513604,2901615,100738698,PERMIT - RENOVATION/ALTERATION,2018-01-30T00:00:00.000,2018-01-30T00:00:00.000,1055.0,MADISON ST,,REPLACE (6) EXISTING ANTENNAS WITH (6) NEW ANTENNAS. REPLACE (3) EXISTING RADIOS WITH (3) NEW RADIOS. ADD 3 RADIOS (1 PER SECTOR)  WITH ASSOCIATED CABLING AT EXISTING WIRELESS FACILITY ON LATTICE TOWER. REPLACE EXISTING DC POWER PLANT WITH NEW DC POWER PLANT ON EXISTING EQUIPMENT PAD PER PLANS. ATT FA 10099758/SITE ID IL1621. ELECTRICAL PERMIT # 100737423. PREVIOUS PERMIT # 100690532.,0.0,1650.0,833100.0,25.0,1169201.11692492,1900163.8182559465,2018,01,30,0,0,1
516648,2908043,100742400,PERMIT - RENOVATION/ALTERATION,2018-02-23T00:00:00.000,2018-02-23T00:00:00.000,12600.0,TORRENCE AVE,,ADDITION TO EXISTING AUTOMOBILE MANUFACTURING PLANT ON A MAT FOUNDATION WITH 4 CAISSONS PENETRATING 12' BELOW GRADE.,0.0,2093.03,550200.0,10.0,1195820.2580787956,1821874.2672059909,2018,02,23,0,0,1
516707,2908179,100742467,PERMIT - NEW CONSTRUCTION,2018-02-13T00:00:00.000,2018-03-14T00:00:00.000,1853.0,HOWE ST,,ERECT NEW  3 STORY + BASEMENT  SINGLE FAMILY RESIDENCE TYPE 3B CONSTRUCTION WITH GREEN ROOF AND  ATTACHED REAR 3 CAR GARAGE (TYPE 3B) PER PLANS.,0.0,4500.0,71800.0,43.0,1171692.6190632198,1912491.2938509209,2018,03,14,0,0,1
516978,2908784,B100742782,PERMIT – EXPRESS PERMIT PROGRAM,2018-01-09T00:00:00.000,2018-01-09T00:00:00.000,7506.0,RHODES AVE,Electrical Work,IL0158 - REPLACE EXISTING ANTENNAS WITH NEW ONE.  ADD NEW RADIOS ON TOP OF THE TOWER.  REPLACE EXISTING POWER PLANT AND BATTERIES WITH NEW POWER PLANT AND BATTERIES.,0.0,75.0,691400.0,6.0,1181165.5688592691,1855308.9911781729,2018,01,09,0,0,1
518284,2911914,100744346,PERMIT - RENOVATION/ALTERATION,2018-02-06T00:00:00.000,2018-03-20T00:00:00.000,1147.0,OHIO ST,,REPLACE EXISTING ROOFING WITH NEW MEMBRANE. INSTALL NEW NON-COMBUSTIBLE ROOF DECK WITH PLANTERS AS PER PLANS ON THE ROOF OF AN EXISTING IIIB BUILDING IN ZONE C2-2.,0.0,1575.0,243500.0,27.0,1168536.654070265,1903989.281296357,2018,03,20,0,0,1
518379,2912116,100744457,PERMIT - NEW CONSTRUCTION,2018-04-24T00:00:00.000,2018-05-02T00:00:00.000,110.0,CARPENTER ST,,"DIRECT DEVELOPER SERVICES: REVISION TO PERMIT# 100685468 FOR LAYOUT CHANGES TO THE 1ST FLOOR (NEW TENANT DEMISING PARTITION), 6TH, 8TH & 9TH FLOORS (REVISED LANDSCAPE ON TERRACES), 9TH FLOOR (LAYOUT CHANGES TO THE FITNESS & AMENITY AREAS) AND ROOF (ADDITIONAL GREEN ROOF) AS PER PLANS.",0.0,26044.95,833000.0,27.0,1169404.347734267,1900829.517756198,2018,05,02,0,0,1
518728,2912870,100744866,PERMIT - NEW CONSTRUCTION,2018-02-16T00:00:00.000,2018-04-20T00:00:00.000,4022.0,ELSTON AVE,,"REVISION PERMIT #100730669 TO CHANGE THE FOLLOWING: REPLACE WATER FEATURE AT LEVEL 2 WITH ADDITIONAL PLANTERS, REPALCE MECHANICAL PENTHOUSE ON ROOF WITH MECHANICAL SCREENING, ADJUST SIZE OF UTILITY CLOSETS ON LEVEL 4 AND 6 TO ACCOMMODATE DISPLACED EQUIPMENT, REVISED CONSTRUCTION TYPE CLASSIFICATION FROM IA TO IC AS PER PLANS.**CERTIFIED CORRECTIONS- - SUBJECT TO FIELD INSPECTIONS & AUDIT **",0.0,3822.66,160400.0,45.0,1151092.7579252303,1926461.279753939,2018,04,20,0,0,1
519042,2913573,100745228,PERMIT - RENOVATION/ALTERATION,2018-02-26T00:00:00.000,2018-02-26T00:00:00.000,3120.0,36TH ST,,"REPLACE (6) EXISTING ANTENNAS WITH (6) NEW ANTENNAS (2 PER SECTOR), ADD (3) NEW RADIOS (1 PER SECTOR), REPLACE (3) EXISTING RADIOS WITH (3) NEW RADIOS WITH ASSOCIATED CABLING TO EXISTING WIRELESS FACILITY ON MONOPOLE. REPLACE EXISTING POWER PLANT WITH NEW POWER PLANT IN EXISTING SHELTER PER PLANS.  AT&T FA# 10095234/ SITE# IL1301.  ELECTRICAL PERMIT# 100737421.  PREVIOUS BUILDING PERMIT# 100689940",0.0,1650.0,580200.0,12.0,1156045.6856388152,1880622.9979099955,2018,02,26,0,0,1
519164,2913894,100745369,PERMIT - RENOVATION/ALTERATION,2018-02-22T00:00:00.000,2018-04-13T00:00:00.000,1.0,WACKER DR,,"EXTERIOR ALTERATIONS TO NW PLAZA TO INCLUDE NEW PLANTER, PAVERS, CONCRETE CURB WITH GLASS HANDRAIL AND ELECTRICAL LIGHTING AS PER PLANS. EXISTING/PROPOSED USE: C2",0.0,1102.73,839100.0,42.0,1173975.5946800327,1900343.345070192,2018,04,13,0,0,1
520708,2917374,100747224,PERMIT - RENOVATION/ALTERATION,2018-03-23T00:00:00.000,2018-03-23T00:00:00.000,5661.0,ELSTON AVE,,REPLACE (6) EXISTING ANTENNAS WITH (6) NEW ANTENNAS. ADD (12) RADIOS (4 PER SECTOR) RELOCATE (3) EXISTING RADIOS TO DIFFERENT POSITION (1 PER SECTOR) WITH ASSOCIATED CABLING AT EXISTING WIRELESS FACILITY ON LATTICE TOWER. REPLACE EXISTING DC POWER PLANT WITH NEW DC POWER PLANT INSIDE EXISTING EQUIPMENT SHELTER PER PLANS. ATT FA 10035775/SITE ID IL0131. ELECTRICAL PERMIT # 100726452. PREVIOUS BP # 10061994.,0.0,1575.0,110100.0,39.0,1138318.1554563402,1937373.3258862644,2018,03,23,0,0,1
521898,2919850,100748633,PERMIT - RENOVATION/ALTERATION,2018-03-29T00:00:00.000,2018-04-06T00:00:00.000,508.0,DIVERSEY PKWY,,"DIRECT DEVELOPER SERVICES** REVISION TO PERMIT # 100681213 EXTERIOR ALTERATION TO 10TH FLOOR HEIGHT, REVISIONS TO MECHANICAL SYSTEMS, RESIDENTIAL UNIT REVISONS PER PLANS, ADDITION OF CENTRAL HOT WATER HEATING SYSTEM, AND REMOVAL OF GREEN ROOFING PER DEPARTMENT OF PLANNING ADMINISTARIVE RELIEF 02/09/2018",0.0,4455.75,63301.0,44.0,1172418.6316669183,1918923.3647658497,2018,04,06,0,0,1
522702,2921321,100749578,PERMIT - EASY PERMIT PROCESS,2018-03-01T00:00:00.000,2018-03-01T00:00:00.000,1850.0,CLARK ST,,"REPLACE TWO CHILLERS WITH TWO 250 TON, WATER COOLED, R134A(702#), DAIKIN CHILLERS, LOCATED IN THE BASEMENT, AND SERVING THE CHILLER PLANT. REPLACE ASSOCIATED PIPING, AND BRING MACHINERY ROOM UP TO CODE. REPLACE ONE COOLING TOWER WITH ONE SINGLE CELL, 500 TON, BAC TOWER, LOCATED ON THE ROOF. STAMPED PLANS PROVIDED.",0.0,1500.0,71500.0,43.0,1174340.5895093791,1912845.7803481412,2018,03,01,0,0,1
522916,2921777,100749825,PERMIT - EASY PERMIT PROCESS,2018-03-02T00:00:00.000,2018-03-02T00:00:00.000,1850.0,CLARK ST,,"REMOVE AND REPLACE 3 EXISTING DOMESTIC BOOSTER PUMPS WITH 1 TRIPLEX BOOSTER PUMP AUTOMATION SYSTEM.  WORK TO INCLUDE REMOVAL OF PARTITIONS, DOORS AND STEEL STAIRCASE TO ACCOMODATE CHILLER PLANT/BOILER REPLACEMENT.TEMPORARY BRACING FOR OPEONING AND ALL CONSTRUCTION WILL MATCH EXISTING. WORK IN BASEMENT MECH. ROOMS ONLY.  STRUCTURAL INTEGRITY VERIFIED BY STRUCTURAL ENGINEER'S REPORT.",0.0,1500.0,71500.0,43.0,1174340.5895093791,1912845.7803481412,2018,03,02,0,0,1
523264,2922358,100750232,PERMIT - NEW CONSTRUCTION,2018-03-08T00:00:00.000,2018-03-08T00:00:00.000,6800.0,WESTERN AVE,,"FOUNDATION PERMIT FOR NEW CONSTRUCTION 4 STORY MIXED USE BUILDING. CONCRETE STRUCTURE.LIBRARY (C-1 ASSEMBLY) OCCUPANCY ON LEVEL 01, (A-2) RESIDENTIALOCCUPANCY ON LEVEL 02, 03 AND 04. OCCUPIED GREEN ROOF ON LEVEL 02.SURFACE PARKING LOT WEST OF THE BUILDING. WORK ALSO INCLUDES ROW ANDALLEY IMPROVEMENTS.",0.0,2868.32,20302.0,50.0,1159043.1608986342,1945096.2189800516,2018,03,08,0,0,1
524713,2925266,B100751983,PERMIT – EXPRESS PERMIT PROGRAM,2018-03-15T00:00:00.000,2018-03-19T00:00:00.000,4501.0,AUGUSTA BLVD,Electrical Work,"INSTALL NEW 800 AMP SWITCH BOARD TO REPLACE EXISTING OPEN FRONT KNIFE SWITCH BOARD. NEW O.H. SERVICE DROP BY COMED FROM EXISTING COMED TRANSFORMER. PART OF PLANT SAFETY PROGRAM,EXISTING SWITCHBOARD HAS LIVE FRONT AND BACK PER FREEDMAN'S SAFETY PROGRAM NEEDS TO BE REPLACED.  EXISTING SWITCHBOARD FEEDS (6) MACHINES.",0.0,525.0,231300.0,37.0,1146171.4444586642,1906240.699510682,2018,03,19,0,0,1
526666,2928867,100754313,PERMIT - NEW CONSTRUCTION,2018-05-08T00:00:00.000,2018-05-08T00:00:00.000,6800.0,WESTERN AVE,,"NEW CONSTRUCTION 4 STORY MIXED USE BUILDING. CONCRETE STRUCTURE.LIBRARY (C-1 ASSEMBLY) OCCUPANCY ON LEVEL 01, (A-2) RESIDENTIALOCCUPANCY ON LEVEL 02, 03 AND 04. OCCUPIED GREEN ROOF ON LEVEL 02.SURFACE PARKING LOT WEST OF THE BUILDING. WORK ALSO INCLUDES ROW AND ALLEY IMPROVEMENTS.THE EXTERIOR WALL ASSEMBLY ON FLOORS 3 & 4 AND LIBRARY CEILING WILL BE ISSUED UNDER SEPARATE PERMIT.(CONDITIONAL PERMIT SUBJECT TO FIELD INSPECTIONS)",0.0,34242.04,20302.0,50.0,1159043.1608986342,1945096.2189800516,2018,05,08,0,0,1
527499,2930451,100755281,PERMIT - RENOVATION/ALTERATION,2018-04-13T00:00:00.000,2018-04-20T00:00:00.000,12600.0,TORRENCE AVE,,"***STRUCTURAL PEER REVIEW***  INTERIOR ALTERATIONS TO EXISTING FORD PLANT ADMINISTRATION OFFICES, CONFERENCE ROOMS, AND RESTROOMS. INCLUDES NEW PARTITIONS, DEMOLITION, NEW MECHANICAL ELECTRICAL, PLUMBING, AND STRUCTURAL WORK. NO CHANGE IN USE.",0.0,7273.0,550200.0,10.0,1195820.2580787956,1821874.2672059909,2018,04,20,0,0,1
528250,2932045,100756231,PERMIT - RENOVATION/ALTERATION,2018-08-24T00:00:00.000,2018-08-24T00:00:00.000,2036.0,MICHIGAN AVE,,REVISION TO PERMIT#100502403 TO REDUCE OFF STREET PARKING FROM 68 TO 18 SPACES AND REMOVAL OF GREEN ROOF,0.0,825.0,330100.0,3.0,1177494.9970999672,1890331.5932126753,2018,08,24,0,0,1
530653,2936600,B100759163,PERMIT – EXPRESS PERMIT PROGRAM,2018-04-27T00:00:00.000,2018-04-27T00:00:00.000,1421.0,ELSTON AVE,Electrical Work,"ATT IL1246 LTE-7C, FNET, P4: SWAP ANT P3 + P4 FOR (JAHH-65B-R3B); RELOCATE 700M RRU TO P1; RELOCATE 850 RRU TO P3; ADD RRUS 4478 B14 (4T/4R), CONNECT (2) LOW BAND PORTS ON P3 AND (2) LOW BAND PORTS ON P4; ADD DC-6 (POWER ONLY) SQUID ADD (2) DC TRUNKS (1) ALARM CABLE RRU SWAP, AWS (2100), P3: SWAP RRU FOR RRUS4426 (4T/4R) W/ 2ND FIBER. LTE-7C, FNET: SWAP (2) DUS-41 FOR (2) 5216, REUSE EXISTING (2) XMU, IDLE CABLE, GPS SPLITTER, FINAL BBU CONFIGURATION: (2) 5216 + (2) XMU, PP SWAP, (13) RECTIFERS, (4) CONVERTERS, (8) STRINGS, BATTERY RACK AWS SWAP: BREAKERS WITH POWER PLANT",0.0,150.0,241700.0,27.0,1167485.5538924232,1909692.870588628,2018,04,27,0,0,1
530655,2936609,B100759165,PERMIT – EXPRESS PERMIT PROGRAM,2018-04-27T00:00:00.000,2018-04-27T00:00:00.000,660.0,GRAND AVE,Electrical Work,"ATT IL1231 FIRSTNET: SWAP P2 & P3 JAHH-65B-R3B, ADD RRUS4478 RADIOS TO P2 & P3 , RELOCATE 700 TO P1 AWS SWAP: SWAP AWS RADIO AND A2 WITH RRUS4426 IN P2 WITH 2ND FIBER  PCS SWAP: REPLACE 1900 RRUS12 + A2 W/ 4415 RADIOS.  FIRSTNET: INSTALL SECOND 5216 WITH GPS SPLITTER AND IDLE (3) 25 AMP BREAKERS  AWS SWAP: REUSE EXISTING BREAKERS.  PCS SWAP: SWAP DUS FOR 5216. ADD AT&T LOWER FIBER, (3)25 AMP BREAKERS (INSTALLED IN THE POWER PLANT).",0.0,150.0,243600.0,27.0,1171589.980022987,1903740.8582175712,2018,04,27,0,0,1
531239,2937800,B100759899,PERMIT – EXPRESS PERMIT PROGRAM,2018-05-02T00:00:00.000,2018-05-02T00:00:00.000,201.0,WESTSHORE DR,Electrical Work,REPAIR AND REPLACE EXISTING SHORTED CIRCUIT AND/OR CONDUIT IN EXTERIOR PLANTERS,0.0,225.0,320100.0,42.0,1179548.4145019487,1901927.779142779,2018,05,02,0,0,1
531392,2938149,100760073,PERMIT - RENOVATION/ALTERATION,2018-05-22T00:00:00.000,2018-06-22T00:00:00.000,176.0,RACINE AVE,,"DIRECT DEVLOPER SERVICES: REVISION TO PERMIT #100738949: 9,325 SF INTERIOR BUILD-OUT INSTALLATION OF NEW PARTITION WALLS, DROP CEILING, LIGHT FIXTURES, PLUMBING FIXTURES, AND MILL WORK LOCKERS, COUNTERS, CABINETS, AND FURNITURE**GREEN ROOF **",0.0,3702.33,833000.0,27.0,1168433.8073057984,1901508.064546899,2018,06,22,0,0,1
532102,2939658,100760951,PERMIT - RENOVATION/ALTERATION,2018-08-06T00:00:00.000,2018-09-05T00:00:00.000,10459.0,MUSKEGON AVE,,"INSTALLATION OF NEW FLOUR BIN ON THE ROOF AN EXISTING FOOD PROCESSING PLANT TO INCLUDE STRUCTURAL REINFORCEMENT,  MECHANICAL UNITS, NEW WATER LINE AND ELECTRICAL WORK AS PER PLAN",0.0,1920.0,510100.0,10.0,1196844.9951973974,1835897.9366259195,2018,09,05,0,0,1
532769,2940964,100761774,PERMIT - NEW CONSTRUCTION,2018-05-14T00:00:00.000,2018-05-15T00:00:00.000,1201.0,60TH ST,,"NEW CONSTRUCTION OF A TEN (10) STORY ACADEMIC CONFERENCE CENTER SET ON A 1 STORY PODIUM ON THE UNIV. OF CHICAGO CAMPUS PD#43. INCLUDES BASEMENT AND ASSOCIATED SITE WORK ALL AS PER PLANS. FOUNDATION INCLUDING OUC REVIEW, CAISSONS, UNDER SEPARATE PERMIT(100733327). GREEN ROOF AREA: 5,138SF",0.0,57016.7,420200.0,20.0,1185274.921457856,1865439.3251103235,2018,05,15,0,0,1
532779,2940990,100761785,PERMIT - RENOVATION/ALTERATION,2018-07-18T00:00:00.000,2018-07-18T00:00:00.000,1059.0,13TH ST,,REPLACE (6) EXISTING ANTENNAS WITH (6) NEW ANTENNAS. REPLACE (9) EXISTING RADIOS WITH (9) NEW RADIOS. REMOVE (3) EXISTING RADIOS WITH ASSOCIATED CABLING. REPLACE EXISTING DC POWER PLANT WITH NEW DC POWER PLANT ON EQUIPMENT PLATFORM PER PLANS AT EXISTING WIRELESS FACILITY ON ROOF TOP ATT FA 10145400/SITE ID IL0970. ELECTRICAL PERMIT #'S 100737408 & 100761745. PREVIOUS PERMIT # 100715966.,0.0,1575.0,283800.0,25.0,1169435.0625961912,1894247.174877112,2018,07,18,0,0,1
532865,2941161,100761894,PERMIT - RENOVATION/ALTERATION,2018-07-18T00:00:00.000,2018-07-18T00:00:00.000,1421.0,ELSTON AVE,,REPLACE (6) EXISTING ANTENNAS WITH (6) NEW ANTENNAS. REPLACE (3) EXISTING RADIOS WITH (3) NEW RADIOS. ADD (3) NEW RADIOS AND (3) NEW DUAL MOUNT RADIO BRACKETS (1 PER SECTOR) WITH ASSOCIATED CABLING AT EXISTING WIRELESS FACILITY ON MONOPOLE. REPLACE EXISTING DC POWER PLANT WITH NEW DC POWER PLANT INSIDE EXISTING EQUIPMENT SHELTER PER PLANS. ATT FA 10095342/SITE ID IL1246. ELECTRICAL PERMIT # 100759163. PREVIOUS PERMIT# 100693864.,0.0,825.0,842300.0,27.0,1167485.5538924232,1909692.870588628,2018,07,18,0,0,1
534066,2943504,100763384,PERMIT - RENOVATION/ALTERATION,2018-06-27T00:00:00.000,2018-06-28T00:00:00.000,4310.0,MELVINA AVE,,REPLACE (6) EXISTING ANTENNAS WITH (6) NEW ANTENNAS. REMOVE (1) ANTENNA FROM ALPHA SECTOR. REPLACE (3) EXISTING RADIOS WITH (3) NEW RADIOS. ADD (6) NEW RADIOS (2 PER SECTOR) WITH ASSOCIATED CABLING ON CHIMNEY. REPLACE EXISTING DC POWER PLANT WITH NEW DC POWER PLANT & ADD NEW BATTERY RACK INSIDE EXISTING SHELTER PER PLANS AT EXISTING WIRELESS FACILITY. ATT FA 10029448/SITE ID IL0180. ELECTRICAL PERMIT# 100760447. PREVIOUS PERMIT # 100624821,0.0,2325.0,150502.0,38.0,1134202.8340506193,1928091.8915140836,2018,06,28,0,0,1
534107,2943613,100763450,PERMIT - RENOVATION/ALTERATION,2018-07-10T00:00:00.000,2018-08-15T00:00:00.000,400.0,HURON ST,,"ALTERATIONS TO A RESIDENTIAL ROOF DECK ON THE 16TH FLOOR, FOR SINGLE RESIDENTIAL UNIT 1501 AS PER PLANS. INCLUDES PLANTERS, FURNITURE, AND PERGOLA.",0.0,1056.71,81800.0,42.0,1173393.825080844,1905036.4238090264,2018,08,15,0,0,1
534471,2944395,B100763905,PERMIT – EXPRESS PERMIT PROGRAM,2018-05-24T00:00:00.000,2018-05-25T00:00:00.000,2055.0,PERSHING RD,Electrical Work,WIRING OF PRE-FAB ASPHALT PLANT.,0.0,1575.0,610300.0,12.0,1163137.7613202156,1878764.7995510292,2018,05,25,0,0,1
538790,2953350,100769422,PERMIT - RENOVATION/ALTERATION,2019-01-15T00:00:00.000,2019-01-15T00:00:00.000,2224.0,DAYTON ST,,"SELF-CERT: INTERIOR RENOVATION AND ERECT 4TH FLOOR ADDITION, REAR AND SIDE 3-STORY ADDITION, 1-STORY ADDITION W/ CONNECTING BASEMENT, ATTACHED 2-CAR GARAGE W/ GREEN ROOF, AND A DETACHED ACCESSORY STORAGE FOR THE EXIST. 4-STORY SFR W/ BASEMENT - AREA OF WORK 9,897 SQ FT. SPRINKLER SYSTEM INSTALLATION TO BE A SEPARATE SUBMISSION TO THE FIRE DEPARTMENT.",0.0,9955.28,71100.0,43.0,1170208.2081961168,1915112.776660492,2019,01,15,0,0,1
540088,2955873,100770994,PERMIT - RENOVATION/ALTERATION,2018-07-05T00:00:00.000,2018-07-05T00:00:00.000,2033.0,PERSHING RD,,REVISION TO PERMIT # 100701683 SITE IMPROVEMENT FOR ASPHALT PLANT AS PER PLANS,0.0,575.0,610300.0,12.0,1163322.7274961898,1878769.0568571417,2018,07,05,0,0,1
540223,2956154,B100771158,PERMIT – EXPRESS PERMIT PROGRAM,2018-07-06T00:00:00.000,2018-07-09T00:00:00.000,600.0,CHICAGO AVE,Electrical Work,SAW CUT SIDEWALK TO REFEED PLANTERS-EMERGENCY CALL,0.0,75.0,80700.0,27.0,1172196.4487363396,1905661.6894401105,2018,07,09,0,0,1
540668,2957030,100771686,PERMIT - RENOVATION/ALTERATION,2018-09-26T00:00:00.000,2018-09-26T00:00:00.000,5221.0,MILLARD AVE,,REPLACE (6) EXISTING ANTENNAS WITH (6) NEW ANTENNAS. REPLACE (6) EXISTING RADIOS WITH (6) NEW RADIOS. ADD (3) NEW RADIOS (ONE PER SECTOR) WITH ASSOCIATED CABLING AT EXISTING WIRELESS FACILITY ON MONOPOLE. REPLACE EXISTING DC POWER PLANT WITH NEW DC POWER PLANT. REPLACE EXISTING BATTERY RACK WITH NEW BATTERY RACK INSIDE SHELTER PER PLANS. ATT FA 10095308 / SITE ID IL1269. ELECTRICAL PERMIT # 100755326. PREVIOUS PERMIT # 100690643.,0.0,2400.0,620100.0,23.0,1152967.3271552797,1869657.79123446,2018,09,26,0,0,1
542354,2960586,B100773777,PERMIT – EXPRESS PERMIT PROGRAM,2018-07-26T00:00:00.000,2020-05-21T00:00:00.000,2055.0,PERSHING RD,Electrical Work,INCOMING SERVICE  - 3000A 480V -  PRE-FAB ASPHALT PLANT.,0.0,750.0,610300.0,12.0,1163137.7613202156,1878764.7995510292,2020,05,21,0,0,1
544324,2964327,100776142,PERMIT - RENOVATION/ALTERATION,2018-10-19T00:00:00.000,2018-10-19T00:00:00.000,600.0,STATE ST,,REPLACE (6) EXISTING ANTENNAS WITH (6) NEW ANTENNAS. ADD (6) NEW RADIOS (2 PER SECTOR) WITH ASSOCIATED CABLING AT EXISTING WIRELESS FACILITY ON ROOF TOP. REPLACE EXISTING DC POWER PLANT WITH NEW DC POWER PLANT AND REPLACE EXISTING BATTERY CABINET WITH NEW BATTERY CABINET IN BASEMENT EQUIPMENT ROOM PER PLANS. ATT FA 10146635/SITE ID IL0980. ELECTRICAL PERMIT #'S 100758032 & 100771613. PREVIOUS PERMIT # 100691260,0.0,2325.0,81600.0,42.0,1176225.3722603826,1904206.135490835,2018,10,19,0,0,1
544604,2964883,100776464,PERMIT - RENOVATION/ALTERATION,2018-09-27T00:00:00.000,2018-09-27T00:00:00.000,181.0,DEARBORN ST,,REPLACE (6) EXISTING ANTENNAS WITH (6) NEW ANTENNAS. REPLACE (3) EXISTING RADIOS WITH (3) NEW RADIOS. ADD (3) NEW RADIOS (1 PER SECTOR) WITH ASSOCIATED CABLING. ADD NEW BATTERY RACK AND REPLACE EXISTING DC POWER PLANT WITH NEW DC POWER PLANT IN EXISTING EQUIPMENT ROOM PER PLANS AT EXISTING WIRELESS FACILITY ON BUILDING. ATT FA 10095364/SITE ID IL1214. ELECTRICAL PERMIT # 100775217. PREVIOUS PERMIT # 100689073.,0.0,2400.0,839100.0,42.0,1175948.7064611134,1901597.9734012575,2018,09,27,0,0,1
545000,2965659,100776921,PERMIT - RENOVATION/ALTERATION,2018-09-04T00:00:00.000,2018-10-23T00:00:00.000,5700.0,HOMER ST,,"SCOPE CONSISTS OF A 53,000SF ADDITION TO AN EXISTING 70,000SF BUILDING WITH NEW TRAINING BAYS, CLASSROOMS AND LUNCHROOM. INCLUDES INTERIOR RENOVATION - C-3 TRADE SCHOOL, TYPE 1B CONST. GREEN ROOF AREA 26,510SF.",0.0,36604.5,250400.0,29.0,1138062.8784355477,1912154.151594348,2018,10,23,0,1,1
545155,2965908,100777102,PERMIT - EASY PERMIT PROCESS,2018-08-09T00:00:00.000,2018-08-10T00:00:00.000,4404.0,BERTEAU AVE,,REPLACE THE AUTO AIR PURGE SYSTEM AND RELATED PIPING IN AN AMMONIA PLANT.,0.0,300.0,160200.0,45.0,1146038.7310384407,1927570.6699327112,2018,08,10,0,0,1
546092,2967818,100778247,PERMIT - RENOVATION/ALTERATION,2018-08-26T00:00:00.000,2018-08-26T00:00:00.000,735.0,STATE ST,,REPAIR EXISTING FRONT STAIRS TO RESTORE TO ORIGINAL CONDITION.  BUILD NEW PLANTER WALLS AT STAIR TERMINATIONS.  EXISTING OCCUPANCY TYPE C-1 TO REMAIN UNCHANGED.  NO INTERIOR WORK.,0.0,825.0,81500.0,42.0,1176272.3239844765,1905433.9831443569,2018,08,26,0,0,1
547097,2969760,100779490,PERMIT - RENOVATION/ALTERATION,2018-08-27T00:00:00.000,2018-10-18T00:00:00.000,3000.0,CHELTENHAM PL,,EUGENE SAWYER WATER PURIFICATION PLANTMUNICIPAL WATER PURIFICATION PLANT WILL UNDERGO THE REPLACEMENT AND UPGRADE OF THE EXISTING DEHUMIDIFICATION SYSTEM FOR SIX PIPE GALLERIES OF 10000 SQ FT EACH.  NEW HVAC TO USE DESICCANT DEHUMIFICATION AIR HANDLING UNITS.  THE CURRENT USE AND PROPOSED USE'S CLASSIFICATION BY OCCUPANCY IS:G1 INDUSTRIAL LOW HAZARD.(NO PLUMBING WORK),132787.52,133162.52,431400.0,7.0,1197365.7583613817,1853203.1340031277,2018,10,18,0,0,1
547787,2971144,100780312,PERMIT - RENOVATION/ALTERATION,2018-10-03T00:00:00.000,2019-06-14T00:00:00.000,5112.0,ARCHER AVE,,"NEW 8-CAR, NON REQUIRED ACCESSORY EMPLOYEE ASHPHALT PARKING LOT, INCLUDING LANDSCAPING AND PLANTERS PER PLANS (TO SERVE AN EXISTING HEALTH CLINIC LOCATED AT 5122 S ARCHER.INSTALL 5'-0"" WOOD AND WROUGHT IRON FENCING AT PERIMETER.) **CERTIFIED PLANS CORRECTIONS: CONDITIONAL PERMIT SUBJECT TO FIELD INSPECTIONS **",0.0,1237.5,570300.0,14.0,1148805.2196093346,1870588.0762705028,2019,06,14,0,0,1
548826,2973359,100781569,PERMIT - RENOVATION/ALTERATION,2019-04-27T00:00:00.000,2019-04-27T00:00:00.000,15.0,WABASH AVE,,"RENOVATION OF AN EXISTING , 5-STORY +BASEMENT, TYPE III-B MERCANTILE BUILDING,(1) EXIST. 1ST AND (1)EXIST. 2ND FLOOR RETAIL TENANTS TO REMAIN, VANILLA BOX OF REMAINING VACANT FIRST FLOOR MERCANTILE SPACE FOR (2) ADDITIONAL COMM. UNITS, 39 RESIDENTIAL UNITS  AT FLOORS 3-5 WITH (18 UNITS AS DWELLING U NITS AND (21) UNITS AS EFFICIENCY  UNITS. NO CHANGE IN USE/OCCUPANCY AT 1ST AND 2ND FLROOR, CHANGE TO A-2 OCCUPANCY AT FLOORS 3-5. BUILDING IS FULLY SPRINKLERED. GREEN ROOF PER PLANS-NOT SEEKING CREDITS.",0.0,33651.09,320400.0,42.0,1176853.7519829788,1900267.6585071292,2019,04,27,0,0,1
549974,2975620,B100782992,PERMIT – EXPRESS PERMIT PROGRAM,2018-09-13T00:00:00.000,2018-09-13T00:00:00.000,3344.0,CERMAK RD,Electrical Work,"ATT IL1266 DECOMM: UMTS 1900, CAP-OFF. LTE-6C, FNET, P2: RELOCATE 700 RRU FROM P2 TO P4; ADD RRUS 4478 B14 (4T/4R), CONNECT (2) LOW BAND PORTS ON P2 + (2) LOW BAND PORTS ON P1.RRU SWAP, PCS (1900), P4: SWAP RRU FOR RRUS 4415 B25 (4T/4R). BWE: NO TOWER WORK.  LTE-6C: INSTALL (3)25 AMP BREAKERS, PCS SWAP: GPS SPLITTER KIT, UPPER/LOWER FIBERS, SFPS, POLE MOUNTS, SWAP (2) DUS-41 FOR (2) 5216, FINAL BBU CONFIGURATION: (2) 5216 + (2) XMU AND IDLE CABLE, SWAP POWER PLANT FOR 7100 WITH 13 RECTIFIERS AND 4 CONVERTERS AND 8 STRINGS OF BATTERIES, 5 STRINGS IN THE BATTERY RACK, 3 UNDER POWER PLANT SHELVES.",0.0,150.0,300400.0,24.0,1154228.835719012,1889212.801458756,2018,09,13,0,0,1
550401,2976476,B100783493,PERMIT – EXPRESS PERMIT PROGRAM,2018-09-17T00:00:00.000,2018-09-17T00:00:00.000,5950.0,MADISON ST,Electrical Work,"ATT IL0022 REMOVE AND REPLACE 9 PANEL STYLE ANTENNAS WITH NEW, R&R 3 RRU'S UTILIZING EXISTING BRACKETS AND MOUNTS. RADIOS TO UTILIZE EXISTING DC CABLING WITH CIRCUIT BREAKERS BEING SWAPPED OUT FOR DIFFERENT AMPERAGE IN THE POWER PLANT.",0.0,150.0,252000.0,29.0,1136619.3471207824,1899435.1486753623,2018,09,17,0,0,1
550561,2976856,100783686,PERMIT - EASY PERMIT PROCESS,2018-09-18T00:00:00.000,2018-09-18T00:00:00.000,1324.0,LOOMIS ST,,"CEDA WEATHERIZATION PROGRAM.  INSULATE THROUGHOUT, REPLACE BATHROOM EXHAUST FANS AND REPLACE REFRIGERANTS AND HEATING PLANTS",0.0,475.0,842900.0,28.0,1167211.5484399977,1893877.844292759,2018,09,18,0,0,1
550580,2976892,100783708,PERMIT - RENOVATION/ALTERATION,2018-09-25T00:00:00.000,2018-09-25T00:00:00.000,4301.0,WESTERN AVE,,"REMOVE 6 ANTENNAS, 9 RRU'S, AND AN EXISTING BATTERY RACK.  ADD 6 NEW ANTENNAS, 9 NEW RRU'S, AND 1 POWER PLANT AS PER PLANS.  AT&T SITE ID IL0286, PREVIOUS PERMIT #100698205",0.0,825.0,580700.0,15.0,1161125.468185705,1876065.491268637,2018,09,25,0,0,1
550874,2977417,100784060,PERMIT - RENOVATION/ALTERATION,2018-10-31T00:00:00.000,2018-10-31T00:00:00.000,3344.0,CERMAK RD,,REPLACE (3) EXISTING RADIOS WITH (3) NEW RADIOS. ADD (3) NEW RADIOS (1 PER SECTOR) WITH ASSOCIATED CABLING. ADD PLATFORM REINFORCEMENT KIT TO EXISTING MONOPOLE. REPLACE EXISTING DC POWER PLANT WITH NEW DC POWER PLANT IN EXISTING EQUIPMENT SHELTER PER PLANS AT EXISTING WIRELESS FACILITY. ATT FA 10095304/SITE ID IL1266. ELECTRICAL PERMIT # 100782992. PREVIOUS PERMIT # 100734482.,0.0,1725.0,841700.0,24.0,1154228.835719012,1889212.801458756,2018,10,31,0,0,1
550931,2977511,B100784123,PERMIT – EXPRESS PERMIT PROGRAM,2018-09-20T00:00:00.000,2018-09-20T00:00:00.000,4301.0,WESTERN AVE,Electrical Work,REPLACE 6 EXISTING ANTENNAS AND INSTALL 6 NEW ONES.  INSTALL 9 NEW RRUS AND REMOVE 6 OLD ONES.  REPLACE EXISTING POWER PLANT WITH NEW ONE.  INSTALL 1 DC POWER CABLE AND 1 SQUID.  IL0286,0.0,75.0,580700.0,15.0,1161125.468185705,1876065.491268637,2018,09,20,0,0,1
551688,2978888,100785054,PERMIT - SIGNS,2018-12-06T00:00:00.000,2018-12-12T00:00:00.000,6258.0,LINCOLN AVE,,"EAST ELEVATION: 40' X 2'-1"" FACE REPLACEMENT INTO AN EXISTING SIGN CABINET ""LOGO ORADENT - FAMILY & IMPLANT DENTISTRY""",0.0,300.0,130100.0,50.0,1152057.516443066,1941576.7016976287,2018,12,12,0,0,1
554059,2983284,100787864,PERMIT - RENOVATION/ALTERATION,2018-12-27T00:00:00.000,2018-12-27T00:00:00.000,8150.0,COTTAGE GROVE AVE,,REPLACE (3) EXISTING ANTENNAS WITH (3) NEW ANTENNAS. REPLACE (6) EXISTING RADIOS WITH (6) NEW RADIOS. ADD (3) NEW RADIOS WITH ASSOCIATED CABLING ON EXISTING MONOPOLE. REMOVE EXISTING GSM CABINET. REPLACE EXISTING DC POWER PLANT WITH NEW DC POWER PLANT IN EXISTING SHELTER AT EXISTING WIRELESS FACILITY PER PLANS. ATT FA 10127946/SITE ID IL0823. ELECTRICAL PERMIT# 100787636. PREVIOUS PERMIT #1006882221.,0.0,2400.0,440201.0,8.0,1182940.3933801628,1850915.7203181456,2018,12,27,0,0,1
555077,2985078,100789061,PERMIT - RENOVATION/ALTERATION,2018-11-15T00:00:00.000,2018-11-15T00:00:00.000,9420.0,LAFAYETTE AVE,,"REMOVE AND REPLACE 6 ANTENNAS, 9 RRUS, INSTALL 1 NEW BATTERY RACK, AND REPLACE DC POWER PLANT AS PER PLANS.  SITE #IL3837 - PREVIOUS PERMIT #100574800",0.0,2400.0,834000.0,21.0,1177558.7063983623,1842393.8662422688,2018,11,15,0,0,1
555359,2985652,100789430,PERMIT - RENOVATION/ALTERATION,2019-05-01T00:00:00.000,2019-07-10T00:00:00.000,180.0,WACKER DR,,"INSTALL (12) NEW ANTENNAS, (21) NEW RRU'S, 10' X 15' STEEL EQUIPMENT PLATFORM, (1) POWER PLANT, (1) FLX21-2520 CABINET, (1) FLX16 CABINET, (1) LOAD CENTER PTLC, (1) RAYCAP, AND (1) DC12 ON A EXISTING ROOFTOP.",0.0,2400.0,839100.0,42.0,1173817.603609657,1901541.5100694073,2019,07,10,0,0,1
555416,2985726,B100789492,PERMIT – EXPRESS PERMIT PROGRAM,2018-10-23T00:00:00.000,2018-10-23T00:00:00.000,8900.0,GREEN ST,Electrical Work,"ATT IL0415 TOWER SCOPE:  REMOVE EXIST DECOMED GSM COAX AND TMAS FROM TOWER. DECOM AND RETAIN UMTS 1900. REMOVE EXIST UMTS TMAS FROM TOWER.   RRU SWAP: AWS: P3 - REMOVE EXIST ANTENNAS FROM P2 ON ALPHA & GAMMA. ADD (3) NNH4-65B-R6. REMOVE EXIST RRUS11 FROM P2. ADD (3) RRUS8843 (W/ 2 FIBERS AND PWR JUMPERS) AND SFP7S.   RRU SWAP: 850: P3 - REMOVE EXIST RRUS12 FROM P2. ADD (3) RRUS4478 W/ 2ND FIBER AND SFP3S.   SELF RET P1, P2 AND P3. DAISY CHAIN FROM P3 TO P4.   GROUND SCOPE: RRU SWAP: AWS/PCS - ADD (1) 5216, IDLE CBL, OVP CBL AND SFPS. ADD (6) 30 AMP BREAKERS. PWR PLANT SWAP TO NETSURE VERTIV 7100 W/ NEW BATTERY RACK W/ (4) STRING OF BATTERIES. REMOVE EXIST ARGUS SHELVES. DECOM EXIST BATTERIES.   RRU SWAP: 850 - ADD (1) 6601 CHASSIS W/ 6630, GPS SPLITTER AND SFPS. ADD (1) 20 AMP BREAKER. ADD (3) 25 AMP BREAKERS",0.0,150.0,711400.0,21.0,1172161.461816276,1845849.9503569317,2018,10,23,0,0,1
556036,2987018,100790238,PERMIT - RENOVATION/ALTERATION,2019-01-29T00:00:00.000,2019-03-14T00:00:00.000,12201.0,TORRENCE AVE,,NEW CONSTRUCTION OF ONE-STORY WAREHOUSE AND EQUIPMENT ROOM AT EXISTING CARGILL FACILITY (MANUFACTURING PLANT) AS PER PLAN.  STRUCTURAL PEER REVIEW INCLUDED.,0.0,3075.0,838800.0,10.0,1195767.4163854565,1824631.5676924817,2019,03,14,0,0,1
556877,2988666,100791302,PERMIT - RENOVATION/ALTERATION,2019-10-07T00:00:00.000,2019-10-09T00:00:00.000,1922.0,HOWE ST,,"ADDITION OF DECORATIVE PERGOLA, STORAGE CABINETS, PLANTERS, AND OUTDOOR APPLIANCES TO EXISTING FIRST FLOOR, THIRD FLOOR AND FOURTH FLOOR ROOF DECKS AS PER PLANS WITH ACAR**CERTIFIED CORRECTIONS- - SUBJECT TO FIELD INSPECTIONS & AUDIT **",0.0,550.0,71800.0,43.0,1171595.3102943418,1913011.3747865388,2019,10,09,0,0,1
557267,2989357,100791771,PERMIT - RENOVATION/ALTERATION,2019-01-08T00:00:00.000,2019-05-17T00:00:00.000,3218.0,CLARK ST,,"FIRST TIME BUILD-OUT OF WHITE BOX SPACE TO 8 NEW D.U. AND RECONFIGURED AMENITY SPACE IN EXISTING 90 D.U., 8-STORY APARTMENT BUILDING. REWORK EXISTING UTILITY LINES INTO NEW UNITS & AMENITY SPACE. RECONFIGURATION OF GREEN ROOF. NO STRUCTURAL WORK IN SCOPE- ***CERTIFIED PLAN CORRECTIONS - CONDITIONAL PERMIT SUBJECT TO FIELD INSPECTION***",0.0,16380.39,62100.0,44.0,1169829.623872087,1921614.869764076,2019,05,17,0,0,1
557650,2990092,100792226,PERMIT - RENOVATION/ALTERATION,2019-01-03T00:00:00.000,2019-01-03T00:00:00.000,4000.0,106TH ST,,REPLACE (3) EXISTING ANTENNAS WITH (3) NEW ANTENNAS. REPLACE (6) EXISTING RADIOS WITH (6) NEW RADIOS. REPLACE EXISTING DC POWER PLANT WITH NEW DC POWER PLANT WITH ASSOCIATED CABLING PER PLANS AT EXISTING WIRELESS FACILITY ON MONOPOLE. ATT FA 11562395/SITE ID IL0393. ELECTRICAL PERMIT # 100787169. PREVIOUS PERMIT # 100692738.,0.0,1650.0,520400.0,10.0,1204456.3607010026,1835323.5811130328,2019,01,03,0,0,1
558238,2991255,B100792933,PERMIT – EXPRESS PERMIT PROGRAM,2018-11-13T00:00:00.000,2018-11-13T00:00:00.000,30.0,HURON ST,Electrical Work,"REMOVE AND REPLACE EXISTING LIGHT FIXTURE TO ACCOMMODATE REMOVAL OF WOOD PERGOLA AND PLANTERS, REMOVE EXISTING TRAFFIC COATING AND REPLACE WITH NEW TO SUNDECK AND POOL AREA OF 56-STORY CONDO.",0.0,75.0,81500.0,2.0,1176589.7478141242,1905121.5611676597,2018,11,13,0,0,1
558261,2991299,100792960,PERMIT - EASY PERMIT PROCESS,2018-11-13T00:00:00.000,2018-11-13T00:00:00.000,650.0,WAYMAN ST,,INSTALL WATER PROOFING MEMBRANE ON PATIO PLANTERS AND PATIO; REUSE BRICK AND STONE APPROX  350 SQ FT - NO STRUCTURAL WORK-,0.0,550.0,280100.0,42.0,1171734.4259326078,1902366.4567188795,2018,11,13,0,0,1
558313,2991383,100793015,PERMIT - EASY PERMIT PROCESS,2018-11-13T00:00:00.000,2018-11-13T00:00:00.000,30.0,HURON ST,,"REMOVE EXISTING WOOD PERGOLA AND PLANTERS,REMOVEXISTING TRAFFIC COATING AND REPLACE WITH NEW,SAME IN KIND TO SUNDECK AND POOL AREA OF 56 STORY CONDO.SEPERATE ELECTRICAL ONLY.",0.0,375.0,81500.0,42.0,1176589.7478141242,1905121.5611676597,2018,11,13,0,0,1
558460,2991630,100793186,PERMIT - RENOVATION/ALTERATION,2019-04-18T00:00:00.000,2019-04-18T00:00:00.000,3548.0,KOSTNER AVE,,SELF CERT- INTERIOR ALTERATIONS TO EXISTING ACCESSORY NURSE'S STATION AT A FOOD PROCESSING PLANT AS PER PLANS.,0.0,825.0,161200.0,30.0,1146378.751892515,1923429.462720507,2019,04,18,0,0,1
561165,2996734,100796423,PERMIT - RENOVATION/ALTERATION,2019-01-04T00:00:00.000,2019-01-04T00:00:00.000,12600.0,TORRENCE AVE,,"GATE RELEASE ADDITION TO EXISTING RELEASE BUILDING AT FORD PLANT ON 8"" CONCRETE SLAB",0.0,1875.0,550200.0,10.0,1195820.2580787956,1821874.2672059909,2019,01,04,0,0,1
561445,2997314,100796747,PERMIT - RENOVATION/ALTERATION,2019-01-31T00:00:00.000,2019-01-31T00:00:00.000,530.0,DIVERSEY PKWY,,REPLACE (7) EXISTING ANTENNAS WITH (6) NEW ANTENNAS. REPLACE (12) EXISTING RADIOS WITH (9) NEW RADIOS. REPLACE EXISTING DC POWER PLANT WITH NEW DC POWER PLANT PER PLANS AT EXISTING WIRELESS FACILITY ON ROOFTOP. ATT FA 10099756/IL1613. ELECTRICAL PERMIT # 100796419. PREVIOUS PERMIT #100730302.,0.0,1650.0,63301.0,44.0,1172162.3317024868,1918914.9364794015,2019,01,31,0,0,1
562047,2998536,B100797488,PERMIT – EXPRESS PERMIT PROGRAM,2018-12-13T00:00:00.000,2018-12-13T00:00:00.000,5041.0,WOLFRAM ST,Administrative Change,100633699   CHANGE OF ELECTRICAL CONTRACTOR WORK TO BE PERFORM ACCORDING TO PLANTS 2ND FLOOR ADDITION,0.0,325.0,190200.0,31.0,1142108.8607710972,1918435.8088965216,2018,12,13,0,0,1
563743,3001954,100799545,PERMIT - RENOVATION/ALTERATION,2019-01-04T00:00:00.000,2019-01-04T00:00:00.000,12600.0,TORRENCE AVE,,EXTERIOR RENOVATIONS TO EXISTING EXPEDITE DOCKS AT FORD ASSEMBLY PLANT. WORK INCLUDES ELECTRICAL AND STRUCTURAL DEMO OF EXISTING DOCKS TO BE REPLACED BY NEW DOCKS. NO CHANGE OF USE.,0.0,1731.0,550200.0,10.0,1195820.2580787956,1821874.2672059909,2019,01,04,0,0,1
564143,3002774,100800025,PERMIT - EASY PERMIT PROCESS,2019-02-15T00:00:00.000,2019-02-15T00:00:00.000,333.0,35TH ST,,INSTALLATION OF PLANTERS/BOULDERS ALONG PROPERTY LINE.,0.0,375.0,340600.0,11.0,1174487.8799603628,1881700.6970949653,2019,02,15,0,0,1
567224,3009665,B100803802,PERMIT – EXPRESS PERMIT PROGRAM,2019-02-06T00:00:00.000,2019-02-06T00:00:00.000,8887.0,SOUTH CHICAGO AVE,Electrical Work,"ATT IL0294 REMOVE UMTS TMA'S AND CONNECT UMTS 850 TO P1 IN BETA SECTOR ONLY.LTE 6C FNET ON P4: SWAP EXIST ANTENNA W/ (3) NNHH-65B-R4 (8 PORT). ADD (3) FNET RRUS4478 RADIOS W/ 2ND FIBER.5G NR ON P2: SWAP EXIST ANTENNA W/ (3) NNHH-65B-R4 (8 PORT). REMOVE 850 RRU FROM P1. SWAP 700 RRU W/ (3) B5/B12 RRUS4449 RADIOS W/ 2ND FIBER & PWR.AWS RRU SWAP ON P2: SWAP EXIST AWS RRUS11 W/ (3) RRUS8843 RADIOS W/ 2ND FIBER & PWR (4 AWS TO P2 AND 4 PCS PORTS TO P4).RFMOD 700: SOFTWARE ONLY, NO TOWER WORK.ADD (1) DC6 SQUID W/ (2) 8 AWG DC TRUNKS.  LTE 6C FNET: ADD (2) 6630. SWAP PP W/ EMERSON 721 W/ (10) RECTIFIERS & (4) CONVERTERS. SWAP BATTERIES W/ (3) TRAYS AMD (3) STRINGS OF FT180. ADD LOWER & UPPER SFP'S.5G NR: ADD (1) 6630. ADD LOWER & UPPER SFP'S.AWS RRU SWAP: ADD LOWER & UPPER SFP'S. POWER PLANT NOTES NNHH-65B-R4 TOWER SCOPE PROPOSED ANTENNA & RADIO CONFIGURATION (COMPLETE DURING AT&T",0.0,150.0,460600.0,7.0,1195088.9193289627,1846561.175065251,2019,02,06,0,0,1
568741,3012707,100805569,PERMIT - RENOVATION/ALTERATION,2019-03-15T00:00:00.000,2019-03-15T00:00:00.000,655.0,65TH ST,,"REPLACE (6) EXISTING ANTENNAS W/ (6) NEW. REMOVE (6) EXSITING RRUS. INSTALL (6) NEW RRUS. DECOM EXSITING UMTS, REMOVE (6) UMTS, RECONNECT EXSITING UMTS. REPLACE EXSITING POWER PLANT & BATTERY RACK W/NEW. REMOVE EXSITING SHELVES",0.0,2400.0,680900.0,20.0,1172858.561496465,1861737.2534636944,2019,03,15,0,0,1
569047,3013400,100805921,PERMIT - RENOVATION/ALTERATION,2019-04-02T00:00:00.000,2019-10-23T00:00:00.000,1625.0,FLOURNOY ST,,PROPOSED BOILER INSTALLATION AT THE 2ND LEVEL OF THE CENTRAL PLANT PER PLANS **CERTIFIED PLANS CORRECTIONS: CONDITIONAL PERMIT SUBJECT TO FIELD INSPECTIONS **,0.0,7421.69,838200.0,27.0,1165531.3917124283,1896935.3858831252,2019,10,23,0,0,1
569055,3013429,100805930,PERMIT - RENOVATION/ALTERATION,2019-03-27T00:00:00.000,2019-05-31T00:00:00.000,1625.0,FLOURNOY ST,,PROPOSED LOAD BANK INSTALLATION AT THE 1ST LEVEL OF THE CENTRAL PLANT,0.0,675.0,838200.0,27.0,1165531.3917124283,1896935.3858831252,2019,05,31,0,0,1
569174,3013760,B100806103,PERMIT – EXPRESS PERMIT PROGRAM,2019-02-26T00:00:00.000,2019-02-26T00:00:00.000,12600.0,TORRENCE AVE,Monthly Maintenance Permit,ELECTRICAL MAINTENANCE PERMIT. ASSISTING TRI-CITY ELECTRIC ON INSTALLATION FOR FORD PLANT PAINT BOOTH ENAMEL PROJECT.,0.0,75.0,550200.0,10.0,1195820.2580787956,1821874.2672059909,2019,02,26,0,0,1
569255,3014010,B100806243,PERMIT – EXPRESS PERMIT PROGRAM,2019-02-26T00:00:00.000,2019-02-26T00:00:00.000,12600.0,TORRENCE AVE,Electrical Work,PERFORMING LABOR FOR FORD PLANT SHUTDOWN UNDER CONTINENTAL ELECTRIC MASTER PERMIT.,0.0,75.0,550200.0,10.0,1195820.2580787956,1821874.2672059909,2019,02,26,0,0,1
569288,3014061,B100806282,PERMIT – EXPRESS PERMIT PROGRAM,2019-02-26T00:00:00.000,2019-02-26T00:00:00.000,12600.0,TORRENCE AVE,Electrical Work,PERFORMING LABOR FOR FORD PLANT SHUTDOWN UNDER CONTINENTAL ELECTRIC MASTER PERMIT #100805978,0.0,75.0,550200.0,10.0,1195820.2580787956,1821874.2672059909,2019,02,26,0,0,1
569369,3014227,B100806378,PERMIT – EXPRESS PERMIT PROGRAM,2019-02-26T00:00:00.000,2019-02-26T00:00:00.000,12600.0,TORRENCE AVE,Electrical Work,PERFORMING LABOR FOR FORD PLANT SHUTDOWN UNDER CONTINENTAL ELECTRIC MASTER PERMIT,0.0,75.0,550200.0,10.0,1195820.2580787956,1821874.2672059909,2019,02,26,0,0,1
569461,3014393,B100806487,PERMIT – EXPRESS PERMIT PROGRAM,2019-02-27T00:00:00.000,2019-02-27T00:00:00.000,12600.0,TORRENCE AVE,Electrical Work,PERFORMING LABOR FOR FORD PLANT SHUTDOWN UNDER CONTINENTAL ELECTRIC MASTER PERMIT,0.0,150.0,550200.0,10.0,1195820.2580787956,1821874.2672059909,2019,02,27,0,0,1
569968,3015456,100807097,PERMIT - RENOVATION/ALTERATION,2019-03-29T00:00:00.000,2019-03-29T00:00:00.000,5020.0,LAKE SHORE DR W,,SELF-CERTIFIED SUBMISSION: DEMOLITION OF EXISTING PLANTERS IN (A-2) RESIDENTIAL AMENITY SPACE AND INSTALLATION OF NEW STAIR AND ADA-COMPLIANT RAMP.,0.0,1575.0,390700.0,5.0,1188596.5072944874,1871963.0923984204,2019,03,29,0,0,1
570560,3016536,100807814,PERMIT - NEW CONSTRUCTION,2019-03-06T00:00:00.000,2019-03-08T00:00:00.000,11555.0,STONY ISLAND AVE,,"GREEN PERMIT PROCESS: NEW CONSTRUCTION OF A CHICAGO PARK DISTRICT BUILDING - ERECT 1-STORY, 9,200 SQ.FT. FIELDHOUSE BUILDING, ACTIVITY AREAS AND OTHER SITE IMPROVEMENTS AS PER PLANS. GREEN ROOF INSTALLATION NOT PART OF THIS SCOPE. *CERTIFIED PLAN CORRECTIONS* GPP-BENEFIT TIER 2.",4808.0,5033.0,838800.0,10.0,1191033.0899041824,1828651.7247697797,2019,03,08,0,0,1
573090,3021376,100810813,PERMIT - RENOVATION/ALTERATION,2019-06-13T00:00:00.000,2019-08-12T00:00:00.000,33.0,BELLEVUE PL,,"RENOVATION TO EXISTING OWNER OCCUPIED TERRACE; INCLUDING ROOF REPLACEMENT, REPLACEMENT OF WOOD DECK WITH NEW STEEL PERGOLA STRUCTURE, STONE PAVERS, PLANTERS, FOUNTAIN AND SCREENWALLS TO UNIT 5W AS PER PLANS - RESIDENTIAL OCCUPANY CURRENTLY, NO CHANGE.",0.0,575.0,81201.0,42.0,1176505.9310654022,1907476.0316159355,2019,08,12,0,0,1
574221,3023599,100812178,PERMIT - EASY PERMIT PROCESS,2019-04-02T00:00:00.000,2019-04-08T00:00:00.000,836.0,FULLERTON AVE,,"DEMO EXISTING WOOD ROOF,PLANTER BOXES,FENCES & REPAIR/REPLACE ROOF. TEMPORARILY DISCONNECT & REMOVE AC ROOF TOP UNITS & RECONNECT THE AC ROOF TOP UNITS AFTER ROOF COMPLETION(NO STRUCTURAL WORK)- ALL WORK SAME AS EXISTING; SUBJECT TO FIELD INSPECTIONS",0.0,525.0,70300.0,43.0,1170146.933463498,1916197.3405447872,2019,04,08,0,0,1
575187,3025355,100813288,PERMIT - RENOVATION/ALTERATION,2019-04-11T00:00:00.000,2019-06-12T00:00:00.000,8725.0,HIGGINS RD,,"EXTERIOR ALTERATIONS TO SOUTH PLAZA LEVEL AT EXISTING OFFICE BUILDING TO INCLUDE DEMO, CONCRETE RESTORATION, PLANTERS, LIGHT BOLLARDS, ADA CURB CUT,  DRAINS AND GUARDRAILS. NO MECHANICAL WORK. ALL WORK ON PRIVATE PROPERTY.",0.0,5767.5,760801.0,41.0,1117177.7599238758,1938381.4223792232,2019,06,12,0,1,1
576241,3027440,100814527,PERMIT - RENOVATION/ALTERATION,2019-04-22T00:00:00.000,2019-05-09T00:00:00.000,5252.0,CORNELL AVE,,REVISION TO PERMIT #100726486. PARKWAY LAYOUT ALONG 53RD STREET REVISED FROM 6 PLANTERS TO 4 AS PER PLANS.,0.0,375.0,410100.0,5.0,1188114.3461574253,1870468.300639613,2019,05,09,0,0,1
576408,3027759,B100814717,PERMIT – EXPRESS PERMIT PROGRAM,2019-04-16T00:00:00.000,2019-04-16T00:00:00.000,11601.0,TOUHY AVE,Electrical Work,CIRCUITS WORK ON GC PERMIT #100719703 AT H&R PLANT GENERATORS,0.0,1500.0,,41.0,1098098.5774643964,1945979.209781826,2019,04,16,0,0,1
577196,3029308,100815651,PERMIT - RENOVATION/ALTERATION,2019-05-06T00:00:00.000,2019-06-21T00:00:00.000,108.0,GERMANIA PL,,"INTERIOR AND EXTERIOR ALTERATIONS TO ADD NEW PLANTERS, NEW 36' 3"" X 4' WIDTH X 5' HGT HANDICAP RAMP WITH NEW STAIRS -RAILINGS TO THE SIDEWALK AND 2  INTERIOR LIFTS ONE VERTICAL PLATFORM LIFT AND ONE INCLINED WHEELCHAIR LIFT TO THE LOBBY/ NO CHANGE OF USETOTAL SQ. FT OF WORK: 525 SQ FT",0.0,575.0,80201.0,2.0,1175149.9287747794,1910751.57,2019,06,21,0,0,1
578799,3032442,100817694,PERMIT - EASY PERMIT PROCESS,2019-05-02T00:00:00.000,2019-05-02T00:00:00.000,222.0,HURON ST,,"ALL ELEVATIONS, REPAIR/REPLACE SEALANT 2000 LINEAR FT. REPAIR/REPLACE CONCRETE SPALLS 1000 SQ FT., WATER PROOF PLANTERS, ONLY.",0.0,525.0,81401.0,42.0,1177969.5144609758,1905170.5676325152,2019,05,02,0,0,1
580012,3034839,100819099,PERMIT - NEW CONSTRUCTION,2019-12-16T00:00:00.000,2019-12-31T00:00:00.000,228.0,HILL ST,,"*DIRECT DEVELOPER SERVICES* NEW CONSTRUCTION FOR A 41 STORY BUILDING.  456 DWELLING UNITS AS PER PLANS. 209 PARKING SPACES, A 6-STORY PODIUM WITH 3,694 SF OF GROUND FLOOR RETAIL, 4TH & 5TH FLOOR OFFICE SPACES, AND A 6TH FLOOR AMENITY DECK WITH A GREEN ROOF.* FOUNDATION AND PARTIAL SUPERSTRUCTURE UNDER 100814234",0.0,351691.76,838300.0,27.0,1174180.0563503944,1907723.5170037197,2019,12,31,0,0,1
580271,3035309,100819392,PERMIT - NEW CONSTRUCTION,2019-06-17T00:00:00.000,2019-11-14T00:00:00.000,5410.0,BROADWAY,,"6,696 SF ADAPTIVE REUSE OF EXISTING BUILDING AT 5410 N BROADWAY TO BE CONVERTED INTO TOFU MANUFACTURING PLANT AND 2,697 SF NEW ADDITION TO BE OFFICE SPACE, LOCKER ROOM AND STORAGE FOR PHOENIX BEAN. 2 NEW PARKING SPACES AT ADDITION. EXISTING N BROADWAY DRIVEWAY TO REMAIN AS IS.",0.0,4461.56,30800.0,48.0,1167293.0701387783,1936146.48276996,2019,11,14,0,0,1
580544,3035739,B100819709,PERMIT – EXPRESS PERMIT PROGRAM,2019-05-14T00:00:00.000,2019-05-14T00:00:00.000,555.0,TRIPP AVE,Electrical Work,CHICAGO CARTON PLANT - 332-57458-22 - LOW VOLTAGE PERMIT FOR LOW VOLTAGE CARD ACCESS INSTALLATION,0.0,75.0,231400.0,28.0,1147939.7746555596,1903549.8292942217,2019,05,14,0,0,1
583867,3041940,100823729,PERMIT - RENOVATION/ALTERATION,2019-09-12T00:00:00.000,2019-09-12T00:00:00.000,24.0,WASHINGTON ST,,"SELF CERT: INTERIOR AND EXTERIOR ALTERATIONS TO EXISTING, 15 STORY RETAIL STORE BUILDING. RENOVATIONS TO EXISTING ROOF DECK WITH PLANTING AND PAVERS AT EXTERIOR LEVEL OF 14TH FLOOR AS PER PLANS.  5909 SF STRUCTURAL PEER REVIEW",0.0,1552.25,320100.0,42.0,1176575.181889331,1900866.235696196,2019,09,12,0,0,1
585300,3044825,100825443,PERMIT - RENOVATION/ALTERATION,2019-07-08T00:00:00.000,2019-07-08T00:00:00.000,1421.0,ELSTON AVE,,GROUND SCOPE OF WORK: INSTALL 1 6630; INSTALL GPS SPLITTER KIT; SWAP POWER PLANT W/VERTIV 7100; INSTALL 12 RECTIFIERS; INSTALL 3 CONVERTERS; INSTALL 4 STRINGS OF FT190TOWER SCOPE OF WORK: REMOVE 3 RRUS; INSTALL 3 RRUS,0.0,825.0,842300.0,27.0,1167485.5538924232,1909692.870588628,2019,07,08,0,0,1
586701,3047390,100827122,PERMIT - RENOVATION/ALTERATION,2019-07-11T00:00:00.000,2019-07-12T00:00:00.000,1450.0,MICHIGAN AVE,,GROUND SCOPE OF WORK: REMOVE DUS41; REMOVE 1 POWER PLANT; INSTALL 1 GPS SPLITTER; INSTALL 3 6630S; INSTALL 1 POWER PLANT; INSTALL 1 ENERSYS BATTERY PACKTOWER SCOPE OF WORK: REMOVE 6 ANTENNAS; REMOVE 12 RRHS; INSTALL 6 ANTENNAS; INSTALL 9 RRHS,0.0,825.0,330100.0,3.0,1177418.173279466,1893348.0223679116,2019,07,12,0,0,1
588485,3050527,100829221,PERMIT - EASY PERMIT PROCESS,2019-07-08T00:00:00.000,2019-07-08T00:00:00.000,2734.0,WENTWORTH AVE,,INCREASING HEATING PLANT AREA FROM 15 SQ FT TO 25 SQ FT TO ALLOW FOR PROPER CLEARANCE,0.0,175.0,340400.0,11.0,1175363.23018629,1886152.418502408,2019,07,08,0,0,1
588878,3051367,100829697,PERMIT - RENOVATION/ALTERATION,2019-08-02T00:00:00.000,2019-11-01T00:00:00.000,4131.0,STATE ST,,"INTERIOR RENOVATION AND BUILDOUT OF EXISTING BUILDING FOR SOIL MANUF. COMPANY. INCLUDES 3RD LEVEL ADDITION WITH GREEN ROOF. EXISTING BUILDING NEW ADDITION SCOPE INCLUDES ARCHITECTURAL, STRUCTURAL, MECHANICAL, PLBNG. AND ELECTRICAL WORK. NO CIVIL WORK IN SCOPE. NO OFF STREET PARKING PROVIDED ALL PER PLANS. **CERTIFIED PLAN CORRECTIONS** 4131 S STATE.",0.0,15626.36,835900.0,,,,2019,11,01,0,0,1
589186,3052115,100830045,PERMIT - RENOVATION/ALTERATION,2019-08-07T00:00:00.000,2019-10-04T00:00:00.000,5700.0,CICERO AVE,,"MECHANICAL REPLACEMENT ONLY TO INCLUDE ASSOCIATED STRUCTURAL MODIFICATIONS. ALTERATIONS TO EXISTING CHILLER PLANT TO INCLUDE REMOVAL AND INSTALLATION OF EXISTING ICE BANK, REFRIGERATION AND CHILLED WATER EQUIPMENT SYSTEMS. NO CHANGE TO WALLS OR ROOM LAYOUT",0.0,1051.25,980100.0,23.0,1145607.9660026017,1866377.4161644632,2019,10,04,0,0,1
589310,3052435,100830193,PERMIT - WRECKING/DEMOLITION,2019-07-12T00:00:00.000,2019-09-18T00:00:00.000,2501.0,KEELER AVE,,WRECK AND REMOVE A 1 STORY MASONRY BUILDING (FORMER CUT OFF BUILDING OF NEWLY WEDS FOODS PLANT),0.0,500.0,200200.0,31.0,1148003.282740323,1916324.0112225933,2019,09,18,0,0,1
590538,3055124,B100831714,PERMIT – EXPRESS PERMIT PROGRAM,2019-07-22T00:00:00.000,2019-07-22T00:00:00.000,201.0,RANDOLPH ST,Monthly Maintenance Permit,TEMPORARY POWER FOR PERENNIAL PLANT ASSOCIATION ROOFTOP TERRACE - WEDNESDAY 7-31-19.,0.0,150.0,320100.0,42.0,1177882.181590371,1901182.7719980776,2019,07,22,0,0,1
590741,3055588,100831977,PERMIT - NEW CONSTRUCTION,2020-06-19T00:00:00.000,2020-06-19T00:00:00.000,1806.0,MOZART ST,,2-CAR GARAGE WITH PASSIVE GREEN ROOF ON SINGLE FAMILY RESIDENTIAL LOT. NO ELECTRICAL WORK ON PROJECT. **CERTIFIED PLAN CORRECTIONS**,0.0,650.0,222500.0,1.0,1157097.5686680034,1911969.98930231,2020,06,19,0,0,1
590885,3055875,100832138,PERMIT - SIGNS,2020-02-20T00:00:00.000,2020-07-14T00:00:00.000,3020.0,MONTROSE AVE,,"1'-10 1/4"" X 7'-6"" ILLUMINATED CHANNEL LETTERS ON FRONT ELEVATION COPY TO READ:DENTAL IMPLANTS",0.0,250.0,140800.0,33.0,1155341.3230968865,1929124.3727432704,2020,07,14,0,0,1
591195,3056466,B100832501,PERMIT – EXPRESS PERMIT PROGRAM,2019-07-26T00:00:00.000,2019-07-26T00:00:00.000,7601.0,CICERO AVE,Electrical Work,"REMOVAL OF FAILED CHILLER CONTROL PANEL, AND REPLACING WITH NEW NEW CONTROL PANEL WITH LOW VOLTAGE CABLING TO TEMPERATURE SENSORS AND TRANSDUCERS ON MACHINE. EXACT LOCATION OF THIS REPAIR IS SOUTH BUILDING¿S MAIN CHILLER PLANT",0.0,75.0,650500.0,18.0,1145766.062510761,1853744.7435112223,2019,07,26,0,0,1
592241,3058526,100833768,PERMIT - RENOVATION/ALTERATION,2019-10-01T00:00:00.000,2019-10-01T00:00:00.000,3961.0,BELMONT AVE,,"REPLACE (3) EXISTING RADIOS WITH (3) NEW RADIOS ASSOCIATED CABLING ON EXISTING AT&T FACILITY.  REPLACE (1) POWER PLANT WITHIN EXISTING COMPOUND, AS PER PLANS. AT&T SITE# 10095299. ELECTRICAL PERMIT# 100832579. PREVIOUS BUILDING PERMIT# 100778241.",0.0,825.0,210501.0,30.0,1149462.1495717952,1920945.6661543637,2019,10,01,0,0,1
593351,3060564,100835074,PERMIT - RENOVATION/ALTERATION,2019-08-20T00:00:00.000,2019-10-07T00:00:00.000,195.0,HARBOR DR,,"INSTALLATION OF A SEPARATE BOILER PLANT TO PROVIDE SPACE HEATING TO THE CONCOURSE LEVELS. DISCONNECTION FROM THE MAIN HEATING PLANT, ENERGY SAVINGS FROM THE REDUCED PUMP LOAD IN EXISTING 56 STORY MULTI-UNIT APARTMENT BUILDING.(CONDITIONAL PERMIT SUBJECT TO FIELD INSPECTIONS)",0.0,907.0,320100.0,42.0,1179687.020546456,1901930.2536645876,2019,10,07,0,0,1
594279,3062575,100836202,PERMIT - EASY PERMIT PROCESS,2019-08-16T00:00:00.000,2019-08-16T00:00:00.000,720.0,MICHIGAN AVE,,REPLACEMENT OF (2) PENTHOUSE MAKEUP AIR UNITS. CENTRAL PLANT CHILLED WATER COOLING SOURCE.,0.0,150.0,320600.0,4.0,1177347.8890155908,1897035.3906515143,2019,08,16,0,0,1
596521,3067068,100838820,PERMIT - NEW CONSTRUCTION,2020-02-07T00:00:00.000,2020-04-10T00:00:00.000,2801.0,ASHLAND AVE,,"*DIRECT DEVELOPER SERVICES* PMD 11. ERECT NEW 2 STORY WAREHOUSE WITH MEZZANINE LEVEL FOR FOOD PROCESSING PLANT TO INCLUDE NEW DRIVEWAYS, LANDSCAPING AND SITE WORK AS PER PLANS.",0.0,13734.0,843200.0,25.0,1166179.558638496,1885298.654403974,2020,04,10,0,0,1
596745,3067418,B100839068,PERMIT – EXPRESS PERMIT PROGRAM,2019-09-04T00:00:00.000,2019-09-06T00:00:00.000,600.0,KINZIE ST,Monthly Maintenance Permit,SCHEDULED PMS ON ELECTRICAL EQUIPMENT INSIDE CHOCOLATE FACTORY PLANT,0.0,300.0,243600.0,27.0,1172231.085536217,1902955.411466567,2019,09,06,0,0,1
597895,3069646,100840409,PERMIT - RENOVATION/ALTERATION,2019-10-23T00:00:00.000,2019-10-23T00:00:00.000,2910.0,LAKE ST,,"REPLACE (3) EXISTING RADIOS WITH (3) NEW RADIOS ASSOCIATED CABLING ON EXISTING AT&T FACILITY.  REPLACE EXISTING POWER PLANT WITH (1) NEW POWER PLANT WITHIN EXISTING COMPOUND, AS PER PLANS. AT&T SITE# 10061813. ELECTRICAL PERMIT# 100840345. PREVIOUS BUILDING PERMIT# 100757265.",0.0,825.0,837100.0,27.0,1156889.0733704749,1901046.7728472643,2019,10,23,0,0,1
598849,3071527,100841550,PERMIT - EASY PERMIT PROCESS,2019-09-18T00:00:00.000,2019-09-18T00:00:00.000,137.0,STATE ST,,ADDITION OF REVERSE OSMOSIS (RO) FILTRATION SYSTEM IN SUPPORT OF EXISTING CHILLER PLANT CONDENSER WATER SYSTEM. THE (RO) SYSTEM WILL PURIFY COOLING TOWER MAKE UP WATER TO ALLOW MORE CYCLES OF CONCENTRATION AND REDUCE OVERALL WATER CONSUMPTION.,0.0,600.0,320400.0,42.0,1176446.4404232374,1899572.1224843368,2019,09,18,0,0,1
600100,3073864,100842990,PERMIT - NEW CONSTRUCTION,2020-03-31T00:00:00.000,2020-10-16T00:00:00.000,1210.0,STATE PKWY,,"***DIRECT DEVELOPER SERVICES*** PRE-2019 CODE ** FOUNDATION AND SS UP TO LEVEL 3 SLAB ONLY FOR THE NEW CONSTRUCTION OF A 12 STORY, 89 DWELLING UNIT BUILDING ON A PARKING AND RETAIL PODIUM. INCLUDES ROOF DECK, GREEN ROOF, TWO (2) 10'X25' LOADING BERTHS, AND 33 OFF-STREET PARKING SPACES.",0.0,17017.77,80202.0,2.0,1176028.743248612,1908488.6082729376,2020,10,16,0,0,1
603556,3080320,100847112,PERMIT - RENOVATION/ALTERATION,2020-02-11T00:00:00.000,2020-02-11T00:00:00.000,2854.0,VAN BUREN ST,,"RENOVATION OF A SINGLE STORY OFFICE SPACE IN AN EXISTING 4 STORY BUILDING AND NEW SITE WORK ON ADJACENT LOTS FOR A PROPOSED URBAN FARM AT 2834-2858 W VAN BUREN ST. CURRENT ZONING IN THIS DISTRICT IS C1-3. EXISTING BUILDING CONSISTS  OF AN EMPTY REAL ESTATE OFFICE SPACE ON THE GROUND FLOOR AND 3 STORIES OF RESIDENTIAL ABOVE WITH A TOTAL OF 3 DWELLING WHICH ARE TO REMAIN. INTERIOR SCOPE IS FOR THE RENOVATION OF THE GROUND FLOOR SPACE INTO THE OFFICE FOR AN URBAN FARM. EXTERIOR SITE WORK FOR THE URBAN FARM INCLUDES EXCAVATING EMPTY LOT AND REGRADING FOR NEW PLANTING BEDS. NEW 1'-6"" CONCRETE CURB AND 4'-6"" TALL FENCE TO BE INSTALLED ALONG PERIMETER OF GARDEN. 2 NEW ACCESSORY STORAGE CONTAINERS TO BE LOCATED ON SITE FOR STORAGE OF NON-HAZARDOUS GARDENING MATERIALS. COLD-STORAGE SEPARATION TO BE LOCATED IN ONE OF THE SHIPPING CONTAINERS ALSO FOR STORAGE ON NON-HAZARDOUS MATERIALS. A NEW 6' WIDE BIOSWALE TO BE LOCATED ALONG VAN BUREN FOR DRAINAGE.",0.0,2300.0,837000.0,27.0,1157179.3348058355,1898067.89055632,2020,02,11,0,1,1
607537,3088371,100851794,PERMIT - ELEVATOR EQUIPMENT,2019-11-20T00:00:00.000,2019-11-20T00:00:00.000,5617.0,MARYLAND AVE,,"REPLACEMENT OF HOIST CABLES ON ONE(1) 1000LB CAPACITY, 200FPM, 6-FLOOR, TRACTION, PASSENGER ELEVATOR, PURSUANT  TO THE SCOPE OF WORK SUBMITTED.(W. CHILLER COMB UTILITY PLANT)",0.0,255.0,836200.0,5.0,1182910.610316112,1867866.484092396,2019,11,20,0,0,1
609024,3091509,100853789,PERMIT - RENOVATION/ALTERATION,2019-12-20T00:00:00.000,2020-03-10T00:00:00.000,900.0,GRAND AVE,,"***DIRECT DEVELOPER SERVICES*** REVISION TO PERMIT #100735045 FOR PROPOSED 7-STORY,  223 KEY HOTEL AT NAVY PIER TO INCLUDE ADDITION OF TREES AND TREE PITS, PREVIOUSLY INCLUDED PLANTERS, CAST-IN-PLACE CONCRETE AND REPLACEMENT OF PREVIOUSLY EXISTING STAIRS",0.0,15958.32,81402.0,42.0,1182814.3127232804,1904201.6783886584,2020,03,10,0,0,1
610180,3093841,100855170,PERMIT - SIGNS,2020-01-24T00:00:00.000,2020-01-28T00:00:00.000,25.0,HALSTED ST,,"NORTH ELEVATION: 18'-6"" X 3' NON-ILLUMINATED LETTERS & LOGO INSTALLED ONTO AN EXISTING BASE/PLANTER.",0.0,300.0,281900.0,27.0,1171100.155459444,1899981.162744356,2020,01,28,0,0,1
610868,3095256,100855990,PERMIT - RENOVATION/ALTERATION,2019-12-26T00:00:00.000,2019-12-26T00:00:00.000,5331.0,CORNELL AVE,,"EXTEERIOR WORK ONLY :  REMOVE EXISTING REAR, EAST KNEE WALL AND INFILL WITH CONCRETE AND INSTALL 4' L X 18""W X 2'-6"" HT. PLANTER @ REAR SOUTHSIDE, PER PLANS.",0.0,550.0,410900.0,5.0,1188201.9712159005,1870094.8455971011,2019,12,26,0,0,1
611343,3096173,100856548,PERMIT - EASY PERMIT PROCESS,2019-12-30T00:00:00.000,2019-12-31T00:00:00.000,300.0,VAN BUREN ST,,"REPLACE EXISTING REFRIGERATION EQUIPMENT ENCOMPASSING THE SOUTH HALF OF THE CHILLER PLANT WITH NEW CHILLERS, PUMPS, COOLING TOWERS AND HEAT EXCHANGERS INCLUDING THEIR ASSOCIATED APPURTENANCES. (STAMPED PLANS)",0.0,75000.0,839100.0,42.0,1174363.262697313,1898518.2476806804,2019,12,31,0,0,1
612572,3099070,100858033,PERMIT - NEW CONSTRUCTION,2020-01-14T00:00:00.000,2020-01-14T00:00:00.000,1227.0,60TH ST,,"FULL BUILDING PERMIT INCLUDING FOUNDATION: NEW CONSTRUCTION OF A PROPOSED 13 STORY, 167 UNIT HOTEL TOWER WITH RESTAURANT AND MULTI-USE ASSEMBLY SPACE AND MEETING ROOMS IN PODIUM AND ON SECOND FLOOR. CAISSONS AT FOUNDATION, NO BASEMENT. 1227 E 60TH STREET.*GREEN ROOF: AREA = 10,043 SQ.FT.*",0.0,79019.1,420200.0,20.0,1185559.5566761354,1865455.706776323,2020,01,14,0,0,1
615561,3105412,100861573,PERMIT - RENOVATION/ALTERATION,2020-02-10T00:00:00.000,2020-05-22T00:00:00.000,1908.0,ST LOUIS AVE,,REPLACE CHILLED WATER PLANT (CHILLERS AND PUMPS) IN BASEMENT AND COOLING TOWER ON ROOF (CONDITIONAL PERMIT SUBJECT TO FIELD INSPECTIONS),0.0,825.0,841400.0,24.0,1153362.137269139,1890353.436950342,2020,05,22,0,0,1
616545,3107311,100862742,PERMIT - EASY PERMIT PROCESS,2020-02-13T00:00:00.000,2020-02-13T00:00:00.000,1122.0,ALTGELD ST,,TUCKPOINT INCLUDING ON PARAPET & REPLACE LEANING BRICKS. APPLY MASONRY SEALER. REPAIR (4) CHIMNEY & MASONRY PLANTER WALL (NO STRUCTURAL WORK)- ALL WORK SAME AS EXISTING; SUBJECT TO FIELD INSPECTIONS,0.0,375.0,70400.0,43.0,1168283.2469901762,1916803.8636330129,2020,02,13,0,0,1
618233,3110681,100864789,PERMIT - NEW CONSTRUCTION,2020-12-07T00:00:00.000,2021-02-11T00:00:00.000,1210.0,STATE PKWY,,*DIRECT DEVELOPER SERVICES* FULL BUILDING PERMIT PHASE FOR NEW CONSTRUCTION OF A 12 STORY RESIDENTIAL BUILDING ON PARKING AND RETAIL PODIUM WITH ROOF DECK AND GREEN ROOF AS PER PLAN. FOUNDATION AND SUPERSTRUCTURE PERMIT THROUGH LEVEL 3 SLAB PERMITTED UNDER APPLICATION #100842990. CONSULTANT REVIEWER: GLOBETROTTERS ENGINEERING,0.0,96093.86,80202.0,2.0,1176028.743248612,1908488.6082729376,2021,02,11,0,0,1
619567,3113036,100866390,PERMIT - NEW CONSTRUCTION,2020-06-15T00:00:00.000,2020-06-16T00:00:00.000,2828.0,KILBOURN AVE,,"SUSTAINABLE CAMPUS PLAN WITH A FOCUS ON GREEN INFRASTRUCTURE. INCLUDING A AGES 2-5 AND 5-12 PLAYGROUNDS, ARTIFICIAL TURF, ASPHALT RUNNING TRACK, 1 BASKETBALL COURT, OUTDOOR CLASSROOM, WALKWAYS, NATIVE PLANTINGS, GARDENS, FENCING AND SITE FURNISHINGS.  DRAINAGE, UTILITIES, AND ACCESSIBILITY ARE ALSO INCLUDED.",375.0,375.0,200100.0,31.0,1145852.597348289,1918556.6522258872,2020,06,16,0,1,1
619569,3113041,100866394,PERMIT - NEW CONSTRUCTION,2020-06-16T00:00:00.000,2020-06-16T00:00:00.000,3937.0,WILCOX ST,,"SUSTAINABLE CAMPUS PLAN WITH A FOCUS ON GREEN INFRASTRUCTURE.  INCLUDING AN AGES 2-5 AND 5-12 PLAYGROUNDS, ARTIFICIAL TURF, ASPHALT RUNNING TRACK, BASKETBALL COURTS, OUTDOOR CLASSROOM, WALKWAYS, NATIVE PLANTINGS, GARDENS, FENCING AND SITE FURNISHING.  DRAINAGE, UTILITIES AND ACCESSIBILITY ARE ALSO INCLUDED.",375.0,375.0,260800.0,28.0,1150012.2281183368,1899002.1657331293,2020,06,16,0,1,1
620114,3114109,100867064,PERMIT - RENOVATION/ALTERATION,2020-07-31T00:00:00.000,2020-07-31T00:00:00.000,2672.0,BURLING ST,,"PROPOSED 2 STORY REAR ADDITION W/GREEN ROOF, 1 CAR PARKING PAD, 5' CHAIN LINK FENCE, INTERIOR REMODELING FOR EXISTING 3 STORY SFR, PER PLANS.",0.0,1907.65,70200.0,43.0,1170766.4761734,1918238.0026559543,2020,07,31,0,0,1
622764,3118393,100870334,PERMIT - RENOVATION/ALTERATION,2020-11-25T00:00:00.000,2021-10-27T00:00:00.000,1633.0,MADISON ST,,"DE-CONVERT FROM 482 DU TO 480 DU, INTERIOR RENOVATION OF EXISTING FIRST FLOOR LOBBY AND SELECT INTERIOR FIRST FLOOR AREAS. MECHANICAL WORK TO PROVIDE MAKE-UP AIR TO RESIDENT UNITS AT EACH FLOOR. INCIDENTAL INTERIOR FINISHES WORK TO ACCOMMODATE THE MECHANICAL WORK AT UPPER FLOORS. PROVIDE RTU'S AT EXISTING ROOF. PROVIDE EXTERIOR LANDSCAPE WORK ON EXISTING FACILITY PROPERTY SUCH AS FENCE REPAINTING, PLANTINGS, PAVEMENT REPLACEMENT TO ACCOMMODATE SOIL  REMOVAL WORK.",0.0,18843.0,838100.0,27.0,1165418.5631963871,1900048.475710186,2021,10,27,0,0,1
623494,3119428,100871248,PERMIT - RENOVATION/ALTERATION,2020-04-27T00:00:00.000,2021-08-27T00:00:00.000,1923.0,DAMEN AVE,,"REMOVE PORTIONS OF AS-BUILT GARAGE CONSTRUCTED WITHOUT PERMIT THAT HAVE BEEN BUILT OUTSIDE OF PROPERTY LINES AND ERECT A NEW DETACHED 2 CAR PRIVATE GARAGE WITH ROOF DECK ACCESSED FROM NEW CONNECTION FROM LANDING OF EXISTING REAR OPEN STAIR, NEW GARAGE ROOF TOP PERGOLA AND FULL COVERED ROOF OVER GARAGE ROOF DECK WITH SCREEN WALLS AND BUILT IN PLANTER BOXES ALL ACCESSORY TO AN EXISTING 4 STORY W/ BASEMENT 3 DU RESIDENTIAL BUILDING, AS PER PLANS.",0.0,1500.0,831000.0,32.0,1162761.6792531298,1912895.5502712063,2021,08,27,0,0,1
625531,3122265,100873788,PERMIT - RENOVATION/ALTERATION,2020-05-21T00:00:00.000,2020-06-15T00:00:00.000,4417.0,SPRINGFIELD AVE,,"RENOVATION OF EXISTING OFFICE SPACE, BREAK AREA, TOILETS AND LOCKER ROOMS INCLUDING NEW ACCESSIBLE ENTRY DOOR AND EMPLOYEE WELFARE AREA. NEW EXIT DOOR, LIGHTING, ELECTRICAL PANELS, UNIT HEATERS, AND OVERHEAD DOOR REPAIRS IN MAIN PLANT, STORAGE, AND DOCK AREA PER PLANS.**CERTIFIED CORRECTIONS- - SUBJECT TO FIELD INSPECTIONS & AUDIT **",0.0,14483.79,570100.0,14.0,1151127.8477109473,1874995.6061982336,2020,06,15,0,0,1
627363,3124909,100875994,PERMIT - EASY PERMIT PROCESS,2020-05-28T00:00:00.000,2020-05-28T00:00:00.000,2149.0,SEMINARY AVE,,REBUILD BRICK/CONCRETE PLANTERS / REBUILD FRONT PORCH / TUCKPOINT & REPLACE BRICKS AS NEEDED,0.0,525.0,71000.0,43.0,1168651.3483690592,1914651.225429138,2020,05,28,0,0,1
627794,3125571,100876571,PERMIT - RENOVATION/ALTERATION,2020-06-19T00:00:00.000,2021-01-06T00:00:00.000,1206.0,WELLINGTON AVE,,NEW NONCOMBUSTIBLE RAISED REAR YARD TERRACE WITH BUILT-IN CABINETRY AND PLANTERS AT EXISTING SINGLE FAMILY RESIDENCE OF TYPE R-5 OCCUPANCY AND TYPE 5A CONSTRUCTION.  NO CHANGE TO USE OR OCCUPANCY.  2019 CHICAGO REHAB CODE.,0.0,800.0,62800.0,32.0,1167674.418109457,1920099.1250038608,2021,01,06,0,0,1
627802,3125583,100876579,PERMIT - EASY PERMIT PROCESS,2020-06-03T00:00:00.000,2020-06-03T00:00:00.000,2635.0,HOMER ST,,"NSTALL PRIVACY FENCE 40'X4', PLANTER BOXES AND CABINET INSTALLATION",0.0,225.0,832400.0,1.0,1158341.69600666,1912811.9553476744,2020,06,03,0,0,1
629163,3127705,100878286,PERMIT - RENOVATION/ALTERATION,2020-07-09T00:00:00.000,2020-07-09T00:00:00.000,720.0,STATE ST,,"NEW EXTERIOR PLANTERS ON A NEW SELF-SUPPORTING STEEL FRAME STRUCTURE AT THE PERIMETER OF AN EXISTING 925 SF OUTDOOR DINING AREA.NO CHANGE TO EXISTING BUILDING, USE, AREA, EGRESS, OR OCCUPANT LOAD.NO ELECTRICAL, PLUMBING, HVAC, OR FIRE PROTECTION WORK.",0.0,825.0,81600.0,2.0,1176194.8607696383,1905348.3945363408,2020,07,09,0,0,1
630694,3130330,100880223,PERMIT - RENOVATION/ALTERATION,2020-06-30T00:00:00.000,2020-06-30T00:00:00.000,3300.0,CHELTENHAM DR,,"EUGENE SAWYER WATER FILTRATION PLANT - ENTIRE BUILDING(1941 & 1964 ADDITION) ROOF STEEL RESTORATION, FACADE AND MEP RENOVATIONS. ROOF SYSTEM TO INCLUDE ROOFING MEMBRANE, INSULATION, PRECAST CONCRETE ROOF PLANKS AND EXPANSION JOINTS FROM COLUMN LINES AO TO AC INCLUSIVE.",0.0,103959.53,431400.0,7.0,1199275.56960979,1854242.3992597167,2020,06,30,0,0,1
631849,3132163,B100881738,PERMIT – EXPRESS PERMIT PROGRAM,2020-07-10T00:00:00.000,2020-07-13T00:00:00.000,250.0,SUPERIOR ST,Electrical Work,BRING POWER FROM BASEMENT OF PRENTICE FOR RECEPTACLES AND LIGHTING IN EXISTING PLANTERS ALONG FAIRBANKS.  WORK IS BEING PERFORMED OUTSIDE,0.0,225.0,,,1178248.9162386418,1905460.8012843505,2020,07,13,0,0,1
632526,3133333,100882607,PERMIT - NEW CONSTRUCTION,2020-08-10T00:00:00.000,2020-10-13T00:00:00.000,369.0,GRAND AVE,,"(DIRECT DEVELOPER SERVICES)  REVISION TO PERMIT# 100816236 FOR MODIFICATIONS TO INTERIOR LAYOUTS ON LEVELS 01 & 05, EXTERIOR WORK TO INCLUDE ADDITIONAL ENTRY DOORS AT RETAIL SPACES AS WELL AS LANDSCAPE MODIFICATIONS FOR THE REPLACEMENT OF RAISED CURB PLANTERS WITH TREE GRATES AS PER PLANS. CONSULTANT REVIEWER: V3 COMPANIES",0.0,3075.0,81800.0,42.0,1173511.675077148,1903789.738652043,2020,10,13,0,0,1
633282,3134553,100883560,PERMIT - RENOVATION/ALTERATION,2021-03-25T00:00:00.000,2021-12-13T00:00:00.000,320.0,SUPERIOR ST,,NEW HOT WATER AND LOW PRESSURE BOILER PLANT IN NEW MECHANICAL PENTHOUSE ADDITION TO EXISTING NORTHWESTERN UNIVERSITY SEARLE MEDICAL RESEARCH BUILDING AS PER PLANS WITH DISTRIBUTION TO EXISTING RESEARCH LABORATORY COMPLEX. ADDITIONAL EQUIPMENT REPLACEMENT AND MEP UPGRADES IN THE LABORATORY COMPLEX TO SUPPORT THE NEW PLANTS. **CERTIFIED CORRECTIONS SUBJECT TO FIELD INSPECTIONS & AUDIT **,0.0,3476.7,81401.0,2.0,1178583.0031633896,1905473.0355103256,2021,12,13,0,0,1
633708,3135288,100884099,PERMIT - RENOVATION/ALTERATION,2020-08-26T00:00:00.000,2020-12-07T00:00:00.000,4841.0,CALIFORNIA AVE,,"BUILDING #1,INTERIOR RENOVATION OF EXISTING WHOLE SALES/ GARAGE SPACE, CONVERT TO LIMITED MANUFACTURING /FOOD PROCESSING PLANT, WORK INCLUSIVE OF ARCHITECTURAL, REFRIGERATION,PLUMBING AND ELECTRICAL WORK. APPROXIMATELY 17,500 SQUARE FEET AS PER PLANS**CERTIFIED CORRECTIONS SUBJECT TO FIELD INSPECTIONS & AUDIT **",300.0,6550.0,842800.0,14.0,1158566.3089370846,1872261.529782581,2020,12,07,0,0,1
634282,3136279,B100884879,PERMIT – EXPRESS PERMIT PROGRAM,2020-07-30T00:00:00.000,2020-07-30T00:00:00.000,1635.0,BELMONT AVE,Electrical Work,"TMOBILE CH90225A  - UTILIZE (1) EXISTING GSM PCS FSMF - (3) EXISTING AHFIB'S TO BE REMOVED AND RETURNED TO WAREHOUSE - (3) EXISTING FXFC'S TO BE REMOVED AND RETURNED TO WAREHOUSE - RELOCATE (3) EXISTING AHLOA'S (1 PER SECTOR) - INSTALL (3) NEW AHFIG'S (1 PER SECTOR) - REPLACE (3) EXISTING ANTENNAS WITH (3) NEW ANTENNAS - RELOCATE (6) EXISTING ANTENNAS - REPLACE (3) EXISTING NON-PENETRATING SLED MOUNTS WITH (3) NEW NON-PENETRATING SLED MOUNTS - INSTALL NEW RF JUMPERS FOR NEW AND RELOCATED RRU'S - UTILIZE (9) EXISTING HCS 2.0 LONG JUMPERS - UTILIZE (1) EXISTING ROOFTOP OVP AT EQUIPMENT - INSTALL (1) NEW ROOFTOP OVP AT EQUIPMENT - RELOCATE (1) EXISTING FSEB TO EQUIPMENT RACK - UTILIZE (1) EXISTING EQUIPMENT RACK - UTILIZE (1) EXISTING BATTERY/POWER PLANT RACK - UTILIZE (1) EXISTING AMIA W/ (1) NEW ASIB CORE MODULE, (1) NEW ASIK CORE MODULE, (3) NEW ABIC CAPACITY MODULES AND (3) NEW ABIL CAPACITY MODULES IN EXISTING EQUIPMENT RACK - UTILIZE (1) EXISTING AMIA W/ (1) EXISTING ASIA CORE MODUL",0.0,300.0,62600.0,32.0,1164705.921259368,1921266.3319835828,2020,07,30,0,0,1
634284,3136281,B100884881,PERMIT – EXPRESS PERMIT PROGRAM,2020-07-30T00:00:00.000,2020-07-30T00:00:00.000,1605.0,GRAND AVE,Electrical Work,"TMOBILE CH91039B - UTILIZE (1) EXISTING GSM PCS FSMF - (3) EXISTING AHFIB'S TO BE REMOVED AND RETURNED TO WAREHOUSE - (3) EXISTING FXFC'S TO BE REMOVED AND RETURNED TO WAREHOUSE - RELOCATE (3) EXISTING AHLOA'S (1 PER SECTOR) - INSTALL (3) NEW AHFIG'S (1 PER SECTOR) - REPLACE (3) EXISTING ANTENNAS WITH (3) NEW ANTENNAS - RELOCATE (6) EXISTING ANTENNAS - REPLACE (3) EXISTING NON-PENETRATING SLED MOUNTS WITH (3) NEW NON-PENETRATING SLED MOUNTS - INSTALL NEW RF JUMPERS FOR NEW AND RELOCATED RRU'S - UTILIZE (9) EXISTING HCS 2.0 LONG JUMPERS - UTILIZE (1) EXISTING ROOFTOP OVP AT EQUIPMENT - INSTALL (1) NEW ROOFTOP OVP AT EQUIPMENT - RELOCATE (1) EXISTING FSEB TO EQUIPMENT RACK - UTILIZE (1) EXISTING EQUIPMENT RACK - UTILIZE (1) EXISTING BATTERY/POWER PLANT RACK - UTILIZE (1) EXISTING AMIA W/ (1) NEW ASIB CORE MODULE, (1) NEW ASIK CORE MODULE, (3) NEW ABIC CAPACITY MODULES AND (3) NEW ABIL CAPACITY MODULES IN EXISTING EQUIPMENT RACK - UTILIZE (1) EXISTING AMIA W/ (1) EXISTING ASIA CORE MODULE",0.0,300.0,243200.0,27.0,1165579.119865927,1903525.7121523584,2020,07,30,0,0,1
635005,3137440,100885831,PERMIT - EASY PERMIT PROCESS,2020-08-05T00:00:00.000,2020-08-05T00:00:00.000,225.0,MICHIGAN AVE,,"REMOVAL OF EXISTING NON STRUCTURAL EXTERIOR EAST PLAZA CONCRETE, MASONRY PLANTERS AND LANDSCAPING. FULL PERMIT #100884587 FOR ALL IMPROVEMENTS, IMPROVEMENTS WILL BE SUBMITTED SEPARATELY",0.0,300.0,320100.0,42.0,1177295.0699593024,1901983.300508084,2020,08,05,0,0,1
635297,3137993,B100886249,PERMIT – EXPRESS PERMIT PROGRAM,2020-08-10T00:00:00.000,2020-08-11T00:00:00.000,600.0,KINZIE ST,Monthly Maintenance Permit,SCHEDULED PMS ON ELECTRICAL EQUIPMENT INSIDE A CHOCOLATE FACTORY PLANT.,0.0,300.0,243600.0,27.0,1172231.085536217,1902955.411466567,2020,08,11,0,0,1
635538,3138378,100886566,PERMIT - RENOVATION/ALTERATION,2020-08-25T00:00:00.000,2020-08-31T00:00:00.000,3810.0,WAYNE AVE,,SPR 2019 CBC - REPLACE EXISTING PERGOLA AT EXISTING 3RD FLOOR ROOF DECK AND ADD NEW CABINETRY AND PLANTERS ON EXISTING SINGLE FAMILY RESIDENCE OF TYPE 3A MASONRY CONSTRUCTION AND TYPE R-5 OCCUPANCY.  NO CHANGE TO OCCUPANCY OR EGRESS - AS PER PLANS,0.0,350.0,60500.0,44.0,1166575.0598315052,1925578.5746769477,2020,08,31,0,0,1
636265,3139615,100887505,PERMIT - EASY PERMIT PROCESS,2020-08-19T00:00:00.000,2020-08-19T00:00:00.000,2246.0,JANSSEN AVE,,"INSTALL 583 SF CONCRETE SLAB, 117 SF CONCRETE PATH. INSTALL 28 LF CONCRETE RETAINING WALL AT 11.5"" H, 71 LF CONCRETE CURB AT 7""HINSTALL 2087 SF ARTIFICIAL TURF. INSTALL CONCRETE FOOTING FOR BASKETBALL HOOP AND SPORT COURT LIGHT. INSTALL PLANT MATERIAL",0.0,550.0,832500.0,2.0,1166229.6592220666,1915184.7521084335,2020,08,19,0,0,1
637957,3142505,B100889797,PERMIT – EXPRESS PERMIT PROGRAM,2020-09-02T00:00:00.000,2020-09-02T00:00:00.000,3330.0,LOCKWOOD AVE,Electrical Work,"T-MOBILE CH31215A - REMOVE, RELOCATE AND REPLACE EXISTING CELLULAR ANTENNAS AND RADIOS ON EXISTING CELLULAR SITE. REMOVE AND REPLACE BATTERY RACK AND POWER PLANT.",0.0,75.0,151100.0,30.0,1140400.6380705575,1921777.011300745,2020,09,02,0,0,1
638140,3142807,100890030,PERMIT - NEW CONSTRUCTION,2020-09-06T00:00:00.000,2020-09-06T00:00:00.000,405.0,107TH ST,,REPLACE (3) SBNHN-1D65B ANTENNAS WITH(3) NNH4-65B-R6H4 ANTENNAS.INSTALL (6) 20 AMP BREAKERSINSTALL (3) RRUS 4449 B5/B12REMOVE (3) RRUS-11 B12ADD (1) 6630 FOR 5GINSTALL (1) #8 AWG DC POWER TRUNKREPLACE DC POWER PLANTRESTRAP EXISTING BATTERIESREMOVE (1) GSM CABINET TO MAKE ROOMFOR THE NEW DC POWER PLANT,0.0,825.0,491100.0,34.0,1175444.6427526877,1833918.1407172864,2020,09,06,0,0,1
638289,3143032,B100890225,PERMIT – EXPRESS PERMIT PROGRAM,2020-09-08T00:00:00.000,2020-09-22T00:00:00.000,600.0,KINZIE ST,Monthly Maintenance Permit,SCHEDULED PMS ON ELECTRICAL EQUIPMENT INSIDE A CHOCOLATE FACTORY PLANT; - UPDATE CONTROLS FOR PUMPING SYSTEM.,0.0,750.0,243600.0,27.0,1172231.085536217,1902955.411466567,2020,09,22,0,0,1
638391,3143208,B100890355,PERMIT – EXPRESS PERMIT PROGRAM,2020-09-08T00:00:00.000,2020-09-10T00:00:00.000,845.0,WILSON AVE,Electrical Work,**ELECTRICAL ONLY PERMIT** `THAT IT¿S FOR A CITY OWNED BUILDING REQUESTED BY DAN CUSACK 773-299-2552.¿  INSTALL CONDUIT AND WIRE FOR 71 TEMPERATURE SENSORS. INSTALL CONDUIT AND WIRE FOR 71 DISCHARGE AIR TEMPERATURE SENSORS INSTALL CONDUIT AND WIRE FOR 71 DDC REHEAT VALVES INSTALL CONDUIT AND WIRE FOR NETWORK CABLE INSTALL DDC PANEL SUPPLIED BY OTHERS INSTALL CONDUIT AND WIRE FOR 2 HOT WATER BYPASS VALVES FOR FINNED TUBE AND REHEAT LOOP CONTROL INSTALL CONDUIT AND WIRE FOR 1 TEMPERATURE SENSORS FOR BOILER PLANT CONTROL AND OUTSIDE AIR INSTALL CONDUIT AND WIRE FOR CO DETECTOR FOR LOCAL AND REMOTE ALARM DISCONNECT POWER FOR 3 EXISTING ROOFTOP AIR HANDLING UNITS. CONNECT POWER FOR 3 NEW ROOFTOP AIR HANDLING UNITS USING EXISTING WIRE AND CIRCUITS. DISCONNECT POWER FOR EXISTING HOT WATER BOILER. CONNECT POWER FOR NEW HOT WATER BOILER USING EXISTING WIRE AND CIRCUIT. DISCONNECT POWER FOR SUPPLY AND RETURN FANS. CONNECT NEW SUPPLY AND RETURN FANS USING EXISTING WIRE AND CIRCUITS. DISCONNECT PO,225.0,225.0,31500.0,46.0,1169611.146252144,1930706.6865436104,2020,09,10,0,0,1
638591,3143505,100890594,PERMIT - EASY PERMIT PROCESS,2020-09-10T00:00:00.000,2020-09-10T00:00:00.000,815.0,PERSHING RD,,"INSTALL FOUR 65 TON, AIR COOLED, REMOTE, CARRIER CHILLERS, LOCATED ON THE ROOF, AND SERVING A FOOD PROCESSING PLANT.",0.0,2400.0,842600.0,11.0,1171441.3578417564,1878963.654496221,2020,09,10,0,0,1
639624,3145284,B100891908,PERMIT – EXPRESS PERMIT PROGRAM,2020-09-18T00:00:00.000,2021-06-03T00:00:00.000,2801.0,ASHLAND AVE,Fire Alarm System,"**FIRE ALARM PERMIT**INSTALLATION OF A NEW, ELEVATOR RECALL SYSTEM WITH VOLUNTARY DETECTION AND NOTIFICATION IN A NEW CONSTRUCTION, SINGLE STORY FOOD PROCESSING PLANT.",0.0,150.0,311400.0,12.0,1166179.5586385,1885298.65440397,2021,06,03,0,0,1
641805,3148919,100894655,PERMIT - EASY PERMIT PROCESS,2020-10-07T00:00:00.000,2020-10-07T00:00:00.000,300.0,VAN BUREN ST,,"ROOF RECOVER ONLY - NO STRUCTURAL WORK.ROOF DRAIN ISTALL,3 NEW FLOOR DRAIN INSTALL AND ALL ASSOCIATED PIPING IN EXISTING CHILLER PLANT.",0.0,350.0,839100.0,42.0,1174363.262697313,1898518.2476806804,2020,10,07,0,1,1
641887,3149061,B100894762,PERMIT – EXPRESS PERMIT PROGRAM,2020-10-08T00:00:00.000,2020-10-13T00:00:00.000,600.0,KINZIE ST,Monthly Maintenance Permit,"SCHEDULED PMS ON ELECTRICAL EQUIPMENT INSIDE A CHOCOLATE FACTORY; - REPLACE BACKUP BATTERIES ON EMERGENCY FIXTURES, ANNUAL PMS; - WIRE NEW POWER SOURCE TO THE PLANT PUMPING SYSTEM MAIN PLC.",0.0,750.0,243600.0,27.0,1172231.085536217,1902955.411466567,2020,10,13,0,0,1
642177,3149533,B100895131,PERMIT – EXPRESS PERMIT PROGRAM,2020-10-12T00:00:00.000,2020-10-12T00:00:00.000,300.0,VAN BUREN ST,Electrical Work,INSTALLATION OF NEW MOTOR STARTERS/DISCONNECTS FOR NEW REFRIGERATION EQUIPMENT TO EXISTING CHILLER PLANT.,0.0,75.0,320500.0,34.0,1174363.262697313,1898518.2476806804,2020,10,12,0,0,1
642444,3149953,100895462,PERMIT - EASY PERMIT PROCESS,2020-10-14T00:00:00.000,2020-10-14T00:00:00.000,945.0,38TH ST,,"MINOR REPAIRS TO THE AMMONIA PLANT, INCLUDING WORK ON THE PURGE LINE, AND ADDING 1000 POUNDS OF AMMONIA.",0.0,300.0,839900.0,11.0,1170686.9942682153,1879711.3447889225,2020,10,14,0,0,1
643758,3152325,B100897096,PERMIT – EXPRESS PERMIT PROGRAM,2020-10-26T00:00:00.000,2020-10-26T00:00:00.000,1059.0,13TH ST,Electrical Work,"TMOBILE CH40584A  REMOVE AND REPLACE EXISTING TELECOMMUNICATION EQUIPMENT INCLUDING RADIO, ANTENNAS DC POWER PLANT AND BATTERY BACK UP CABINET.",0.0,300.0,283800.0,28.0,1169435.0625961912,1894247.174877112,2020,10,26,0,0,1
644507,3153774,100898040,PERMIT - EASY PERMIT PROCESS,2020-11-02T00:00:00.000,2020-11-02T00:00:00.000,1920.0,MILWAUKEE AVE,,"ALTERATIONS TO EXISTING ROOF TOP DECK AND GREEN ROOF AS PER PLANS TO PREVENT WATER INFILTRATION. INSTALL WOODEN DIVDERS TO DIVIDE ROOF AND PREVENT LATERAL MOVEMENT OF WATER, PSI INSULATION, 80 MIL TPO MEMBRANE",0.0,450.0,222200.0,32.0,1160209.208742039,1912752.4855561429,2020,11,02,0,0,1
644659,3154028,B100898227,PERMIT – EXPRESS PERMIT PROGRAM,2020-11-03T00:00:00.000,2021-07-19T00:00:00.000,600.0,KINZIE ST,Monthly Maintenance Permit,SCHEDULED PMS ON ELECTRICAL EQUIPMENT INSIDE CHOCOLATE FACTORY PLANT. - REPLACE EXISTING LIGHT FIXTURES WITH LEDS AT BEANS ROUTE TO VIADUCT. - WIRE POWER AND CONTROLS FOR LIQUOR BLOCKS MELTING SYSTEM.,0.0,525.0,243600.0,27.0,1172231.085536217,1902955.411466567,2021,07,19,0,0,1
647580,3158875,B100901908,PERMIT – EXPRESS PERMIT PROGRAM,2020-12-04T00:00:00.000,2021-07-19T00:00:00.000,600.0,KINZIE ST,Monthly Maintenance Permit,SCHEDULED PMS ON ELECTRICAL EQUIPMENT INSIDE CHOCOLATE FACTORY PLANT; - UPDATE OUTSIDE ILLUMINATION AT BEANS UNLOADING AND TRUCKS ROUTES.,0.0,525.0,243600.0,27.0,1172231.085536217,1902955.411466567,2021,07,19,0,0,1
649837,3162734,B100904768,PERMIT – EXPRESS PERMIT PROGRAM,2021-01-05T00:00:00.000,2021-07-19T00:00:00.000,600.0,KINZIE ST,Monthly Maintenance Permit,SCHEDULED PMS ON ELECTRICAL EQUIPMENT INSIDE CHOCOLATE FACTORY PLANT; - WIRE MELTING UNIT FOR LIQUOR BLOCKS.,0.0,525.0,243600.0,27.0,1172231.085536217,1902955.411466567,2021,07,19,0,0,1
650006,3163062,100904962,PERMIT - NEW CONSTRUCTION,2021-01-15T00:00:00.000,2021-02-22T00:00:00.000,311.0,GREEN ST,,"***DIRECT DEVELOPER SERVICES*** REVISION TO PERMITS 100820427 AND 100841642; REVISIONS INCLUDE: RELOCATION OF THE FIREMAN ACCESS PANEL WITHIN THE MAIN LOBBY LL1; SHIFT OF THE VESTIBULES OF THE MAIN LOBBY LL1; RELOCATION OF THE SECURITY TURNSTILES FOR ELEVATOR ACCESS IN THE MAIN LOBBY LL1;ELIMINATION OF THE ART WALL AT EAST END OF THE MAIN LOBBY; ADDITION OF THE MEZZANINE AT THE MAIN LOBBY LL1; SUBDIVISION OF THE RETAIL SPACES LL1, INCLUDING ELIMINATION OF (3) ENTRY DOORS LL1;RE-SIZING OF THE GAS METER ALCOVE AT SE CORNER OF THE BUILDING (GROUND LEVEL);REFINEMENT OF THE MANAGEMENT OFFICE AND ADDITION OF SECURITY OFFICE AT LOWER LEVEL 2; REFINEMENT OF THE LANDSCAPE PLANTERS AT THE WEST SIDE WALK.; ALL AS PER PLANS - CONSULTANT REVIEWER: GLOBETROTTERS ENGINEERING",0.0,12832.76,833000.0,27.0,1170715.9778331649,1902227.8220437283,2021,02,22,0,0,1
650283,3163639,B100905308,PERMIT – EXPRESS PERMIT PROGRAM,2021-01-11T00:00:00.000,2021-02-10T00:00:00.000,650.0,83RD ST,Fire Alarm System,**FIRE ALARM PERMIT**INSTILLATION OF A NEW EST IO1000 TYPE PANEL IN A NON-JURISDICTIONAL FOOD WASTE PROCESSING PLANT. BUILDING IS 1 STORY.,0.0,675.0,710900.0,6.0,1173253.413584272,1849898.3157559545,2021,02,10,0,0,1
652682,3167665,100908350,PERMIT - RENOVATION/ALTERATION,2021-03-11T00:00:00.000,2021-03-15T00:00:00.000,720.0,111TH ST,,"**DIRECT DEVELOPER SERVICES ** CBC2019 CONSTRUCTION OF A NEW EQUIPMENT MEZZANINE INSIDE THE EXISTING MIXED-USE PRODUCTION/WAREHOUSE/OFFICE (F-1/S-1/B) FACILITY. NEW EQUIPMENT MEZZANINE INCLUDES A 294 SF PLANT OFFICE AND 285 SF QUALITY ASSURANCE (QA) ROOM, CONVERSION OF AN EXISTING BATTERY CHARGING ROOM INTO AN H3 STORAGE ROOM; UPDATE EXISTING MEP, AND FIRE PROTECTION SYSTEMS. CONSULTANT REVIEWER: GLOBETROTTERS ENGINEERING",0.0,6350.94,500200.0,9.0,1183330.2625787193,1831542.86489854,2021,03,15,0,0,1
652918,3168108,100908647,PERMIT - RENOVATION/ALTERATION,2022-04-01T00:00:00.000,2022-04-01T00:00:00.000,4121.0,PACKERS AVE,,"CURRENT/PROPOSED USE = RECYCLING FACILITY. CURRENT/PROPOSED OCCUPANCY = BUSINESS/INDUS. MOD. HAZARD. CONTINUATION OF PERMIT APPLICATION #100578720. PMD-8 - ERECT ONE STORY, TYPE II CONSTRUCTION, G-2 PLANT/WAREHOUSE FOR CLASS II, III, & V RECYCLING FACILITY & SUPPORT BUILDING AS PER PLANS.",0.0,38944.98,842600.0,11.0,1168191.9264071092,1877430.595643616,2022,04,01,0,0,1
654868,3171644,100911140,PERMIT - RENOVATION/ALTERATION,2021-03-19T00:00:00.000,2021-05-27T00:00:00.000,4928.0,SAWYER AVE,,"CBC 2019: SITE PROJECT ONLY AND NO CHANGE IN USE. IMPROVEMENTS FOR HIBBARD ELEMENTARY AND THE LENGTH OF SAWYER AVE. AN INTERGOVERNMENTAL AGREEMENT IS BEING PURSUED TO CLOSE THE SOUTH HALF OF SAWYER AVENUE TO VEHICULAR TRAFFIC. THE SOUTH HALF OF SAWYER AVENUE WILL BECOME A NEW MULTI-USE PLAYSPACE. NEW ENTRY PLAZAS, OUTDOOR CLASSROOM AREAS  AND ASSOCIATED HARDSCAPE AND IMPROVED LANDSCAPE AREAS PROPOSED. THE NORTH HALF OF SAWYER AVENUE WILL BE A TWO-WAY CUL-DE-SAC FOR COMMUNITY USE AFTER SCHOOL HOURS AND WEEKENDS. REMOVING 297' OF FENCING AND REPLACING WITH 146.6' OF FENCE PLANT BED AND 46.6' OF ORNAMENTAL FENCE AS PER PLANS.",4152.18,4152.18,140200.0,33.0,1153778.2268290443,1932689.6784793716,2021,05,27,0,0,1
655328,3172377,B100911692,PERMIT – EXPRESS PERMIT PROGRAM,2021-03-08T00:00:00.000,2021-07-19T00:00:00.000,600.0,KINZIE ST,Monthly Maintenance Permit,SCHEDULED PMS ON ELECTRICAL EQUIPMENT INSIDE CHOCOLATE FACTORY PLANT; - WIRE NEW GUARDS FOR PRESSES 1 AND 2.,0.0,450.0,243600.0,27.0,1172231.085536217,1902955.411466567,2021,07,19,0,0,1
658109,3177082,100915319,PERMIT - RENOVATION/ALTERATION,2021-04-12T00:00:00.000,2021-08-06T00:00:00.000,7575.0,KOSTNER AVE,,2019 CBC: INSTALLATION OF (6) NEW MAKEUP AIR UNITS FOR POSITIVE PRESSURIZATION IN AN EXISTING PLANT AS PER PLANS.,0.0,1575.0,650500.0,18.0,1148263.5532974007,1853908.483012892,2021,08,06,0,0,1
658369,3177480,100915651,PERMIT - RENOVATION/ALTERATION,2021-05-25T00:00:00.000,2022-03-09T00:00:00.000,6940.0,MERRILL AVE,,"CPS SITE IMPROVEMENTS PROJECT AT EXISTING FACILITIES. WORK INCLUDES NEW SPR 2019 CBRC - ARTIFICIAL TURF FIELD, NEW PLAYGROUND WITH PROTECTIVE SURFACING, AS WELL AS UTILITY, PAVING, AND LANDSCAPE IMPROVEMENTS. WORK INCLUDES DEMOLITION OF EXISTING PAVING; EXCAVATION, STONE IMPORT, AND DRAINAGE IMPROVEMENTS; VARIOUS PAVING IMPROVEMENTS INCLUDING GAME STRIPING; AND PLANTING AND SOD IMPROVEMENTS.",22011.6,22011.6,430101.0,5.0,1191708.826269845,1859191.4643144528,2022,03,09,0,1,1
661408,3182433,100919517,PERMIT - RENOVATION/ALTERATION,2021-05-21T00:00:00.000,2021-06-07T00:00:00.000,1140.0,MONTANA ST,,ADD NEW PERGOLA AND PLANTER TO EXISTING ROOF TERRACE AT EXISTING SINGLE FAMILY RESIDENCE OF TYPE 5A CONSTRUCTION AND TYPE R-5 OCCUPANCY.  NO CHANGE TO OCCUPANCY OR EGRESS.  2019 CHICAGO REHAB CODE.,0.0,550.0,70400.0,43.0,1168109.9755277522,1916487.8214091584,2021,06,07,0,0,1
662350,3184002,B100920715,PERMIT – EXPRESS PERMIT PROGRAM,2021-05-03T00:00:00.000,2021-05-03T00:00:00.000,6310.0,CLAREMONT AVE,Electrical Work,VERIZON (MARQUETTE PARK NORTH) REPLACE EXISTING LOW VOLTAGE POWER PLANT AND BACK UP BATTERIES WITH NEW.,0.0,75.0,660700.0,16.0,1161787.0227821572,1862668.127758719,2021,05,03,0,0,1
663267,3185630,B100921840,PERMIT – EXPRESS PERMIT PROGRAM,2021-05-11T00:00:00.000,2021-05-11T00:00:00.000,3103.0,ROCKWELL ST,Electrical Work,TMOBILE CH80536A SPRINT RETAIN CH25XC222 AT ANTENNA LEVEL: ¿¿ REMOVE (3) EXISTING SPRINT (KMW - EXT-X-WM-18-65-8P) PANEL ANTENNAS ¿¿ REMOVE (3) EXISTING SPRINT (SAMSUNG - M-MIMO AAU) PANEL ANTENNAS ¿¿ REMOVE (3) EXISTING SAMSUNG RRH-C4 ¿¿ RETAIN (3) RRH-P4 B25 ¿¿ INSTALL (3) NEW T-MOBILE (COMMSCOPE - FFV4-65C-R3-V1) PANEL ANTENNAS ¿¿ INSTALL (3) NEW T-MOBILE (NOKIA - AEHC) PANEL ANTENNAS ¿¿ INSTALL (3) NEW T-MOBILE AHFIG RRU AT EQUIPMENT LEVEL: ¿¿ RELOCATE (1) EXISTING MMBTS ¿¿ RELOCATE (1) EXISTING BATTERY CABINET ¿¿ REMOVE (1) EXISTING 2.5 MMBTS ¿¿ INSTALL (1) NEW DELTA HPL3 600A DC PLANT ¿¿ INSTALL (1) NEW DELTA SB3 BATTERY CABINET WITH 4 STRINGS OF BATTERIES ¿¿ INSTALL (3) NEW HCS 2.0 TOWER JUNCTION BOX ON (N) H-FRAME ¿¿ INSTALL (3) NEW HCS 2.0 HYBRID TRUNK CABLE WITH BREAKOUT FEATURE ¿¿ INSTALL (2) NEW ABIA ¿¿ INSTALL (5) NEW ABIL ¿¿ INSTALL (3) NEW ABIC ¿¿ INSTALL (2) NEW AMIA ¿¿ INSTALL (2) NEW ASIK ¿¿ INSTALL (2) NEW ASIB ¿¿ INSTALL (1) NEW FSMF ¿¿ INSTALL (1) NEW WORK LIGHT ¿¿,0.0,300.0,210900.0,35.0,1158537.6473175844,1920604.5171881951,2021,05,11,0,0,1
663929,3186808,B100922693,PERMIT – EXPRESS PERMIT PROGRAM,2021-05-17T00:00:00.000,2021-05-17T00:00:00.000,2045.0,CONCORD PL,Electrical Work,REPLACE EXISTING 24 VOLT BATTERIES WITH NEW -48 BATTERIES REPLACE EXISTING 24 VOLT POWER PLANT WITH NEW -48 POWER PLANT. ON A ROOFTOP VERIZON SHELTER.,0.0,75.0,240500.0,32.0,1162277.1135296929,1910937.18016469,2021,05,17,0,0,1
663932,3186811,B100922696,PERMIT – EXPRESS PERMIT PROGRAM,2021-05-17T00:00:00.000,2021-05-17T00:00:00.000,6940.0,MERRILL AVE,Electrical Work,TMOBILE/SPRINT RETAIN CH82014A/ CH03XC170 AT ANTENNA LEVEL: ¿¿ REMOVE (6) EXISTING SPRINT PANEL ANTENNAS ¿¿ REMOVE (3) EXISTING SPRINT RRH P4 B25 ¿¿ REMOVE (3) EXISTING SPRINT RRH-C2A ¿¿ INSTALL (3) NEW T-MOBILE (COMMSCOPE - HBXX-6517DS-A2M) PANEL ANTENNAS ¿¿ INSTALL (3) NEW T-MOBILE (NOKIA - AEHC) PANEL ANTENNAS ¿¿ INSTALL (3) NEW T-MOBILE AHFIG RRU AT EQUIPMENT LEVEL: ¿¿ INSTALL (1) NEW DELTA HPL3 600A DC PLANT ¿¿ INSTALL (1) NEW DELTA LB3 BATTERY CABINET WITH 4 STRINGS OF BATTERIES ¿¿ INSTALL (2) NEW HCS 2.0 TOWER JUNCTION BOX ON (N) H-FRAME ¿¿ INSTALL (2) NEW HCS 2. TRUNK CABLE WITH (2) NEW BREAKOUT FEATURE ¿¿ INSTALL (2) NEW ASIB ¿¿ INSTALL (2) NEW ASIK ¿¿ INSTALL (1) NEW FSMF ¿¿ INSTALL (2) NEW ABIA ¿¿ INSTALL (5) NEW ABIL ¿¿ INSTALL (2) NEW AMIA ¿¿ INSTALL (3) NEW ABIC ¿¿ INSTALL (1) NEW CIENA CABINET ¿¿ INSTALL (1) PPC AC & TELCO COMBINATION CABINET ¿¿ INSTALL (1) WORK LIGHT,0.0,300.0,430100.0,5.0,1191708.826269845,1859191.4643144528,2021,05,17,0,0,1
664856,3188451,100923864,PERMIT - RENOVATION/ALTERATION,2021-07-22T00:00:00.000,2021-10-01T00:00:00.000,2402.0,MILLARD AVE,,"SPR 2019 CBRC: ERECT A REAR 1-STORY STEEL AND WOOD FRAME ADDITION W/ BASEMENT, OPEN DECK AND MASONRY PLANTER; AND INTERIOR ALTERATIONS TO EXISTING 2-STORY BRICK MASONRY SINGLE FAMILY RESIDENCE TO INCLUDE NEW PT WOOD FRAMING AS PER PLANS.**CERTIFIED CORRECTIONS SUBJECT TO FIELD INSPECTIONS & AUDIT **",0.0,850.0,300600.0,22.0,1152378.439004982,1887757.9074660488,2021,10,01,0,0,1
666965,3192287,100926563,PERMIT - NEW CONSTRUCTION,2021-08-04T00:00:00.000,2021-08-04T00:00:00.000,2136.0,MAGNOLIA AVE,,"SELF-CERT 2019 CBRC: CURRENT/PROPOSED USE: RESIDENTIAL DETACHED GARAGE. REMOVAL OF GREEN ROOF MATERIAL, INSTALLATION OF CONCRETE FLOOR, AND ADDITION OF EXIT STAIR AND GUARDRAILS. STRUCTURAL WORK CONFINED TO EXISTING GARAGE. NO CHANGE TO EXISTING DWELLING UNIT NOR PARKING SPACES (OCCUPANCY GROUP R-5; TYPE 3A CONSTRUCTION)",0.0,377.0,832500.0,2.0,1167584.9170677392,1914499.749531839,2021,08,04,0,0,1
667408,3193092,100927166,PERMIT - SIGNS,2021-07-28T00:00:00.000,2021-09-13T00:00:00.000,6258.0,PULASKI RD,,63 FAMILY DENTALREFACE EXISTING LIGHT BOXLOCATION: SOUTH  ELEVATIONSIGN FACING: 63TH ST & PULASKIREAD:CLEAR BRACES IMPLANTS,0.0,240.0,650200.0,23.0,1150745.3875781512,1862539.9824271025,2021,09,13,0,0,1
668929,3195806,100929023,PERMIT - RENOVATION/ALTERATION,2021-06-29T00:00:00.000,2021-06-29T00:00:00.000,1155.0,60TH ST,,LANDSCAPE PLANTING AND PAVING IMPROVEMENTS TO 1155 E. 60TH STREET ON THE UNIVERSITY OF CHICAGO CAMPUS (PD43).,0.0,575.0,420300.0,20.0,1184961.8164986365,1865416.017226601,2021,06,29,0,0,1
669737,3197198,B100930027,PERMIT – EXPRESS PERMIT PROGRAM,2021-07-07T00:00:00.000,2021-07-20T00:00:00.000,600.0,KINZIE ST,Monthly Maintenance Permit,SCHEDULED PMS ON ELECTRICAL EQUIPMENT INSIDE CHOCOLATE MANUFACTURING PLANT.,0.0,300.0,243600.0,27.0,1172231.085536217,1902955.411466567,2021,07,20,0,0,1
669930,3197502,B100930248,PERMIT – EXPRESS PERMIT PROGRAM,2021-07-08T00:00:00.000,2021-07-14T00:00:00.000,1958.0,NORTH AVE,Electrical Work,"INSTALL (3) ANTENNAS, (1) DIPLEXER, NEW POWER PLANT, (10) NEW RECTIFIERS, (4) NEW CONVERTERS ON EXISTING AT & T CELL TOWER ROOFTOP.",0.0,150.0,240300.0,32.0,1162754.7089985353,1910689.505173016,2021,07,14,0,0,1
670076,3197787,100930437,PERMIT - RENOVATION/ALTERATION,2021-08-04T00:00:00.000,2021-08-16T00:00:00.000,1911.0,ERIE ST,,"SPR 2019 CBRC - ADD NEW PERGOLA, CABINETRY AND SCREENING TO EXISTING ROOFTOP DECK ON EXISTING 2-STORY SFR OF TYPE R-5 OCCUPANCY AND TYPE 5A CONSTRUCTION.  ADD NEW PLANTER AND SCREENING TO EXISTING FRAME GARAGE ROOFTOP DECK.  NO CHANGE TO OCCUPANCY OR EGRESS.",0.0,400.0,243100.0,1.0,1163484.889471258,1904321.1684913903,2021,08,16,0,0,1
670817,3198994,B100931330,PERMIT – EXPRESS PERMIT PROGRAM,2021-07-16T00:00:00.000,2021-07-16T00:00:00.000,4655.0,DEARBORN ST,Electrical Work,TMOBILE CH82052A  R&R 6 ANTENNAS REMOVE EX RADIOS AND INSTALL NEW ADD NEW DELTA DC POWERPLANT ADD NEW DELTA BATTERY CAB,0.0,300.0,381600.0,3.0,1176803.931447029,1874019.849444984,2021,07,16,0,0,1
670818,3198996,B100931332,PERMIT – EXPRESS PERMIT PROGRAM,2021-07-16T00:00:00.000,2021-07-16T00:00:00.000,6940.0,MERRILL AVE,Electrical Work,TMOBILE CH82041A R&R 6 ANTENNAS REMOVE EXISTING RADIOS AND INSTALL NEW INSTALL NEW DELTA DC POWERPLANT INSTALL NEW DELTA BATTERY BACK UP CAB INSTALL NEW 120V WORK LIGHT,0.0,300.0,430100.0,5.0,1191708.826269845,1859191.4643144528,2021,07,16,0,0,1
671981,3200826,B100932734,PERMIT – EXPRESS PERMIT PROGRAM,2021-07-26T00:00:00.000,2021-07-26T00:00:00.000,400.0,FRANKLIN ST,Electrical Work,SECURITY SYSTEM WORK CUSO210723A 47205 CENTRIO PLANT 2 VIDEO SURV UPGR,0.0,75.0,320500.0,34.0,1174344.2322246034,1898464.2888945872,2021,07,26,0,0,1
672333,3201408,100933173,PERMIT - NEW CONSTRUCTION,2021-07-29T00:00:00.000,2021-07-29T00:00:00.000,5211.0,CLARK ST,,REPLACE P1 ANTENNAS WITH NEW NNH4-65A-R6H4 12 PORT ANTENNA.REPLACE P2 ANTENNAS WITH NEW AIR6449 N77 5G ANTENNA.REPLACE ALL DC6 SURGE PROTECTION WITH NEW DC9-48-60-24-PC16-EV.REPLACE EXISTING POWER PLANT WITH NEW VERTIV 512 WITH 10 RECTIFIERS.RELOCATE RRUW B5 FROM P3 TO P1.RELOCATE RRUS-32 B66A FROM P2 TO P1.REMOVE (2) CM1007-DBPXBC-003 TMAS.REMOVE (2) GSM CABINETS.REMOVE (1) UMTS CABINET.INSTALL (2) NEW DC12 OD.,0.0,825.0,30800.0,48.0,1165091.1378545414,1934756.017191993,2021,07,29,0,0,1
673319,3203035,100934374,PERMIT - NEW CONSTRUCTION,2021-09-13T00:00:00.000,2021-09-13T00:00:00.000,4608.0,BELMONT AVE,,"""|| REMOVE P1 AND P2 ANTENNASRELOCATE UMTS 850 RRU FROM P1 TO P4 AND COMBINE WITH FNET USING TWIN DIPLEXERCBC78T-DS-43.RELOCATE P3 NNH4-65B-R6 ANTENNA TO P1 AND RECONNECT WCS TO ITREPLUMB PCS FROM P2 TO THE RELOCATED ANTENNA IN P1INSTALL 4449 B5/B12 IN P1REMOVE 700 B12 RRUS11 AND 850 B5 4478REPLUMB THE 4 JUMPERS FROM THE 8843 RADIO THAT WERE CONNECTED TO P3 SO THATTHEY ARE ON P4.INSTALL C-BAND AIR6449 AAS WITH 2 FIBER AND 1 POWER IN MIDDLE OF SECTOR FACE WITH 3'SPACING ON EITHER SIDENO NEW SQUIDS OR TRUNKSINSTALL (2) NEW OUTDOOR DC 12 BOXES ON THE H-FRAME/ ICE BRIDGE WITH THE EXISTINGOUTDOR DC12PULL (8) EXISTING POWER TRUNKS OUT OF THE POWER PLANT AND RETERMINATE THEM TOTHE NEW DC12'SREPLACE EXISTING ARGUS TE41 POWER PLANT WITH NEW EMERSON 512REPLACE BATTERY CABINET BUT REUSE EXISTING BATTERIESINSTALL BREAKERS FOR NEW RADIOS AND AIR ANTENNAS. NO UPCONVERTERS ARE NEEDEDDUE TO TRUNK BEING UNDER 150'",0.0,825.0,151002.0,30.0,1144945.502930937,1920912.7847870197,2021,09,13,0,0,1
673472,3203264,100934560,PERMIT - NEW CONSTRUCTION,2021-08-18T00:00:00.000,2021-08-18T00:00:00.000,4814.0,DAMEN AVE,,"REPLACE POS1 ANTENNA WITH NNH4-65B-R6H4 ANTENNA, RECONNECT WCS, REPLACE700 RRUS11 AT POS1 WITH RRUS 4478 B12 FOR 700 MOBILITY ON POS1, RELOCATEUMTS 850 FROM POS4 TO POS1, RELOCATE AWS 850 FROM POS4 TO POS1, DIPLEX 700UMTS 850 USING TWIN DIPLEXER CBC78T-DS-43 ON POS1, INSTALL C-BAND AIR6449 AASWITH 2 FIBER AND 1 POWER ON POS2, CONNECT 850 4478 JUMPERS TO POS3-POS4 FOR4T4R.EXISTING:(3) DC6-48-60-18-8C, (3) DC2-48-60-0-9E, (9) #8 DC TRUNKS (REUSE ON DC9 IF POSSIBLE)(3) 18 PAIR FIBER TRUNKS, USE EXISTING RAYCAP AND TRUNKSGROUND SCOPE OF WORK:EXISTING ARGUS PP TE41 - REPLACE WITH VERTIV 512 WITH 10 R - REUSE THREESTRINGS OF BATTERIES, BATTERY CABINET - REMOVE CABINET AND ANY EXTRABATTERIES, (2) EXISTING LOWER DC12-48-60-RM IN THE TE41 DCPP - REMOVE, INSTALL(2) DC12-48-60-0-25E, NO UPCONVERTERS NEEDED PER POWER CALCULATOR, NOGENERATOR, REPLACE SFPS TOP AND BOTTOM FOR AWS, IF A CRANE IS REQUIREDFOR THE NEW DC POWER PLANT PLEASE ALSO REMOVE INACTIVE GSM AND/OR UMTSMACRO CABINET",0.0,825.0,40402.0,47.0,1162098.088741128,1932059.514250476,2021,08,18,0,0,1
673655,3203577,100934778,PERMIT - NEW CONSTRUCTION,2021-09-14T00:00:00.000,2021-09-14T00:00:00.000,2230.0,MCLEAN AVE,,"REPLACE (3) NNH4-65B-R6 ANTENNAS W/ (3) AIR6449 N77D ANTENNAS ON POS. 2.REMOVE (3) QS66512-3 ANTENNAS ON POS.1INSTALL (3) CBC78T-DS-43 DIPLEXER ON POS. 4.(1) EXISTING ALPHA TE41 - REPLACE WITH VERTIV 512 WITH 10 R, REUSE THREE STRINGS OFBATTERIES(1) EXISTING BATTERY CABINET - REMOVE CABINET AND TWO STRINGS OF BATTERIES(1) (3) DC6 MOUNTED IN TE41 - REMOVE AND REPLACE WITH OD DC12S(1) DC12 ON AN H-FRAMENO DC UPCONVERTERS WILL BE REQUIRED DUE TO THE DC CABLE LENGTHSNO GENERATORIF A CRANE IS REQUIRED FOR THE NEW DC POWER PLANT PLEASE ALSO REMOVE INACTIVEGSM AND/OR UMTS MACRO CABINETS",0.0,825.0,221600.0,32.0,1161026.7526141093,1913565.7188151728,2021,09,14,0,0,1
675816,3207851,100937377,PERMIT - EASY PERMIT PROCESS,2021-08-27T00:00:00.000,2021-08-27T00:00:00.000,815.0,PERSHING RD,,"INSTALL TWO 65 TON, AIR COOLED, REMOTE, R410A, CARRIER SCROLL CHILLERS, LOCATED ON THE ROOF, AND SERVING THE PLANT.",0.0,1200.0,842600.0,11.0,1171441.3578417564,1878963.654496221,2021,08,27,0,0,1
676469,3208936,100938157,PERMIT - NEW CONSTRUCTION,2021-09-17T00:00:00.000,2021-09-17T00:00:00.000,1840.0,OHIO ST,,"ADDING NEW ANTENNA C-BAND AIR 6449 AAS ON POS2 ALL SECTORS WITH (2)FIBER AND (1) POWER, POS4 REPLACE ANTENNA WITH NNH4-65A, RECABLE FNET4T4R, INSTALL CBC78T-DS-43 TO COMBINE UMTS-850 AND FNETEXISTING:(1) DC6-48-60-18-8C, (1) 8AWG POWER TRUNK, (1) 18 PAIR FIBER TRUNKADD:(1) 6AWG POWER TRUNKGROUND SCOPE OF WORK:EXISTING PP: TE45, BATTERY CABINET WITH TWO STRINGS OF M12V155FT - THREESTRINGS IN DC POWER PLANT, NO ON-SITE GENERATOR, NO UP CONVERTERSREQUIRED, PROVIDE BREAKERS.6 TOTAL ANTENNAS.",0.0,825.0,243100.0,1.0,1163847.4730097142,1904082.6195097151,2021,09,17,0,0,1
676973,3209806,100938786,PERMIT - NEW CONSTRUCTION,2021-09-14T00:00:00.000,2021-09-14T00:00:00.000,333.0,BENTON PL,,"POS1 REPLACE ANTENNAS WITH NNH4-65A, POS1 INSTALL 700 LTE 4478 RADIO, CONNECT WCS, AWS,RELOCATE 850 LTE TO P3/P4 4T4R, POS1 CONNECT UMTS, INSTALL (1) CBC78T-DS-43 TO COMBINE LTE 700AND UMTS 850, POS2 MOVE AWS TO POS1, REMOVE 700 RRUS-11 AND ISCO FILTER AND REPLACE ANTENNAWITH NEW ANTENNA C-BAND AIR 6449 AAS ALL SECTORS WITH (2) FIBER AND (1) POWER, POS3/POS4 MOVEEXISTING 850 5G NR RADIO TO POS3 AND CONNECTS THE PORTS TO POS3 AND POS4 ANTENNAS, REPLACEFC12 WITH DC9 NEMA BOX, REPLACE 12 PAIR FIBER WITH 24 PAIR AND ADD (1) #6 POWER TRUNKEXISTING:(4) FC12-PC6-10E, (12) DC2-48-60-0-9E, (8) #8AWG POWER TRUNK, (1) 12 PAIR FIBER TRUNK, (1) 18 PAIR FIBERTRUNKREMOVE:(1) FC12-PC6-10E, (1) 12 PAIR FIBER TRUNKADD:(3) DC9-48-60-24-PC16-EV, (1) 4AWG DC TRUNK FOR AIR, (2) 6AWG DC TRUNK FOR 4478 B12 AND SPARE, (1) 24PAIR FIBER TRUNKGROUND SCOPE OF WORK:EXISTING DC POWER PLANT IS ARGUS TE41 - REPLACE WITH VERTIV 512, REUSE THREE STRINGS OFBATTERIES, BATTERY CABINET REMOVE AND LEAVE THREE",0.0,825.0,320100.0,42.0,1178767.10193515,1901635.6899128417,2021,09,14,0,0,1
676974,3209807,100938787,PERMIT - NEW CONSTRUCTION,2021-09-15T00:00:00.000,2021-09-15T00:00:00.000,740.0,CANAL ST,,"REMOVE PO1 ANTENNA. ADDING NEW ANTENNA C-BAND AIR 6449 AAS ON P02 ALL SECTORSWITH 2 FIBER AND 1 POWER. P1 MOVE EXISTING NNH4 ANTENNA FROM P2 TO P1 AND PCSRRU 4415. REMOVE 4478 B5 RRU AND RRU11 B12 AND ISCO FILTERS. IMPLEMENT IPFILTERING. MOVE UMTS TO PO4. P1 INSTALL 4449 RADIO, CONNECT EXISTING WCS AND PCSRRU TO NEW ANTENNA. P4 INSTALL 1X CBC78T-DS-43 TO COMBINE UMTS-850 AND FNET.SWAP EXISTING FC12 TO DC9-48-60-24-PC16-EV (NEMA BOX) AND KEEP DC6 POWER ONLY.SELF RET. REMOVE (3) FC12-PC6-10E. REMOVE (9) DC2-48-60-0-9E. REMOVE (6) 8AWG DCTRUNKS. REMOVE (3) 12 PAIR FIBER TRUNKS. ADD (3) DC9-48-60-24-PC16-EV. ADD (9) 6AWGDC TRUNKS. ADD (3) 24 PAIR FIBER TRUNKS. EXISTING DC POWER PLANT IS AN ALPHA TE41- REPLACE WITH VERTIV 512 WITH 10R - REUSE BATTERIES, INDOOR RAYCAPS IN DCPOWER PLANT CABINET - REMOVE. ADD (2) DC12-48-60-0-25E. NO DC UPCONVERTERS WILLBE REQUIRED DUE TO THE DC CABLE LENGTHS. IF A CRANE IS REQUIRED FOR THE NEW DCPOWER PLANT PLEASE ALSO REMOVE INACTIVE GSM AND/OR U",0.0,825.0,841900.0,25.0,1173216.4918110163,1896847.2073889703,2021,09,15,0,0,1
677460,3210667,100939361,PERMIT - NEW CONSTRUCTION,2021-09-20T00:00:00.000,2021-09-28T00:00:00.000,227.0,WALTON PL,,"INSTALL (1) NEW ANTENNA C-BAND AIR 6449 AAS ON P04 ALL SECTORS WITH 2FIBER AND 1 POWER, RENAME TWIN QUINTELS AT P3/P4 TO P2/P3 EXISTING:(9) DC2-48-60-0-9E, (3) 208 DC CABLES, LONG FIBERS REMOVE:(9) DC2-48-60-0-9E, (3) 208 DC CABLES, LONG FIBERS ADD:(9) DC9-48-60-24-PC16-EV, (9) 6AWG DC TRUNKS, (3) 24 PAIR FIBER TRUNKS GROUND SCOPE OF WORK:EXISTING ARGUS/ALPHA TE41 PP - REPLACE WITH VERTIV 512 WITH 10R, REUSE (2) EXISTING STRINGS OF M12V155FT, EXISTING DC12-48-60-RM IN DC POWER PLANT - REPLACE WITH OUTDOOR DC12 IF DCPP , USE (2) EXISTING LOWER DC12, NO UP CONVERTERS NEEDED PER POWER CALCS, NO GENERATOR, SWAP SFPS TOP AND BOTTOM FOR AWS, IF A CRANE IS REQUIRED FOR THE NEW DC POWER PLANTPLEASE ALSO REMOVE EXISTING GSM CABINET",0.0,825.0,81300.0,2.0,1178219.8948399115,1906938.3817514144,2021,09,28,0,0,1
677462,3210669,100939363,PERMIT - NEW CONSTRUCTION,2021-09-21T00:00:00.000,2021-10-05T00:00:00.000,1348.0,MILWAUKEE AVE,,"ALPHA AND BETA SECTORS: REPLACE EXISTING SBNHH ANTENNA WITH (1) NNH4-65BANT  NNA IN P1. MOVE 4478 B5 RRU FROM P1 TO P3/P4. RELOCATE RRU-32 B66 FROM P2 TO P1 AND REMOVE 700 RRU. REPLACE EXISTING SBNHH ANTENNA WITH (1) AIR6449 N77 2X FIBER 1X POWER IN P2. INSTALL 4478 B12 FOR 700 IN P1. MOVE UMTS FROM P2 AND DIPLEX 700   UMTS 850 USING TWIN DIPLEXER CBC78T-DS-43 IN P1GAMMA SECTOR: REPLACE EXISTING SBNHH ANTENNA WITH (1) AIR6449 N77 2X FIBER 1X POWER IN G1. RELOCATE WCS RRU 32 FROM G1 TO G4. REMOVE EXISTING 4478 B5 RRU IN G1.INSTALL TWO 4449 B5/B12 IN G2 AND G3. REMOVE AWS AND PCS RRUS FROM G4 ADD DC9-48-60-24-PC16-EV. ADD (1) #6 POWER TRUNK. ADD (1) 24 PAIR FIBER TRUNK EXISTING TE41 PP - REPLACE WITH VERTIV 512 WITH 10R, REUSE THREE STRINGS OFM12V155FT BATTERIES. BATTERY CABINET WITH FIVE STRINGS OF M12V155FT BATTERIES, TWO STRINGS IN THE TE41 CABINET - REMOVE CABINET AND FOUR STRINGS OF BATTERIES, MOVE ONE STRING TO NEW DC POWER PLANT CABINET. PROVIDE BREAKERS. REPLACE SFPST",0.0,825.0,241400.0,1.0,1164487.0538372467,1909118.116145006,2021,10,05,0,0,1
677803,3211282,100939774,PERMIT - NEW CONSTRUCTION,2021-09-17T00:00:00.000,2021-09-17T00:00:00.000,1445.0,PULASKI RD,,"REPLACE P0S1 ANTENNAS WITH NNH4, CONNECT WCS AND AWS FROM POS4,REPLACE 700 RRU WITH RRUS 4478 FOR 700 MOBILITY ON POS1, REMOVE (1) UMTS850 RRUW FROM POS3 , RELOCATE THE OTHER (1) UMTS 850 FROM POS3 TO POS1,DIPLEXER 700 MOBILITY UMTS 850 USING NEW TWIN DIPLEXER CBC78T-DS-43,REMOVE HEX ANTENNA AND MOVE 850 NR FROM POS2 TO POS4 AND CONNECT 8504478 JUMPERS TO P3-P4 FOR 4T4R, INSTALL C-BAND AIR6449 AAS WITH (2) FIBERAND (1) POWER ON POS2, REMOVE ANY EXTRA UNUSED UMTS RRUWSEXISTING:(3) DC6-48-60-18-8C, (2) DC6-48-60-0-8C, (10) 8AWG DC POWER TRUNKS, (1) 18 PAIRFIBER TRUNK, (1) UNKNOWN FIBER TRUNKADD:(1) 18 PAIR FIBER TRUNKGROUND SCOPE OF WORK:EXISTING DC POWER PLANT IS A LINEAGE INFINITY M WITH SBS17F BATTERIES, ADD(2) RECTIFIERS, (2) DC12-48-60-RM, (2) DC6-48-60-RM, NO DC UPCONVERTERS WILLBE REQUIRED DUE TO THE DC CABLE LENGTHS, PROVIDE BREAKERS6 TOTAL ANTENNAS",0.0,825.0,230700.0,26.0,1149488.567068959,1909446.9026198576,2021,09,17,0,0,1
677805,3211286,100939777,PERMIT - NEW CONSTRUCTION,2021-09-22T00:00:00.000,2021-09-22T00:00:00.000,6160.0,CICERO AVE,,"REMOVE AND REPLACE EXISTING ; MOVE WCS RRUS32 FROM POS2 TO POS1, REPLACE HEX AT POS2 WITH AIR6449 N77  ; EXISTING: (6) 8AWG DC TRUNKS, (2) DC6-48-60-18-8C-EV (LOCATED AT GAMMA AT THE PLATFORM) , (1) DC6-48-60-0-8C-EV (LOCATED AT GAMMA AT THE PLATFORM), (9) DC2-48-60-0-9E (3 PER SECTOR), (1) 12 PAIR FIBER TRUNK, (1) 18 PAIR FIBER TRUNK  ; REMOVE: (6) 8AWG DC TRUNKS, (2) DC6-48-60-18-8C-EV (LOCATED AT GAMMA AT THE PLATFORM), (1) DC6-48-60-0-8C-EV (LOCATED AT GAMMA AT THE PLATFORM), (9) DC2-48-60-0-9E (3 PER SECTOR), (1) 12 PAIR FIBER TRUNK, (1) 18 PAIR FIBER TRUNK ; INSTALL:  (3) DC9-48-60-24-PC16-EV, (9) 6AWG DC TRUNK, (3) 24 PAIR FIBER TRUNK EXISTING PP ALPHA TE41 - REPLACE WITH VERTIV 512 10R / 0C - REUSE EXISTING BATTERIES, EXISTING (1) DC6-48-60-RM IN DC POWER PLANT - REMOVE EXISTING (1) DC12-48-60-0-25E, ADD (1) DC12-48-60-0-25E TO REPLACE THE INDOOR (1) IN THE OLD DCPP, NO DC UPCONVERTERS WILL BE REQUIRED DUE TO THE DC CABLE LENGTHS, NO GENERATOR, INSTALL #6 TELCOFLEX FROM PP TO R",0.0,825.0,120200.0,39.0,1143238.4312080168,1940563.6284069484,2021,09,22,0,0,1
678546,3212528,100940685,PERMIT - NEW CONSTRUCTION,2021-09-27T00:00:00.000,2021-09-27T00:00:00.000,1650.0,HALSTED ST,,"REMOVE AND REPLACE ANTENNAS ON EXISTING TELECOMMUNICATION FACILITY ; REMOVE (3) SBNHH-1D65A ANTENNAS FROM POS. 3 REMOVE (3) SBNHH-1065A  ANTENNAS FROM POS. 4  ; RELOCATE (3) JAHH-65A-R3B ANTENNAS FROM POS. 1 TO POS. 3 RELOCATE (3) JAHH-65A-R3B ANTENNAS FROM POS. 2 TO POS. 4 REMOVE (6) CM1007-DBPXBC-003 DIPLEXERS FROM POS. 3 REMOVE (6) KRY 112 76/1 TMAS FROM POS. 3 ; REMOVE (3) RRUS 4478 B5 FROM POS. 1 REMOVE (3) RRUS-11 B12 FROM POS. 4 ; RELOCATE (3) RRUS 4478 B14 FROM POS. 1 TO POS. 3 RELOCATE (1) RRUS-32 B30 FROM POS. 1 TO POS. 3 RELOCATE (3) RRUS-32 B2 FROM POS. 3 TO POS. 4 RELOCATE (3) RRUS-32 B66A FROM POS. 4 TO POS. 2 REMOVE (1) DC6, (12) DC2'S AND (3) FC12'S ; INSTALL (3) DC9-48-60-24-PC16-EV ; REMOVE (3) FIBER TRUNKS & (8) #8 AWG DC POWER TRUNKS INSTALL (3) 24 PAIR FIBER TRUNKS AND (9) #6 AWG DC POWER TRUNKS ; GROUND SCOPE OF WORK EXISTING PP: VERTIV 7100 WITH 12R / 3C ; BATTERY RACK WITH TWO STRINGS OF ENERSYS SBS190F AND THREE STRINGS IN THE DC POWER PLANT NO ON-SITE GENERATO",0.0,825.0,832600.0,43.0,1170661.7348516558,1911397.0214585376,2021,09,27,0,0,1
679514,3214272,100941891,PERMIT - NEW CONSTRUCTION,2021-09-30T00:00:00.000,2021-09-30T00:00:00.000,2010.0,CENTRAL PARK AVE,,"REMOVE AND REPLACE ANTENNAS AND EQUIPMENT ON EXISTING TELECOMMUNICATION FACILITY. REPLACE POS. 1 ANTENNAS WITH NNH4-65B-R6H4  (12 PORT), CONNECT AWS AND REPLACE 700 RRU WITH 4478 REMOVE POS. 2 ANTENNAS AND MOVE WCS RRUS TO P4 ; INSTALL C-BAND AIR6449 MS   WITH (2) FIBER AND (1) POWER ON POS. 2 RELOCATE UMTS 850 FROM P4 TO P1 AND REMOVE UMTS TMAS ; DIPLEX 700 MOBILITY   UMTS 850 USING TWIN DIPLEXER CBC78T-DS-43. ; CONNECT 850 4478 JUMPERS TO P3-P4 FOR 4T4R. ; MOVE PCS RRU FROM POS. 4 TO POS. 1, CONNECT WCS TO POS. 4 ADD: (1) DC6-48-60-18 NEMA BOX AT BETA (1) #6 AWG POWER TRUNK TO BETA  ; (1) #6 AWG POWER TRUNK TO GAMMA ; NEW CONDUIT MAY BE REQUIRED FOR THE NEW TRUNKS. GROUND SCOPE OF WORK:  REPLACE ARGUS POWER PLANT WITH 512 PLANT WITH (10) RECT AND (3) CONVERTERS (1) DC12 RM; (1) DC12-48-60-0-25E  ADD (1) DC12-48-60-0-25E  NO DC UPCONVERTERS WILL BE REQUIRED DUE TO THE DC CABLE LENGTHS ; INSTALL (3) 25 AMP BREAKERS FOR 4478 B12A AND (3) 50 AMP BREAKERS FOR 6649 ANTENNAS. NO GENERATOR ;",0.0,825.0,220901.0,26.0,1152012.962922216,1913173.9559474052,2021,09,30,0,0,1
680049,3215156,100942556,PERMIT - RENOVATION/ALTERATION,2021-10-06T00:00:00.000,2021-12-10T00:00:00.000,2550.0,LAKEVIEW AVE,,"2019 CBRC: CONSTRUCT A NEW 2-HOUR FIRE-RATED ENCLOSURE OF CONCRETE MASONRY WITH A BRICK MASONRY AND LIMESTONE VENEER TO HOUSE THE EXHAUST PIPE SERVICING THE EMERGENCY GENERATOR FOR THE RESIDENTIAL HIGH-RISE. THE ENCLOSURE WILL BE CONSTRUCTED WITHIN THE RAISED PLANTER LOCATED TO THE NORTHWEST OF THE FOUNTAIN PLAZA. THE ENCLOSURE STRUCTURE WILL BE SUPPORTED BY THE PLAZA STRUCTURAL SLAB. IN ADDITION TO THE CONSTRUCTION OF THE MASONRY ENCLOSURE, WORK INCLUDES CORING OF THE CONCRETE STRUCTURAL SLAB AND INSTALLATION OF HOT-APPLIED WATERPROOFING.",0.0,1075.0,70102.0,43.0,1173077.5102698717,1917650.814587648,2021,12,10,0,0,1
680699,3216233,100943345,PERMIT - NEW CONSTRUCTION,2021-10-08T00:00:00.000,2021-10-08T00:00:00.000,6503.0,RICHMOND ST,,"REMOVE AND REPLACE ANTENNAS AND EQUIPMENT ON EXISTING TELECOMMUNICATION FACILITY ; INSTALL C-BAND AIR6449 AAS WITH 2 FIBER AND 1 POWER AT THE FOLLOWING LOCATIONS: A1 , B2 , G4; REMOVE BATTERY CABINET AND BATTERIES ; REPLACE TE45 POWER PLANT WITH VERTIV 512 WITH 10 RECTIFIERS ; REUSE BATTERIES ; REPLACE SFPS TO AND BOTTOM FORR AWS ; SEE CD¿S FOR COMPLETE SOW ; 3 TOTAL ANTENNAS.",0.0,825.0,20601.0,50.0,1155525.523235126,1943026.918178326,2021,10,08,0,0,1
681032,3216840,100943769,PERMIT - EASY PERMIT PROCESS,2021-10-10T00:00:00.000,2021-10-10T00:00:00.000,3154.0,SOUTHPORT AVE,,ADD IRRIGATION LINE FROM EXISTING SPIGOT FOR PLANTERS. ADD NATURAL GAS LINE FOR GRILL.,0.0,175.0,62700.0,32.0,1166366.0317330838,1921287.8376195077,2021,10,10,0,0,1
681938,3218494,100944902,PERMIT - RENOVATION/ALTERATION,2021-11-10T00:00:00.000,2021-12-08T00:00:00.000,1109.0,PAULINA ST,,"ADD NEW PERGOLA AND PLANTERS TO EXISTING PRIVATE ROOFTOP DECK FOR UNIT 3 AT EXISTING 3-UNIT, 3-STORY BUILDING OF TYPE R-5 OCCUPANCY AND TYPE 3A CONSTRUCTION.  NO CHANGE TO OCCUPANCY OR EGRESS.  2019 CHICAGO REHAB CODE.  STRUCTURAL PEER REVIEW.",0.0,352.0,242100.0,1.0,1164888.9711168176,1907777.1481750696,2021,12,08,0,0,1
682469,3219344,B100945531,PERMIT – EXPRESS PERMIT PROGRAM,2021-10-22T00:00:00.000,2021-10-22T00:00:00.000,1.0,WACKER DR,Electrical Work,"INSTALLATION OF NEW CONVERTERS, RECTIFIERS, DC POWER PLANT. RECONNECTION, INSTALLATION, AND RELOCATION OF EXISTING TOWER EQUIPMENT (ANTENNAS AND RADIOS).",0.0,150.0,320200.0,42.0,1176294.2428550816,1902094.1554483788,2021,10,22,0,0,1
682773,3219902,100945923,PERMIT - EASY PERMIT PROCESS,2021-10-26T00:00:00.000,2021-10-29T00:00:00.000,360.0,SOUTH WATER ST,,WATERPROOFING PLANTERS BED AND REMOVAL/REPLACEMENT OF PLANTER WALL ON PRIVATE PROPERTY,0.0,783.7,320100.0,42.0,1178849.1626312614,1902083.7002385391,2021,10,29,0,0,1
683813,3221783,100947209,PERMIT - RENOVATION/ALTERATION,2021-11-03T00:00:00.000,2021-11-03T00:00:00.000,3300.0,CHELTENHAM DR,,EUGENE SAWYER WATER FILTRATION PLANT ROOF AND FACADE RENOVATION 1940 BUILDING STAGES 5-8,0.0,104729.04,431400.0,7.0,1199275.56960979,1854242.3992597167,2021,11,03,0,0,1
684513,3223058,B100948064,PERMIT – EXPRESS PERMIT PROGRAM,2021-11-10T00:00:00.000,2021-11-10T00:00:00.000,676.0,MICHIGAN AVE,Electrical Work,REPLACE EXISTING DETERIORATE CONDUIT WITH NEW IN PLANTER BOX,0.0,150.0,81500.0,42.0,1177265.6861313444,1905062.2455960445,2021,11,10,0,0,1
684696,3223355,B100948267,PERMIT – EXPRESS PERMIT PROGRAM,2021-11-11T00:00:00.000,2021-11-11T00:00:00.000,7003.0,BELL AVE,Electrical Work,"INSTALL AT &T CELLULAR EQUIPMENT AND ANTENNA ON EXISTING MONOPOLE TOWER; (1) FIBER TRUNK, (1) DC POWER PLANT, (10) RECTIFIERS",0.0,150.0,661000.0,17.0,1162648.6309336245,1858150.758226844,2021,11,11,0,0,1
684805,3223515,100948401,PERMIT - RENOVATION/ALTERATION,2021-12-01T00:00:00.000,2022-06-27T00:00:00.000,1132.0,BLACKHAWK ST,,"SPR 2019 CBRC: INTERIOR ALTERATIONS TO 2ND FLOOR BUSINESS USE FOOD LABORATORY SPACE AND INTERIOR ALTERATIONS FOR 1ST AND 2ND FLOOR F-1 USE PILOT PLANT SPACE. IN EACH AREA, WORK IS PARTIAL FLOOR INCLUDING NEW CONSTRUCTION OF NON-LOAD BEARING PARTITIONS, DOORS, CEILING, LIGHTING, INTERIOR FINISHES, POWER OUTLETS AS PER PLANSNO CHANGE IN USE (B-BUSINESS; F-1 FACTORY INDUSTRIAL, IB CONSTRUCTION).**CERTIFIED CORRECTIONS SUBJECT TO FIELD INSPECTIONS & AUDIT **",0.0,3492.53,842200.0,27.0,1168406.4833072205,1909521.7398009251,2022,06,27,0,0,1
684938,3223752,100948564,PERMIT - RENOVATION/ALTERATION,2023-06-23T00:00:00.000,2023-06-23T00:00:00.000,454.0,CLARK ST,,SC 2019 CBRC:REVISE EXISTING PARKING LOT TO ADD INTERIOR PLANTING ISLANDS AND FENCING PER PLANS.,0.0,377.0,839100.0,34.0,1175561.660299741,1898109.0249136656,2023,06,23,0,0,1
686439,3226528,100950408,PERMIT - SIGNS,2022-01-03T00:00:00.000,2022-01-27T00:00:00.000,1023.0,BELMONT AVE,,INSTALLATION OF AN INTERNALLY ILLUMINATED BLADE SIGN TO READ: NATIVE FOODS 100% PLANT BASED,0.0,375.0,62900.0,44.0,1168813.0026045502,1921378.7113611388,2022,01,27,0,0,1
687001,3227476,B100951105,PERMIT – EXPRESS PERMIT PROGRAM,2021-12-06T00:00:00.000,2022-01-08T00:00:00.000,600.0,KINZIE ST,Monthly Maintenance Permit,PLANNED PMS ON ELECTRICAL EQUIPMENT INSIDE A CHOCOLATE FACTORY PLANT; WIRE FANS ON STEAM HEATERS IN THE SHIPPING DOCK BAY AREA.,0.0,450.0,243600.0,27.0,1172231.085536217,1902955.411466567,2022,01,08,0,0,1
687390,3228284,100951636,PERMIT - RENOVATION/ALTERATION,2023-05-08T00:00:00.000,2023-05-08T00:00:00.000,3537.0,HERMITAGE AVE,,"SELF CERT. DECONVERT TWO FLAT DECONVERT TWO FLAT TO SINGLE FAMILY RESIDENCE, INTERIOR ALTERATIONS THROUGHOUT PER PLANS, REAR ADDITION, REAR PLANTER, REPLACEMENT OF EXISTING OPEN FRONT PORCH W/DECK ABOVE AND NEW GARAGE W/ROOF DECK.",0.0,900.0,831900.0,47.0,1164064.1863037592,1923688.7560510407,2023,05,08,0,0,1
687429,3228361,100951682,PERMIT - EASY PERMIT PROCESS,2021-12-10T00:00:00.000,2021-12-10T00:00:00.000,1400.0,46TH ST,,"INSTALL TWO 30 TON, REMOTE, R448A(198#), CENTURY CONDENSING UNITS, LOCATED ON THE ROOF, AND SERVING AS AN ICE MANUFACTURING PLANT. CONTACT SUPERVISOR CLEMENT GAVIN(312)743-3562, FOR A ROUGH INSPECTION OF THE HAND OPERATED EMERGENCY DUMP VALVE LOCATION.",0.0,900.0,842600.0,15.0,1167735.5547235582,1874291.9934181771,2021,12,10,0,0,1
688064,3229606,100952496,PERMIT - SIGNS,2022-01-24T00:00:00.000,2022-03-17T00:00:00.000,435.0,MICHIGAN AVE,,CAST PLAQUE #3: NON-LIT BRONZE PLAQUE ON SOUTH ELEVATION OF PRINTING PLANT BUILDING.,0.0,250.0,81403.0,42.0,1177396.207801636,1903458.8732455825,2022,03,17,0,0,1
688764,3230781,100953349,PERMIT - RENOVATION/ALTERATION,2022-02-07T00:00:00.000,2022-07-11T00:00:00.000,730.0,FRANKLIN ST,,"NEW EXTERIOR ENTRY CANOPY, ADA ACCESSIBLE ENTRY RAMP, SIDEWALK WORK, AND STOREFRONT ENTRY, W/ PLANTER RAILING WORK.  ORDINANCES HAVE BEEN APPROVED AND PASSED FOR THIS WORK; CANOPY ORDINANCE O2019-7412; PLANTER RAILING ORDINANCEO2019-7760; RAMP ORDINANCE O2019-7762.",0.0,1575.0,81800.0,42.0,1174151.6877961096,1905326.7980379337,2022,07,11,0,0,1
689799,3232738,B100954680,PERMIT – EXPRESS PERMIT PROGRAM,2022-01-08T00:00:00.000,2022-04-04T00:00:00.000,600.0,KINZIE ST,Monthly Maintenance Permit,SCHEDULED PMS ON ELECTRICAL EQUIPMENT INSIDE CHOCOLATE FACTORY PLANT.,0.0,300.0,243600.0,27.0,1172231.085536217,1902955.411466567,2022,04,04,0,0,1
691438,3235778,100956639,PERMIT - EASY PERMIT PROCESS,2022-01-27T00:00:00.000,2022-01-27T00:00:00.000,700.0,107TH ST,,"***R717*** REPLACE TWO, 500 TON, FRICK COMPRESSORS, ADD ONE CHILLER(HEAT EXCHANGER), REPLACE PRV'S, AND THE AMMONIA MONITORING SYSTEM, LOCATED IN THE ENGINE ROOM, AND SERVING A FOOD PROCESSING PLANT. CONTACT SUPERVISOR CLEMENT GAVIN (312)743-3562 TO SCHEDULE AN INSPECTION UPON COMPLETION.",0.0,900.0,500200.0,9.0,1182848.369752501,1833928.96707025,2022,01,27,0,0,1
691617,3236070,100956849,PERMIT - WRECKING/DEMOLITION,2022-02-23T00:00:00.000,2022-02-23T00:00:00.000,10600.0,GREEN BAY AVE,,WRECK AND REMOVE THE STACK AT THE FORMER CARMUESE PLANT,0.0,2250.0,520300.0,10.0,1200483.2714286258,1835237.7641644008,2022,02,23,0,0,1
691619,3236073,100956851,PERMIT - WRECKING/DEMOLITION,2022-02-23T00:00:00.000,2022-02-23T00:00:00.000,10600.0,GREEN BAY AVE,,WRECK AND REMOVE THE BAG HOUSE AT THE FORMER CARMUESE PLANT,0.0,2250.0,520300.0,10.0,1200483.2714286258,1835237.7641644008,2022,02,23,0,0,1
692838,3238293,100958325,PERMIT - NEW CONSTRUCTION,2022-07-29T00:00:00.000,2022-08-02T00:00:00.000,1132.0,BLACKHAWK ST,,"DDS 2019 CBC: NEW CONSTRUCTION OF 1-STORY WITH MEZZANINE PILOT PLANT FACILITY ON SHALLOW SPREAD FOOTINGS. BUILDING WILL HOUSE PRODUCTION SPACE RECEIVING, AND BREAK AND LOCKER ROOMS FOR EMPLOYEES. EXTERIOR PRECAST CONCRETE PANELS. (IIB CONSTRUCTION, F-1 FACTORY USE) CONSULTANT REVIEWER: V3 COMPANIES OF IL",0.0,21828.18,842200.0,27.0,1168406.4833072205,1909521.7398009251,2022,08,02,0,0,1
695173,3242588,B100961250,PERMIT – EXPRESS PERMIT PROGRAM,2022-03-07T00:00:00.000,2022-04-04T00:00:00.000,600.0,KINZIE ST,Monthly Maintenance Permit,SCHEDULED PM ON THE ELECTRICAL SYSTEMS INSIDE CHOCOLATE FACTORY PLANT. - REPLACE AND REWIRE ILLUMINATION FIXTURES IN THE WASH AREA.,0.0,525.0,243600.0,27.0,1172231.085536217,1902955.411466567,2022,04,04,0,0,1
696259,3244460,100962549,PERMIT - RENOVATION/ALTERATION,2022-04-08T00:00:00.000,2022-04-08T00:00:00.000,3730.0,LARAMIE AVE,,"SELF-CERT 2019 CBRC, CHICAGO PUBLIC SCHOOL, GROUP E-1 EDUCATIONAL, NO CHANGE IN USE, TOTAL ROOF REPLACEMENT AND REPAIR OF DAMAGED INTERIOR FINISHES, PARKING LOT REFINISHMENT WITH NEW PARKWAY TREE PLANTING, LOCALIZED PARAPET REBUILDS AND REMOVAL AND RESET STONE COPING, WINDOW REPLACEMENT AND MASONRY REPAIR AND LIGHT FIXTURE REPLACEMENT, INTERIOR MINOR MECHANICAL, ELECTRICAL, PLUMBING AND FINISH REPLACEMENTS, FULL EXTERIOR CORNICE PAINTING (OCCUPANCY RS-3; CONSTRUCTION TYPE I - B)",575.0,575.0,150700.0,45.0,1140988.9805910783,1924452.514818754,2022,04,08,0,0,1
696738,3245320,B100963094,PERMIT – EXPRESS PERMIT PROGRAM,2022-03-18T00:00:00.000,2022-03-18T00:00:00.000,6035.0,BLACKSTONE AVE,Electrical Work,SECURITY SYSTEM WORK (UOF CHGO STEAM PLANT CAMERA ADD) (CXSO220317L),0.0,75.0,420100.0,5.0,1186920.6080503608,1865010.722835065,2022,03,18,0,0,1
696828,3245497,100963212,PERMIT - RENOVATION/ALTERATION,2022-06-09T00:00:00.000,2022-06-09T00:00:00.000,1819.0,AUGUSTA BLVD,,"SC 2019 CBRC: PROPOSED STEEL PERGOLA, TRELLIS, PLANTER, AND FIREPLACE ON EXISTING ROOF DECK OF AN EXISTING 3 STORY/2 UNIT RESIDENCE, PER PLANS R-5 USE.",0.0,377.0,242200.0,1.0,1163994.592523238,1906663.160510186,2022,06,09,0,0,1
697167,3246129,100963623,PERMIT - NEW CONSTRUCTION,2022-04-27T00:00:00.000,2022-04-27T00:00:00.000,233.0,CANAL ST,,"PERMIT EXPIRES ON 06/27/2022 ERECTION STARTS: 4/29/2022, ERECTION ENDS: 8/29/2022.  ERECTION STARTS: 4/29/2022, ERECTION ENDS: 8/29/2022.  ERECTION STARTS: 4/29/2022, ERECTION ENDS: 8/29/2022.  - INSTALLATION  OF (2) 22' X 16' X 8' HIGH PERGOLA WITH A RETRACTABLE CANOPY AND 4' X 4' WOOD PLANTERS.",0.0,200.0,280100.0,42.0,1173112.4716484158,1902094.4508156804,2022,04,27,0,0,1
697699,3247071,100964261,PERMIT - RENOVATION/ALTERATION,2022-06-22T00:00:00.000,2022-06-22T00:00:00.000,6439.0,PULASKI RD,,"SC 2019 CBRC: INTERIOR REMODELING OF EXISTING 2430 S.F. SPACE FOR CARRY OUT LIMITED RESTAURANT, INCLUDES ARCHITECTURAL, ELECTRICAL, HVAC AND PLUMBING WORK. NEW SIX (6) FOOT HEIGHT MASONRY SCREEN WALL AT DUMPSTERS AND OTHER TRASH COLLECTION BINS AND AREAS, WITH OPAQUE, LOACKABLE GATES, MASONRY WALLS WITH VINES PLANTED AT THE BASE PER PLANS.. B OCC. - IIIB CONST.- PER APP.",0.0,2025.0,650302.0,13.0,1150854.5872855235,1861441.1845895192,2022,06,22,0,0,1
697893,3247406,100964498,PERMIT - RENOVATION/ALTERATION,2022-04-27T00:00:00.000,2022-11-04T00:00:00.000,2522.0,WILSON AVE,,"ADD NEW PERGOLA, TRELLIS, AND PLANTERS ON AN  EXISTING AS BUILT DETACHED 2-CAR FRAME GARAGE THAT SEVES AN EXISTING SFR OF TYPE R-5 OCCUPANCY AND TYPE 5A CONSTRUCTION.  NO CHANGE TO OCCUPANCY OR EGRESS.  2019 CHICAGO REHAB CODE.",0.0,575.0,40700.0,47.0,1158624.1389868867,1930465.6267607107,2022,11,04,0,0,1
699121,3249670,100966030,PERMIT - RENOVATION/ALTERATION,2022-06-02T00:00:00.000,2022-07-19T00:00:00.000,525.0,MONROE ST,,"DDS 2019 CBRC: INTERIOR AND EXTERIOR ALTERATIONS TO GROUND FLOOR LOBBY AND EXTERIOR PLAZA AT AN EXISTING HIGH RISE OFFICE BUILDING. WORK TO INCLUDE DEMO, NEW PARTITIONS, FINISHES, NEW ENTRY DOOR, ELECTRICAL LIGHTING, NEW AIR CURTAIN AT MAIN ENTRY, DRAINS FOR NEW PLANTERS AND INFRASTRUCTURE FOR NEW CAFE AS PER PLANS. 1A CONSTRUCTION. B-BUSINESS USE.CONSULTANT REVIEWER: GLOBETROTTERS ENGINEERING",0.0,7022.44,281900.0,42.0,1172840.7256591115,1899791.6322286148,2022,07,19,0,1,1
700236,3251661,100967507,PERMIT - EASY PERMIT PROCESS,2022-04-18T00:00:00.000,2022-04-18T00:00:00.000,9023.0,COMMERCIAL AVE,,"CORRECT VIOLATIONS:CN012022, CN015022, CN194029, NC10012, NC5012, TO PROVIDE 5/8"" GYOP-BD DRYWALL TYPE X ON CEILING AT BASEMENT & ALSO HEATING PLANT ON BOTH SIDES OF WALLS WITH ""B"" LABEL DOOR. ALSO INSTALL DOORS PER VIOLATIONS ON STAIRS AND EXIT DOORS. ELECTRICAL WORK PERMIT#100972719",0.0,350.0,833900.0,10.0,1197754.198832773,1845606.7148349285,2022,04,18,0,0,1
700288,3251738,100967567,PERMIT - RENOVATION/ALTERATION,2022-08-31T00:00:00.000,2022-12-12T00:00:00.000,1035.0,LAKE ST,,"SPR 2019 CBRC: RENOVATION OF THE EXISTING ROOF DECK / PENTHOUSE TO INCLUDE NEW ACCESS STAIR & VERTICAL PLATFORM LIFT. WORK TO ALSO INCLUDE FACADE ELEMENTS, NEW RAMPS, STAIRS, PLANTERS, & CANOPIES FOR NEW ACCESSIBLE ENTRIES. ACAR INCLUDED FOR ADDITIONAL ELECTRICAL SERVICE. (OCCUPANCY B / A-2 / M - CONSTRUCTION TYPE III-A)**CERTIFIED CORRECTIONS SUBJECT TO FIELD INSPECTIONS & AUDIT **",0.0,1800.38,833000.0,27.0,1169382.9175307543,1901581.7573276612,2022,12,12,0,0,1
700547,3252155,100967888,PERMIT - WRECKING/DEMOLITION,2022-09-07T00:00:00.000,2022-09-07T00:00:00.000,151.0,MICHIGAN AVE,,"WRECK AND REMOVE A 1 STORY BUILDING PORTION, CONCRETE DECK, SKYLIGHT AND PLANTERS SUBJECT TO ON SITE INSPECTION APPROVAL.",0.0,2250.0,320100.0,42.0,1177320.519764576,1901313.9552678016,2022,09,07,0,0,1
701282,3253392,100968797,PERMIT - NEW CONSTRUCTION,2022-08-09T00:00:00.000,2022-09-27T00:00:00.000,4121.0,PACKERS AVE,,"SPR 2019 CBC: REVISION TO PERMIT #100908647. ELECTRICAL, PLUMBING, AND VENTILATION FOR PROCESS EQUIPMENT - NO SUSPENDED EQUIPMENT, NO NEW FOUNDATIONS. NEW PARTITION WALL. VALUE ENGINEERING INCLUDES REVISED WALL TYPES. (PLANT/WAREHOUSE: OCCUPANCY F-1; CONSTRUCTION TYPE II)",0.0,29814.32,842600.0,11.0,1168191.9264071092,1877430.595643616,2022,09,27,0,0,1
701707,3254119,100969341,PERMIT - RENOVATION/ALTERATION,2022-05-24T00:00:00.000,2022-05-24T00:00:00.000,413.0,CLARK ST,,"INTERIOR ALTERATION OF AN EXISTING RESTAURANT SPACE (PREVIOUSLY LYFE KITCHEN) FOR A NEW RESTAURANT USE (PLANTA).  SCOPE INCLUDES ARCHITECTURAL, MECHANICAL, PLUMBING, ELECTRICAL AND MINOR STRUCTURAL AND MINOR EXTERIOR WORK.  NO CHANGE IN USE.",0.0,2524.33,81700.0,42.0,1175504.3250493316,1903139.492241507,2022,05,24,0,0,1
702416,3255423,100970235,PERMIT - NEW CONSTRUCTION,2022-06-06T00:00:00.000,2022-07-11T00:00:00.000,2339.0,SHAKESPEARE AVE,,"REPLACE EXISTING DECKING AND ADD PERGOLA, TRELLIS, AND PLANTERS TO EXISTING ATTACHED 2-CAR MASONRY GARAGE ROOF DECK.  REPLACE EXISTING DECKING, ADD NEW PERGOLA, TRELLIS, AND HOT TUB TO EXISTING ROOFTOP DECK ON EXISTING SFR OF TYPE 5-R OCCUPANCY AND TYPE 5A CONSTRUCTION.  NO CHANGE TO OCCUPANCY OR EGRESS.  2019 CHICAGO REHAB CODE.  STRUCTURAL PEER REVIEW.",0.0,575.0,221600.0,32.0,1160239.5610583597,1914287.912712804,2022,07,11,0,0,1
702639,3255849,100970497,PERMIT - EASY PERMIT PROCESS,2022-05-05T00:00:00.000,2022-05-05T00:00:00.000,4649.0,ARMITAGE AVE,,"REPLACE TWO EVAPORATOR CONDENSER UNITS WITH TWO, 129 TON, REMOTE, R717, BAC EVAPORATOR CONDENSERS, LOCATED ON THE ROOF AND SERVING AN AMMONIA PLANT. CONTACT REFRIGERATION SUPERVISOR CLEMENT GAVIN (312)743-3562 TO SCHEDULE A ROUGH INSPECTION OF THE PUMP DOWN, AND THE TEST OF THE EQUIPMENT.",0.0,600.0,191000.0,36.0,1144823.0526113026,1912844.1407024064,2022,05,05,0,0,1
703156,3256707,B100971119,PERMIT – EXPRESS PERMIT PROGRAM,2022-05-10T00:00:00.000,2022-07-07T00:00:00.000,600.0,KINZIE ST,Monthly Maintenance Permit,SCHEDULED PMS ON ELECTRICAL EQUIPMENT INSIDE A CHOCOLATE MANUFACTURING PLANT; - WIRE REPLACEMENT METAL DETECTORS FOR PRODUCTION LINES.,0.0,525.0,243600.0,27.0,1172231.085536217,1902955.411466567,2022,07,07,0,0,1
703323,3257000,100971318,PERMIT - ELEVATOR EQUIPMENT,2022-05-11T00:00:00.000,2022-05-11T00:00:00.000,2233.0,DIVISION ST,,DECOMMISSION POWER PLANT FREIGHT ELEVATOR #12 SUBJECT TO CITY OF CHICAGO DEPT. OF BUILDINGS ELEVATOR BUREAU INSPECTION.,0.0,360.0,242400.0,2.0,1161155.5772230583,1907902.915223887,2022,05,11,0,0,1
703348,3257053,100971351,PERMIT - RENOVATION/ALTERATION,2022-07-12T00:00:00.000,2022-08-19T00:00:00.000,4420.0,BEACON ST,,"2019 CBC: SITE PROJECT ONLY AND NO CHANGE IN USE. INCLUDES PLAY LOT IMPROVEMENTS FOR COURTENAY LANGUAGE ARTS CENTER THAT INCLUDES PLAY EQUIPMENT, RUBBER SURFACING, CONCRETE & ASPHALT, ARTIFICIAL TURF FIELD, BASKETBALL COURT, RUNNING TRACK, UTILITY IMPROVEMENTS, STORMWATER STORAGE, SITE FURNISHINGS AND PLANTING IMPROVEMENTS AS PER PLANS.",16055.25,16055.25,31700.0,46.0,1166321.0351694608,1929570.1080036052,2022,08,19,0,1,1
705776,3261232,100974362,PERMIT - RENOVATION/ALTERATION,2022-07-08T00:00:00.000,2022-07-08T00:00:00.000,306.0,ERIE ST,,"SELF CERT: SCOPE CHANGE FROM ORIGINAL PERMIT # 100934964. REMOVE FROM THE ORIGINAL PERMITTED SCOPE: EXTERIOR ROOF DECK, PERGOLA, EXTERIORWORK, GUARDRAILS, PLANTERS AND ASSOCIATED WINDOWS AND DOORS. INTERIOR RAISED WOOD PLATFORM AND ANY ASSOCIATED STEPS, HANDRAILS, GUARDRAILS. ALL EXISTING FIRE PROTECTION SPRINKLERS TO REMAIN. SPRINKLER HEADS TO BE ADJUSTED TOPROVIDE PROPER COVERAGE TO REVISED ARCHITECTURAL LAYOUT, AS PER PLANS.",0.0,825.0,81800.0,42.0,1174114.622750261,1904762.0634428996,2022,07,08,0,0,1
705920,3261487,100974531,PERMIT - EASY PERMIT PROCESS,2022-06-02T00:00:00.000,2022-06-02T00:00:00.000,1721.0,BERWYN AVE,,"CONSTRUCT PERGOLA, FLOWER BOX, & SCREEN FOR PLANTS",0.0,225.0,30900.0,40.0,1163805.8883398196,1935206.4320945845,2022,06,02,0,0,1
706239,3262083,100974931,PERMIT - RENOVATION/ALTERATION,2022-07-22T00:00:00.000,2022-08-31T00:00:00.000,729.0,DIVERSEY PKWY,,"ADD NEW PERGOLA, TRELLIS, HOT TUB, PLANTERS, AND CABINETRY TO EXISTING PRIVATE ROOFTOP DECK ON EXISTING 3-UNIT BUILDING OF TYPE R-5 OCCUPANCY AND TYPE 3A CONSTRUCTION.  NO CHANGE TO OCCUPANCY OR EGRESS.  2019 CHICAGO BUILDING CODE.  STRUCTURAL PEER REVIEW.",0.0,800.0,70200.0,43.0,1170802.4541255983,1918788.258661088,2022,08,31,0,0,1
706791,3263068,100975603,PERMIT - EASY PERMIT PROCESS,2022-06-10T00:00:00.000,2022-06-10T00:00:00.000,10.0,DEARBORN ST,,PLANTERS REMOVE AND REPLACING THE WATERPROOFING.,0.0,525.0,839100.0,42.0,1175903.2774109049,1900306.2631881868,2022,06,10,0,0,1
709223,3267084,100978550,PERMIT - RENOVATION/ALTERATION,2022-08-24T00:00:00.000,2022-08-24T00:00:00.000,222.0,MERCHANDISE MART PLZ,,"SELF CERT 2019 CBRC: EXTERIOR ALTERATIONS TO THE PLAZA AT AN EXISTING OFFICE BUILDING WITH GROUND FLOOR RETAIL. WORK TO INCLUDE SELECTIVE DEMO OF CONCRETE TOPPING SLAB, SIDEWALK AND CURB. REMOVAL OF PLANTERS, DECKING AND STORM DRAINS; INSTALLATION OF NEW BOLLARDS, PLANTERS, LANDSCAPE AND DRAINS; NEW TOPPING SLAB, SIDEWALK, CURBS  AND PEDESTRIAN STRIPING AS PER PLANS. STRUCTURAL PEER REVIEW. 1A CONSTRUCTION. B-BUSINESS.",0.0,3765.0,81800.0,42.0,1174410.8855723266,1902578.031820948,2022,08,24,0,1,1
715819,3278781,B100986808,PERMIT – EXPRESS PERMIT PROGRAM,2022-08-31T00:00:00.000,2022-08-31T00:00:00.000,6053.0,BLACKSTONE AVE,Electrical Work,SECURITY SYSTEM WORK ( UOFC STEAM PLANT CHILLER WCUP ADDITION/VIDEO) (CXSO220830B),0.0,75.0,420100.0,5.0,1186936.0976526376,1864905.1357627956,2022,08,31,0,0,1
718622,3283675,B100990201,PERMIT – EXPRESS PERMIT PROGRAM,2022-09-27T00:00:00.000,2022-09-27T00:00:00.000,5757.0,59TH ST,Electrical Work,"REMOVE UMTS DUPLEXER FROM P4 AND PLUMB FNET TO P4 ANTENNA ON ALL SECTORS, (1) DC6 SQUID, (1) 18 PAIR FIBER TRUNK. INSTALL 2ND FIBER & SFP3 ON 4478 B5, UPDATE SFP ON RRUS-32 B66 ON ALL SECTORS, SLIDE C BAND ANTENNA DOWN, INSTALL DOD 6419 ANTENNA . INSTALL (1) DC9-48-60-24-8C-EV SQUID, (1) #6  AWG TRUNKS, (1) 24 PAIR FIBER TRUNK. REMOVE(1)DC 6-48-60-18-8C, (1)18 PAIR FIBER TRUNK. REPLACE POWER PLANT WITH 7100,INSTALL 12 RECTIFIERS, ADD REMOVE SOME OTHER ANTENNA ACCESSORIES TO UPGRADE THE ANTENNA.",0.0,150.0,640300.0,13.0,1138770.7784287536,1864823.9307925384,2022,09,27,0,0,1
719225,3284868,B100990979,PERMIT – EXPRESS PERMIT PROGRAM,2022-10-03T00:00:00.000,2022-12-07T00:00:00.000,600.0,KINZIE ST,Monthly Maintenance Permit,SCHEDULED PMS ON ELECTRICAL EQUIPMENT INSIDE CHOCOLATE MANUFACTURING PLANT. WIRE REPLACEMENT TEMPER UNITS FOR MOLDING L2 AND L3. WIRE HEAT TRACE PANEL FOR TANK FARM HEATING CKTS.,0.0,600.0,243600.0,27.0,1172231.085536217,1902955.411466567,2022,12,07,0,0,1
720946,3287847,B100993083,PERMIT – EXPRESS PERMIT PROGRAM,2022-10-19T00:00:00.000,2022-10-19T00:00:00.000,933.0,RUSH ST,Electrical Work,INSTALL (5) GFCI'S IN PLANTERS,0.0,150.0,81200.0,42.0,1176526.260594424,1906979.3029123456,2022,10,19,0,0,1
721082,3288073,100993228,PERMIT - RENOVATION/ALTERATION,2022-11-03T00:00:00.000,2022-11-18T00:00:00.000,1831.0,CALIFORNIA AVE,,"NEW FRONT FRAME, STAIRS, SAME SIZE, LOCATION AND CONFIGURATION AS EXISTING. NEW REAR FRAME PORCH PER PLANTS.",0.0,375.0,832400.0,1.0,1157451.0662112404,1912200.2293389584,2022,11,18,0,0,1
722410,3290492,B100994875,PERMIT – EXPRESS PERMIT PROGRAM,2022-11-01T00:00:00.000,2022-11-01T00:00:00.000,211.0,OHIO ST,Electrical Work,"REMOVE/REPLACE (8) BELL BOXES IN BUILDING FRONT PLANTER BOXES, REMOVE/DISCONTINUE (3) JBOXES BY TREE BASES.  WORK PERFORMED FOR 211 E OHIO CONDO ASSN.",0.0,75.0,81400.0,2.0,1177874.0356791513,1904203.8991633984,2022,11,01,0,0,1
723138,3291807,100995809,PERMIT - RENOVATION/ALTERATION,2023-01-03T00:00:00.000,2023-01-26T00:00:00.000,225.0,RANDOLPH ST,,"DDS 2019 CBRC. SELECTIVE INTERIOR DEMOLITION IN EXISTING LANDMARKED OFFICE TOWER. INCLUDES DEMOLITION CONTRIBUTING LANDMARK AREAS ON FLOORS 1, 31, 32, INCLUDING EXTERIOR PLAZA PAVING, PLANTER, GROUND FLOOR STOREFRONT FOR DOOR REPLACEMENT, LOUVER REPLACEMENT, ROOFING AND ROOF PENTHOUSE. ON FL 1, DEMO OF LOBBY AND RESTAURANT. ON FLOORS 31 AND 32, PARTIAL FLOOR DEMOLTION INCLUDING CORE, MECHANICAL AREAS. (OCCUPANCY GROUP B; TYPE IA CONSTRUCTION).CONSULTANT REVIEWER: GLOBETROTTERS ENGINEERING",0.0,33361.13,839100.0,42.0,1174508.6852227107,1901223.6449489947,2023,01,26,0,0,1
724031,3293364,B100996907,PERMIT – EXPRESS PERMIT PROGRAM,2022-11-17T00:00:00.000,2023-03-14T00:00:00.000,2233.0,DIVISION ST,Fire Alarm System,"**FIRE ALARM PERMIT**BUILDOUT RENOVATION OF 1ST & 2ND FLOOR IN POWER PLANT GENERATOR ROOM. ADDING NEW AUDIO/VISUAL, VISUAL & INITIATING DEVICES TO EXISTING CHICAGO APPROVED FIRE ALARM SYSTEM.",0.0,675.0,242400.0,1.0,1161155.5772230583,1907902.915223887,2023,03,14,0,0,1
724942,3294989,100998024,PERMIT - RENOVATION/ALTERATION,2022-12-21T00:00:00.000,2022-12-21T00:00:00.000,101.0,OAK ST,,"SELF-CERT 2019 CRBC: INTERIOR DEMO ONLY TO EXISTING BASEMENT, FIRST FLOOR & SECOND FLOOR OF AN EXISTING 3 STORY BUILDING. SCOPE ALSO TO INCLUDE DEMOLITION OF EXTERIOR PLANTER BOX. NO CHANGE TO EXISTING USE. (OCCUPANCY MERCANTILE / CONSTRUCTION TYPE III-B)",0.0,575.0,81201.0,42.0,1176914.1917017952,1907193.058939412,2022,12,21,0,0,1
725859,3296885,100999196,PERMIT - RENOVATION/ALTERATION,2023-03-08T00:00:00.000,2023-03-08T00:00:00.000,2533.0,MOZART ST,,"SC 2019 CBRC: PROPOSED REAR 2 CAR GARAGE, REAR DECK, 4' SIDE WOOD FENCE, 6' PLANTER BOX, AND INTERNAL RENOVATIONS TO DECONVERT AN EXISTING 2 STORY/2 UNIT RESIDENCE TO A SFR, PER PLANS.",0.0,1783.51,220400.0,32.0,1156982.9986987584,1916846.2478544405,2023,03,08,0,0,1
725870,3296904,100999208,PERMIT - RENOVATION/ALTERATION,2023-01-11T00:00:00.000,2023-01-24T00:00:00.000,111.0,PEORIA ST,,"2019 CRBC:  ADD NEW PERGOLA, PLANTERS, AND CABINETRY TO EXISTING PRIVATE ROOFTOP TERRACE FOR UNIT PH06 AT EXISTING 10-STORY, 79-UNIT BUILDING (OCCUPANCY TYPE R-2, TYPE 1B CONSTRUCTION).  STRUCTURAL PEER REVIEW.",0.0,352.0,833100.0,27.0,1170473.8501111327,1899635.927351013,2023,01,24,0,0,1
725976,3297092,100999336,PERMIT - RENOVATION/ALTERATION,2023-02-09T00:00:00.000,2023-05-16T00:00:00.000,111.0,WACKER DR,,"SPR 2019 CBRC: MODERNIZATION OF EXISTING PLAZA INCLUDING WATERPROOFING, LANDSCAPING & PLANTERS. EXISTING PLAZA LAYOUT TO SUBSTANTIALLY REMAIN THE SAME. (OCCUPANCY GROUP B; CONSTRUCTION TYPE IB)",0.0,4334.07,839100.0,42.0,1173991.303868862,1899753.9169500095,2023,05,16,0,0,1
728054,3301145,101001897,PERMIT - RENOVATION/ALTERATION,2023-03-02T00:00:00.000,2023-05-25T00:00:00.000,2320.0,93RD ST,,"SPR 2019 CBRC: INTERIOR AND EXTERIOR ALTERATIONS TO AN EXISTING EMERGENCY DEPARTMENT IN ADVOCATE TRINITY HOSPITAL AS PER PLANS. WORK TO INCLUDE ARCHITECTURAL, MECHANICAL, ELECTRICAL, PLUMBING, AND FIRE PROTECTION IMPROVEMENTS. ADDITIONALLY, THERE WILL BE ""LIGHT AND BRIGHT"" FINISH UPGRADES IN THE EMERGENCY DEPARTMENT OUTSIDE OF THE REMODELED PATIENT INTAKE AND TRIAGE AREA. EXTERIOR IMPROVEMENTS INCLUDE EXTENSION OF THE EXISTING CANOPY, TWO NEW COLUMNS WITH COMPOSITE ALUMINUM PANEL COLUMN ENCLOSURES, NEW BULLET RESISTANT GLASS ENTRY DOORS AND WINDOWS, NEW DROP OFF AREA, RAMPS, STAIR, SIDEWALK, BENCH, BOLLARDS, AND PLANTING AREAS. (CONSTRUCTION TYPE: IB; OCCUPANCY: I-2 HOSPITAL)",0.0,6868.38,480400.0,7.0,1193366.0657973452,1843796.171467658,2023,05,25,0,0,1
728339,3301705,101002238,PERMIT - RENOVATION/ALTERATION,2023-01-30T00:00:00.000,2023-03-10T00:00:00.000,600.0,GRAND AVE,,"DDS 2019 CBRC: PHASE 1 - INTERIOR DEMOLITION OF NON-LOAD BEARING PARTITIONS AND ASSOCIATED PLUMBING, ELECTRICAL, AND STRUCTURAL ON LEVEL 2 AS PER PLANS. WORK TO INCLUDE THE DEMOLITION OF A KITCHENETTE, FLOORING MATERIAL, THE REMOVAL OF CONCRETE TREE PLANTERS AND ASSOCIATED WATER LINES AND ELECTRICAL STUB-OUTS; MISC. CONCRETE WORK TO INCLUDE REMOVAL AND INFILL OF EXISTING TREE PIT. SUPPLY AND WASTE PLUMBING WILL BE CAPPED AND/ OR REMOVED FROM THE KITCHENETTE AND PLANTERS. (CONSTRUCTION TYPE: 1A; OCCUPANCY TYPE: A-3) CONSULTANT REVIEWER: V3 COMPANIES",0.0,5826.3,81402.0,42.0,1180766.1724535844,1904095.559304893,2023,03,10,0,0,1
729618,3304027,101003784,PERMIT - RENOVATION/ALTERATION,2023-01-31T00:00:00.000,2023-08-10T00:00:00.000,1059.0,13TH ST,,"SPR 2019 CBRC: COMMUNITY GARDEN AT CPS SMYTH IB WORLD SCHOOL TO INCLUDE RAISED PLANTER BEDS, BEE HIVES, PERMEABLE PAVERS, PARTIAL ORNAMENTAL FENCE (5FT TALL). EXTERIOR IMPROVEMENTS ONLY, NO INTERIOR SCOPE OF WORK. OCCUPANCY GROUP E-1 (TO REMAIN), TYPE II-A CONSTRUCTION (TO REMAIN).",375.0,375.0,283800.0,28.0,1169435.0625961912,1894247.174877112,2023,08,10,0,0,1
730493,3305785,101004849,PERMIT - RENOVATION/ALTERATION,2023-03-31T00:00:00.000,2023-05-23T00:00:00.000,12201.0,TORRENCE AVE,,EXPANSION OF EXISTING OUTDOOR TANK HOUSING FOUNDATION AT CARGILL FACILITY (MANUFACTURING PLANT) TO ACCOMMODATE SPACE FOR NEW TANKS AS PER PLANS.  STRUCTURAL PEER REVIEW INCLUDED.  (CONSTRUCTION: TYPE II / OCCUPANCY: U),0.0,885.0,838800.0,10.0,1195767.4163854565,1824631.5676924817,2023,05,23,0,0,1
730840,3306507,101005273,PERMIT - RENOVATION/ALTERATION,2023-04-04T00:00:00.000,2023-04-04T00:00:00.000,640.0,SCOTT ST,,"MEP UPGRADES INCLUDING REPLACEMENT OF DOMESTIC WATER PIPING, INSTALLATION OF A CHILLER PLANT, REPLACEMENT OF UNIVENTS, NEW BOILER AND MECHANICAL EQUIPMENT, ELECTRICAL SERVICE UPGRADES, ELECTRICAL WORK, AND ARCHITECTURAL WORK.",875.0,875.0,842200.0,27.0,1171670.974223337,1908773.8401186664,2023,04,04,0,0,1
731807,3308224,101006426,PERMIT - NEW CONSTRUCTION,2023-06-09T00:00:00.000,2023-06-09T00:00:00.000,2943.0,FIFTH AVE,,"SELF CERT 2019 CBC: NEW PROPAGATION HOOP HOUSE (SHED) AND OUTDOOR PLANT AREA, BEE HIVES PER PLANS.  (PROPOSED OCCUPANCY U: GREENHOUSE, URBAN FARM, CONSTRUCTION CLASS V-B) 2943 W FIFTH AVE  (2943-2945 W FIFTH AVE).",0.0,625.0,837000.0,27.0,1156650.5013727194,1899444.0560475849,2023,06,09,0,0,1
732078,3308833,101006767,PERMIT - NEW CONSTRUCTION,2023-03-10T00:00:00.000,2023-04-19T00:00:00.000,3937.0,BERNARD ST,,"SPR 2019 CBRC - PROPOSED REAR DECK W/PERGOLA AND PLANTER SERVING A 2 STORY SFR, PER PLANS.",0.0,377.0,160800.0,35.0,1152731.0789868976,1926119.1991579093,2023,04,19,0,0,1
732656,3309943,B101007505,PERMIT – EXPRESS PERMIT PROGRAM,2023-03-03T00:00:00.000,2023-06-05T00:00:00.000,600.0,KINZIE ST,Monthly Maintenance Permit,SCHEDULED PMS ON ELECTRICAL EQUIPMENT INSIDE CHOCOLATE PLANT. - REWIRE FIRE SUPPRESSION SYSTEM VALVES AND ACTUATORS FOR ROASTERS. - WIRE STEEL BELT INTERLOCKS ON REFINING. - REWIRE CONTROLS ON PRESS 8.,0.0,825.0,243600.0,27.0,1172231.085536217,1902955.411466567,2023,06,05,0,0,1
732687,3310002,101007543,PERMIT - RENOVATION/ALTERATION,2023-03-10T00:00:00.000,2023-04-18T00:00:00.000,130.0,RANDOLPH ST,,"SCOPE OF WORK: EXISTING WIRELESS COMMUNICATIONS FACILITY. T-MOBILE SITE NUMBER: CH80503A. REMOVAL OF (1) EXISTING AEHC ANTENNA AND (2) EXISTING RRH-P4 RADIOS. REMOVAL OF (1) FIBER AND POWER PULL BOX. INSTALLATION OF (2) ANTENNAS, (2) AHOLA, (5) AHFIG, (6) AZHL RADIOS. INSTALLATION OF (2) HYBRID BREAKOUT BOXES AND (2) HYBRID TRUNK CABLES. INSTALLATION OF (1) EQUIPMENT RACK WITH 600AMP POWER PLANT. INSTALLATION OF (1) BATTERY PACK. INSTALLATION OF (2) TOWER OVPS. ALL WORK IS TO BE DONE WITHIN THE EXISTING LEASE AREA. ELECTRICAL PERMIT: 101005371. PREVIOUS PERMIT: 100918374",0.0,1125.0,320100.0,42.0,1177602.472611489,1901333.8741610113,2023,04,18,0,0,1
732694,3310010,101007551,PERMIT - RENOVATION/ALTERATION,2023-03-22T00:00:00.000,2023-04-18T00:00:00.000,2000.0,LINCOLN PARK W,,"SCOPE OF WORK: EXISTING WIRELESS COMMUNICATIONS FACILITY. T-MOBILE SITE NUMBER: CH80543A. REPLACEMENT OF (1) ANTENNA WITH (2) ANTENNAS. INSTALLATION OF (5) AHFIG, (6) AZHL RADIOS. INSTALLATION OF (2) HYBRID BREAKOUT BOXES AND (2) HYBRID TRUNK CABLES. INSTALLATION OF (1) EQUIPMENT RACK, (2) TOWER OVP AND (1) BATTERY PACK WITH 600 AMP POWER PLANT. ALL WORK IS TO BE DONE WITHIN THE EXISTING LEASE AREA. ELECTRICAL PERMIT: 101006109. PREVIOUS PERMIT: 100977306",0.0,825.0,71400.0,43.0,1173889.0678899875,1913828.9848192255,2023,04,18,0,0,1
733278,3310957,101008239,PERMIT - RENOVATION/ALTERATION,2023-03-30T00:00:00.000,2023-03-30T00:00:00.000,433.0,VAN BUREN ST,,"SELF-CERT 2019 CRBC: MINOR ALTERATIONS TO AN EXISTING PANTRY IN SUITE 650 ON THE 6TH FLOOR AS PER PLANS. WORK TO INCLUDE DEMOLITION OF WALL SCONCES, DEMOLITION OF AN EXISTING CHAIR RAIL, DEMOLITION OF EXISTING PENDANT LIGHT FIXTURES TO ADD NEW LINEAR LIGHT FIXTURE, DEMOLITION OF EXISTING MILLWORK DECORATIVE FRAME PLANTER TO FILL NEW PARTITION BELOW SOFFIT, AND NEW PARTITION TO ALIGN WITH EDGE OF ABOVE SOFFIT TO UNDERSIDE OF EXISTING. NO PLUMBING AND STRUCTURAL WORK. (CONSTRUCTION TYPE: 1A; OCCUPANCY TYPE: B-BUSINESS OFFICE)",0.0,875.0,841900.0,25.0,1173294.7699074706,1898412.05516493,2023,03,30,0,0,1
735484,3315150,101010986,PERMIT - EASY PERMIT PROCESS,2023-03-30T00:00:00.000,2023-03-30T00:00:00.000,5810.0,MARYLAND AVE,,"REPLACE TWO EXISTING CHILLERS WITH TWO CARRIER 2000 TON CHILLERS, SELF CONTAINED, WATER COOLED, R134A, LOCATED IN THE CHILLER PLANT L1 PARKING GARAGE.REPLACE SIX EVAPCO COOLING TOWERS LOCATED ON THE ROOF PARKING GARAGE.UPON COMPLETION OF WORK CONTACT BUD GAVIN FOR INSPECTION 312-743-7215.",0.0,4200.0,836200.0,5.0,1182843.4336938898,1866598.8588043647,2023,03,30,0,0,1
735611,3315390,101011149,PERMIT - EASY PERMIT PROCESS,2023-03-31T00:00:00.000,2023-03-31T00:00:00.000,10.0,DEARBORN ST,,REMOVE/REPLACE EXISTING LANDSCAPING AND WATERPROOFING IN SELECT PLANTERS.,0.0,175.0,839100.0,42.0,1175903.2774109049,1900306.2631881868,2023,03,31,0,0,1
735733,3315632,B101011326,PERMIT – EXPRESS PERMIT PROGRAM,2023-04-03T00:00:00.000,2023-06-05T00:00:00.000,600.0,KINZIE ST,Monthly Maintenance Permit,SCHEDULED PMS ON ELECTRICAL EQUIPMENT IN A CHOCOLATE FACTORY. - WIRE LEVEL SENSORS FOR MOLDING FEED LINES. - UPDATE STORAGE TANKS TNK111-TNK118 TO THE NEW CONTROL SYSTEM. - WIRE LIMIT SWITCHES ON REFINING BELTS. - UPDATE PLANT OT COMMUNICATION SYSTEM.,0.0,825.0,243600.0,27.0,1172231.085536217,1902955.411466567,2023,06,05,0,0,1
737330,3318529,101013315,PERMIT - EASY PERMIT PROCESS,2023-04-18T00:00:00.000,2023-04-18T00:00:00.000,8411.0,HOLLAND RD,,"COMMERCIAL REROOF: 60 MIL TPO MECHANICALLY ATTACHED OVER EXISTING ROOF, DEMO OF GREEN ROOF COMPONENTS",0.0,400.0,842400.0,21.0,1175700.2765456722,1849012.582629408,2023,04,18,0,0,1
738127,3319935,101014293,PERMIT - RENOVATION/ALTERATION,2023-04-25T00:00:00.000,2023-10-05T00:00:00.000,8560.0,COTTAGE GROVE AVE,,LANDSCAPE WORK ONLY. ALTERATIONS TO AN EXISTING PARKING LOT LOCATED AT 8560 S COTTAGE GROVE AVE TO BRING THE LANDSCAPING UP TO COMPLIANCE SCOPE TO INCLUDE PLANTING OF NEW INTERIOR TREES. NO NEW PAVEMENT OR STRIPING. THIS EXTERIOR WORK IS ASSOCIATED WITH INTERIOR BUILDING PERMIT #100996125,0.0,875.0,440202.0,6.0,1183022.7640786504,1848160.183900349,2023,10,05,0,0,1
738714,3320946,B101015028,PERMIT – EXPRESS PERMIT PROGRAM,2023-05-01T00:00:00.000,2023-05-01T00:00:00.000,12201.0,TORRENCE AVE,Monthly Maintenance Permit,MONTHLY PLANT MAINTENANCE FOR MAY 2023,0.0,75.0,510400.0,10.0,1195767.4163854565,1824631.5676924817,2023,05,01,0,0,1
739067,3321520,B101015452,PERMIT – EXPRESS PERMIT PROGRAM,2023-05-04T00:00:00.000,2023-06-05T00:00:00.000,600.0,KINZIE ST,Monthly Maintenance Permit,"SCHEDULED PMS ON ELECTRICAL EQUIPMENT INSIDE A CHOCOLATE FACTORY PLANT; - WIRE NEW LEVEL SENSORS FOR NI SILOS 1-4; - UPDATE CONTROLS FOR STORAGE TANKS 120-123; - REWIRE HEAT TRACE CIRCUITS IN THE TANK FARM, 1ST FLOOR.",0.0,825.0,243600.0,27.0,1172231.085536217,1902955.411466567,2023,06,05,0,0,1
739415,3322141,101015869,PERMIT - RENOVATION/ALTERATION,2023-05-08T00:00:00.000,2023-12-05T00:00:00.000,150.0,ASHLAND AVE,,"DDS 2019 CBRC: REVISION TO FULL BUILDING PERMIT 100951510. REVISIONS INCLUDE THE ELIMINATION OF PROPOSED GREEN ROOF AND 2ND FLOOR TRELLIS FROM AMENITY SPACE. (OCCUPANCIES: R-2, B, A-3, AND S-2; CONSTRUCTION TYPE: IA) CONSULTANT REVIEWER: V3 COMPANIES OF IL",0.0,17880.45,280400.0,27.0,1165681.4012998806,1901327.164000769,2023,12,05,0,0,1
741765,3326358,101018825,PERMIT - NEW CONSTRUCTION,2023-05-31T00:00:00.000,2023-09-20T00:00:00.000,1670.0,CHRISTIANA AVE,,"NSTALL (3) NEW ANTENNA MOUNTING FRAMES ON EXISTING MONOPOLE TOWER ; INSTALL (9) NEW ANTENNAS (TYP.3 PER SECTOR) ; INSTALL (12) NEW RRUS (TYP.4 PER SECTOR) ; INSTALL (2) NEW RAYCAP DC9-48-60-24-8C-EV SQUIDS ; INSTALL NEW HELICAL PLATFORM ON NEW CONCRETE PAD ; INSTALL DC POWER PLANT: VERTIV 51 00 WITH 12R / 1 OC ; INSTALL (2) STRINGS OF SBS 190F BATTERIES ; INSTALL NEW KOHLER 24RCL NATURAL GAS GENERATOR ; INSTALL D2 SIAD, GPS ANTENNA AND SAU KIT ; INSTALL (2) 6651; (1) 6601V2; (1) XMU ; INSTALL (2) NEW 24 PAIR FIBER TRUNK & (6) NEW #6 DC POWER TRUNKS ; INSTALL NEW WOOD&CHAIN-LINK FENCE TO MATCH EXISTING ; INSTALL NEW ICE BRIDGE ; INSTALL NEW H-FRAME; NEW METER & NEW FIBER EQUIPMENT ; 9 TOTAL ANTENNAS.",0.0,2625.0,841500.0,24.0,1154275.646490808,1891120.455851032,2023,09,20,0,0,1
745156,3332129,101022979,PERMIT - NEW CONSTRUCTION,2023-07-17T00:00:00.000,2023-08-09T00:00:00.000,225.0,ELIZABETH ST,,"DDS 2019 CBC: REVISION PERMIT TO PERMIT 100963815. SCOPE OF WORK INCLUDES: UPDATING ACCESS FROM EXTERIOR TO BUILDING ENTRANCE, EXTERIOR UTILITY METERS LOCATIONS, LEVEL 1 EGRESS, NEW LEVEL 3 AMENITY ROOMS & GREEN ROOF, STAIRS, RESIDENTIAL UNITS INTERIOR LAYOUT, AND RELATED STRUCTURAL, MECHANICAL, ELECTRICAL, PLUMBING, EQUIPMENT, FINISHES & FIRE PREVENTION WORK. (OCCUPANCIES: R-2, M, S-2; CONSTRUCTION TYPE: IA)",0.0,98723.3,833000.0,27.0,1167941.1469149247,1901872.4853186812,2023,08,09,0,0,1
745927,3333454,101023923,PERMIT - RENOVATION/ALTERATION,2023-09-08T00:00:00.000,2024-11-05T00:00:00.000,3300.0,CHELTENHAM DR,,"SPR 2019 CBC CURRENT & PROPOSED USE OCCUPANCY F-2.INTERIOR ALTERATIONS TO CITY OF CHICAGO WATER PROCESSING PLANT TO INCLUDE REMOVAL 3 HI PRESSURE BOILERS IN THE LOWLIFT PUMP STATION BOILER ROOM AT -24"" AND REPLACE WITH 2 NEW HYDRONIC BOILERS AND PUMPS. DEMOLISH HYDRONIC HEAT EXCHANGERS AT -14'-3"" IN THE CHEMICAL BUILDING. INSTALL 2 NEW HYDRONIC BOILERS AT +6' IN THE WEST PUMP ROOM OF THE FILTER BUILDING.  REMOVE AND REPLACE AIR HANDLING UNITS AT +17' IN THE ADMINISTRATION BUILDING.  REMOVE AND REPLACE STEAM AIR HANDLING UNITS AT +24' IN THE CHEMICAL BUILDING.  REMOVE AND REPLACE ALL ASSOCIATED PIPING PER PLANS  **CERTIFIED PLANS CORRECTIONS: CONDITIONAL PERMIT SUBJECT TO FIELD INSPECTIONS **",824125.0,824500.0,431400.0,7.0,1199275.56960979,1854242.3992597167,2024,11,05,0,0,1
748217,3337477,B101026778,PERMIT – EXPRESS PERMIT PROGRAM,2023-08-07T00:00:00.000,2023-11-02T00:00:00.000,600.0,KINZIE ST,Monthly Maintenance Permit,SCHEDULED PMS ON ELECTRICAL EQUIPMENT IN THE CHOCOLATE FACTORY PLANT; - UPDATE PLANT OT COMMUNICATION SYSTEM FOR MANUFACTURING PROCESSES.,0.0,825.0,243600.0,27.0,1172231.085536217,1902955.411466567,2023,11,02,0,0,1
751111,3342795,B101030443,PERMIT – EXPRESS PERMIT PROGRAM,2023-09-05T00:00:00.000,2023-09-14T00:00:00.000,60.0,MONROE ST,Electrical Work,"PLANTERBOX: REMOVE EXISTING J-BOX, FURNISH/INSTALL (1) NEW OUTDOOR RATED J-BOX.  WORK PERFORMED FOR LEGACY AT MILLENIUM PARK CONDO ASSN.",0.0,75.0,320400.0,34.0,1177004.5023529415,1899988.694357685,2023,09,14,0,0,1
751363,3343227,B101030736,PERMIT – EXPRESS PERMIT PROGRAM,2023-09-07T00:00:00.000,2023-09-07T00:00:00.000,130.0,CANAL ST,Electrical Work,SWAP OUT EXISTING AT&T POWER PLANT CABINET WITH A NEW AT&T POWER PLANT CABINET ON EXISTING CELL SITE.,0.0,75.0,281900.0,34.0,1173126.2615331411,1899485.3159126237,2023,09,07,0,0,1
755503,3350735,101035941,PERMIT - RENOVATION/ALTERATION,2023-10-20T00:00:00.000,2023-11-14T00:00:00.000,2020.0,LINCOLN PARK W,,"SPR 2019 CBRC:  ADD NEW PERGOLAS, CABINETRY, PLANTERS, SPORTS COURT, LIGHTING, AND NEW SECOND MEANS OF EGRESS TO EXISTING OCCUPIABLE ROOFTOP DECK ON EXISTING 1-STORY, 3-LEVEL ATTACHED PARKING GARAGE TO EXISTING 39-STORY, 420-UNIT BUILDING (OCCUPANCY TYPE R-2, TYPE 1A CONSTRUCTION).  STRUCTURAL PEER REVIEW.",0.0,7475.0,71400.0,43.0,1173888.3760374584,1913974.0165984957,2023,11,14,0,0,1
755939,3351640,101036514,PERMIT - RENOVATION/ALTERATION,2023-10-24T00:00:00.000,2024-01-04T00:00:00.000,2435.0,BURLING ST,,EXISTING SFR R-3.  REPAIR AND REPLACE EXISTING ROOF PLANTERS AT MASONRY GARAGE ROOF DECK.  ADD NON-COMBUSTABLE TRELLIS TO EXISTING MASONRY GARAGE ROOF.,0.0,625.0,70200.0,43.0,1170903.4981373246,1916544.825769429,2024,01,04,0,0,1
757199,3354117,101038150,PERMIT - RENOVATION/ALTERATION,2023-11-08T00:00:00.000,2023-11-08T00:00:00.000,6035.0,BLACKSTONE AVE,,PD-43 UOFC - SPR 2019 CBRC: SOUTH CAMPUS CHILLER PLANT (OCCUPANCY F-2). RENOVATE BREAKROOM INTO NEW MENS AND WOMENS LOCKER ROOMS WITH BATHROOMS. MODIFY EXISTING MEP/FP SYSTEMS TO ACCOMMODATE NEW ROOM USE.,0.0,1675.0,420100.0,5.0,1186920.6080503608,1865010.722835065,2023,11,08,0,0,1
757805,3355389,101038903,PERMIT - RENOVATION/ALTERATION,2023-11-28T00:00:00.000,2024-01-24T00:00:00.000,1526.0,WIELAND ST,,"SELF-CERT 2019 CBRC:  ADD NEW PERGOLA, DECKING & PLANTERS TO EXISTING PRIVATE ROOFTOP DECK FOR UNIT 4S ON EXISTING 6-UNIT, 3-STORY BUILDING (OCCUPANCY TYPE R-2, TYPE 3A CONSTRUCTION).  NO CHANGE TO OCCUPANCY OR EGRESS.  STRUCTURAL PEER REVIEW.",0.0,2375.0,80300.0,2.0,1174110.0528560863,1910631.52363858,2024,01,24,0,0,1
757971,3355754,101039103,PERMIT - RENOVATION/ALTERATION,2023-11-23T00:00:00.000,2024-10-03T00:00:00.000,300.0,CENTRAL PARK AVE,,"SPR 2016 CBRC- CURRENT  & PROPOSED USE PUBLIC GARDEN AT GARFIELD PARK CONSERVATORY & ASSEMBLY GROUP A-3. PROPOSED WORK: REMOVE AND REPLACE EXISTING CHILDREN'S GARDEN WITH NEW EXHIBITS & SIGNS, PLANT MATERIAL, A RESTROOM, MEZZANINE DECK, FLOORING, SLIDE, PLAY SURFACING AND LIGHTING. ONE STORY ABOVE GRADE. CONSTRUCTION TYPE II. PER PLANS. NO EXCAVATION OR CONSTRUCTION WILL EXCEED 12 FEET BELOW GRADE.",0.0,3837.45,836800.0,28.0,1152292.398628045,1901775.1743690523,2024,10,03,0,0,1
758763,3357617,101040118,PERMIT - RENOVATION/ALTERATION,2024-01-29T00:00:00.000,2024-02-20T00:00:00.000,2054.0,HUMBOLDT BLVD,,"SELF CERT 2019 CBRC: ALTERATIONS TO THE EXISTING SINGLE FAMILY RESIDENTIAL. INTERIOR WORK TO INCLUDE RECONFIGURATION OF KITCHEN AND BATHROOM INCLUDING DEMO OF EXISTING KITCHEN AND BATH WITH MODIFICATIONS TO ELECTRICAL, MECHANICAL, AND PLUMBING SYSTEMS. EXTERIOR WORK TO INCLUDEREPLACEMENT OF EXISTING DECK BOARDS OVER EXISTING STRUCTURE AND NEW DECK STAIRS, BUILT-IN PLANTER BOXES AND RAILINGS. NO ADDED SPACE. (OCCUPANCY R-5; TYPE V-A CONSTRUCTION)",0.0,625.0,221200.0,1.0,1155993.477079914,1913740.5038367691,2024,02,20,0,0,1
759490,3359119,101040960,PERMIT - RENOVATION/ALTERATION,2023-12-24T00:00:00.000,2025-09-15T00:00:00.000,2401.0,LAFLIN ST,,"SPR 2019 CBC: 1 STORY ADDITION TO AN EXISTING 1 STORY RECYCLING PLANT BUILDING (OCCUPANCY GROUP F-1, TYPE IIB CONSTRUCTION)",0.0,2425.0,843200.0,25.0,1166788.661190444,1888096.622899793,2025,09,15,0,0,1
760154,3360666,101041794,PERMIT - RENOVATION/ALTERATION,2024-01-29T00:00:00.000,2024-05-20T00:00:00.000,5035.0,EAST END AVE,,DDS: INTERIOR AND EXTERIOR ALTERATIONS AT GROUND FLOOR LOBBY.  WORK TO INCLUDE ALTERATION OF LEVEL 01 LOBBY WITH NEW CANOPY AND EXTERIOR SITE UPDATE INCLUDING PLANTERS AND AN ACCESSIBLE RAMP. (CONSTRUCTION TYPE IA; OCCUPANCY A-2) CONSULTANT REVIEWER: V3 COMPANIES OF IL,0.0,2201.25,390700.0,5.0,1188204.0020666467,1871806.1627302405,2024,05,20,0,0,1
760252,3360858,101041912,PERMIT - NEW CONSTRUCTION,2024-03-25T00:00:00.000,2025-03-06T00:00:00.000,1626.0,HALSTED ST,,"SPR: PROPOSED LIQUOR SERVICE LOCATED WITHIN 8' X 20 X 8.5' SHIPPING CONTAINER AT GROUND LEVEL W/2ND SHIPPING CONTAINER FOR STORAGE IN REAR OF LOT, PROPOSED GRADE LEVEL PATIO AND PLANTERS, 3' FRONT METAL GATE/6'  FENCE, 6' SIDE WOOD FENCES, AND FRONT STAIRS TO EXPAND EXISTING 1 STORY RESTAURANT, PER PLANS. RETAINING WALL SCOPE UNDER APP.# 101065839 TO ADDRESS STOP WORK ORDER #118326.",0.0,3775.0,310300.0,25.0,1171261.7404486907,1892023.8522453988,2025,03,06,0,0,1
760303,3360975,101041974,PERMIT - RENOVATION/ALTERATION,2024-01-12T00:00:00.000,2024-04-29T00:00:00.000,2615.0,WINDSOR AVE,,"SPR 2019 CBRC - PROPSOED PERGOLA AND PLANTERS TO EXISTING GARAGE ROOF DECK (FIREPLACE TO BE AT 15' MAXIMUM HEIGHT) SERVING AN EXISTING 2 STORY SFR, PER PLANS.",0.0,427.0,40800.0,47.0,1158045.4124824954,1930063.9818080743,2024,04,29,0,0,1
762133,3365441,101044194,PERMIT - RENOVATION/ALTERATION,2024-03-08T00:00:00.000,2024-07-01T00:00:00.000,9511.0,THROOP ST,,SPR 2019 CBRC: REVISION TO PERMIT #101014436 TO REVISE FENCING MATERIAL ALONG EASTERN PROPERTY LINE AND ON-SITE PLANTINGS PER PLANS  **CERTIFIED PLANS CORRECTIONS: CONDITIONAL PERMIT SUBJECT TO FIELD INSPECTIONS **,0.0,377.0,730400.0,21.0,1169370.6963808476,1841627.2726302028,2024,07,01,0,0,1
763789,3368927,101046205,PERMIT - RENOVATION/ALTERATION,2024-03-13T00:00:00.000,2024-05-14T00:00:00.000,3221.0,SACRAMENTO AVE,,"SPR 2019 CBRC: NEW ARTIFICAL TURF FIELD AND EXISTING PLANTER BOXES & BASKETBALL HOOP RELOCATION. EXTERIOR IMPROVEMENTS ONLY, NO INTERIOR SCOPE OF WORK. OCCUPANCY GROUP E-1 (TO REMAIN), TYPE III-A CONSTRUCTION (TO REMAIN).",3268.1,3268.1,210100.0,33.0,1155853.1192261814,1921364.0308456293,2024,05,14,0,0,1
763943,3369239,101046388,PERMIT - RENOVATION/ALTERATION,2024-03-14T00:00:00.000,2024-06-25T00:00:00.000,3121.0,BYRON ST,,"SPR 2019 CBRC: REPLACE EXISTING PLAYGROUND, RUBBER SURFACE AND PARTIAL PLANT MATERIAL AT CPS CLEVELAND ES. EXTERIOR IMPROVEMENTS ONLY, NO INTERIOR SCOPE OF WORK. OCCUPANCY GROUP E-1 (TO REMAIN), TYPE II-A CONSTRUCTION (TO REMAIN).",375.0,375.0,160700.0,33.0,1154778.8418942054,1925727.705376366,2024,06,25,0,0,1
765876,3373661,B101048687,PERMIT – EXPRESS PERMIT PROGRAM,2024-04-13T00:00:00.000,2024-04-13T00:00:00.000,1201.0,PRAIRIE AVE,Electrical Work,RUN PIPE/WIRE FROM GFCI OUTLET IN PLANTER BOX TO FIREPIT + FURN/INST A TIMER SWITCH ABOVE GFCI OUTLET J-BOX.  WIRING OF FIREPIT WILL BE DONE BY OTHERS.  WORK PERFD FOR ONE MUSEUM PARK WEST CA.,0.0,75.0,330100.0,3.0,1178140.304525,1894724.4716525848,2024,04,13,0,0,1
768187,3378304,101051474,PERMIT - RENOVATION/ALTERATION,2024-05-28T00:00:00.000,2024-06-18T00:00:00.000,600.0,WABASH AVE,,"SELF-CERT 2019 CBRC: INTERIOR ALTERATION TO LAYOUT IN EXISTING 3RD FLOOR LOUNGE AREA IN 4-STORY CASINO. CHANGE IN LAYOUT / SCREENING OF PORTIONS OF EXISTING DINING AREA WITH RAISED PLANTERS, INCLUDING GLASS PARTITIONS/DOOR AND ASSOCIATED ELECTRICAL/LIGHTING. (OCCUPANCY GROUPS A2, M; TYPE IIA CONSTRUCTION)",0.0,925.0,81500.0,42.0,1176591.9710153511,1904220.076865265,2024,06,18,0,0,1
768276,3378497,101051583,PERMIT - ELEVATOR EQUIPMENT,2024-05-22T00:00:00.000,2024-05-22T00:00:00.000,1300.0,LINN WHITE DR,,"INSTALLATION OF THREE (3) 750LB.CAP, 10 FPM, 12 FOOT RISE, VERTICAL PLATFORM LIFT AT CORONA, BACARDI, & PLANTIUM LOUNGE AREAS OF NORTHERLY ISLAND FOR SUENOS CHICAGO EVENT. PURSUANT TO THE SCOPE OF WORK AND LAY-OUT PLANS.",0.0,675.0,330100.0,4.0,1181199.2133467526,1894702.8392871537,2024,05,22,0,0,1
770012,3381827,B101053573,PERMIT – EXPRESS PERMIT PROGRAM,2024-06-18T00:00:00.000,2024-06-18T00:00:00.000,1500.0,FAIRFIELD AVE,Electrical Work,**ELECTRICAL ONLY PERMIT**OS-40 TASK-4 CENTRAL PLANT & CHILLER POWER DISTRIBUTION EQUIPMENT REPLACMENT OF EXISTING EQUIPMENT. PRELIMINARY PERMIT TO ESTABLISH BUDGET.,0.0,75.0,291500.0,28.0,1158254.4322705448,1892605.8754569043,2024,06,18,0,0,1
770013,3381828,B101053574,PERMIT – EXPRESS PERMIT PROGRAM,2024-06-18T00:00:00.000,2024-06-18T00:00:00.000,1500.0,FAIRFIELD AVE,Electrical Work,**ELECTRICAL ONLY PERMIT**OS-40 TASK-4 BOILER 1A/1B REPLACMENT POWER FROM CENTRAL PLANT POWER DISTRIBUTION TO SUPPORT NEW BOILER UPGRADES. PRELIMINARY PERMIT TO ESTABLISH BUDGET.,0.0,75.0,291500.0,28.0,1158254.4322705448,1892605.8754569043,2024,06,18,0,0,1
770411,3382593,101054044,PERMIT - SIGNS,2024-06-25T00:00:00.000,2024-07-08T00:00:00.000,1114.0,CARROLL AVE,,INSTALL ONE (1) NON-ILLUMINATED SINGLE-SIDED CHANNEL LETTER ON WEST ELEVATION WALL OF PLANTER.,0.0,250.0,833000.0,27.0,1168897.2462007222,1902445.5077243224,2024,07,08,0,0,1
770833,3383315,101054518,PERMIT - RENOVATION/ALTERATION,2024-07-05T00:00:00.000,2024-10-08T00:00:00.000,12607.0,UNION AVE,,"SPR 2019 CBRC: DEMOLITION OF EXISTING PAVEMENT/PARKING LOT, FENCE, DUMPSTER ENCLOSURE, PLAYGROUND. PROPOSED ARTIFICIAL TURF FIELD, PLAYGROUND, PARKING LOT, DUMPSTER ENCLOSURE (6FT IN HEIGHT), 4FT DECORATIVE FENCE, PLANT MATERIAL, AND DRIVEWAY AT CPS RONALD BROWN. EXTERIOR IMPROVEMENTS ONLY, NO INTERIOR SCOPE OF WORK. OCCUPANCY GROUP E-1 (TO REMAIN), TYPE III-A CONSTRUCTION (TO REMAIN).",377.0,377.0,530503.0,9.0,1173988.0719829951,1821226.19475496,2024,10,08,0,0,1
770861,3383366,101054552,PERMIT - RENOVATION/ALTERATION,2024-08-02T00:00:00.000,2025-03-06T00:00:00.000,1901.0,OAKDALE AVE,,"SELF-CERT 2019 CBRC: ALTERATION TO EXISTING 2-STORY SINGLE UNIT RESIDENCE WITH BASEMENT AND 2-CAR GARAGE. INSTALLATION OF NFPA 13D SPRINKLER SYSTEM. INTERIOR WORK INCLUDES NEW SKYLIGHTS, NEW GAS FIREPLACE IN EXISTING CHIMNEY, ROOFING MEMBRANE AND ROOF GUARDRAIL. SITE WORK INCLUDES: EXTENSION OF EXISTING DECK INTO SIDE YARD, EXTENSION OF EXISTING PARAPET WALL, NEW GARDEN ON EXISTING 2-CAR GARAGE, NEW GAS GRILL, MASONRY OUTDOOR FIREPLACE, STAIR TO DECK, PLANTERS. FOLLOWS INTERIOR DEMOLITION ONLY PERMIT 101051528. STRUCTURAL PEER REVIEW. (OCCUPANCY GROUP R-5; TYPE VB CONSTRUCTION)",0.0,2309.76,51300.0,32.0,1163131.4076637018,1919566.6109700785,2025,03,06,0,0,1
772008,3385790,101055936,PERMIT - RENOVATION/ALTERATION,2024-07-29T00:00:00.000,2024-08-28T00:00:00.000,195.0,HARBOR DR,,"SPR -2019 CBRC - SELECTIVE DEMOLITION TO AN EXISTING ROOFTOP AMENITY SPACE TO INCLUDE TENNIS COURT, PAVERS, SOIL, PLANTINGS, & WATERPROOFING MEMBRANE. INSTALL NEW WATERPROOF MEMBRANE AS PER PLANS. (TYPE IA CONSTRUCTION; OCCUPANCY CLASSIFICATION R2)",0.0,6109.38,320100.0,42.0,1179687.020546456,1901930.2536645876,2024,08,28,0,0,1
773512,3388793,101057696,PERMIT - RENOVATION/ALTERATION,2024-08-14T00:00:00.000,2024-09-10T00:00:00.000,2550.0,LAKEVIEW AVE,,"SPR 2019 CBRC: CONSTRUCT A NEW 2-HOUR FIRE-RATED ENCLOSURE OF CONCRETE MASONRY WITH A BRICK MASONRY AND LIMESTONE VENEER TO HOUSE THE EXHAUST PIPE SERVICING THE EMERGENCY GENERATOR FOR THE RESIDENTIAL HIGH-RISE. THE ENCLOSURE WILL BE CONSTRUCTED WITHIN THE RAISED PLANTER LOCATED TO THE NORTHWEST OF THE FOUNTAIN PLAZA. THE ENCLOSURE STRUCTURE WILL BE SUPPORTED BY THE PLAZA STRUCTURAL SLAB. IN ADDITION TO THE CONSTRUCTION OF THE MASONRY ENCLOSURE, WORK INCLUDES CORING OF THE CONCRETE STRUCTURAL SLAB AND INSTALLATION OF HOT-APPLIED WATERPROOFING. **CERTIFIED PLANS CORRECTIONS: CONDITIONAL PERMIT SUBJECT TO FIELD INSPECTIONS ** PLANS PREVIOUSLY APPROVED UNDER 100942556 & WORK NEVER STARTED.",0.0,1775.0,70102.0,43.0,1173077.5102698717,1917650.814587648,2024,09,10,0,0,1
774015,3389905,101058288,PERMIT - SIGNS,2024-08-23T00:00:00.000,2024-10-08T00:00:00.000,2665.0,HALSTED ST,,REPLACE BANNER WEST ELEVATION TO READ HARDWARE TOOLS GRILLS PLANTS THE HOME DEPOT LINCOLN PARK,0.0,300.0,70200.0,43.0,1170515.6598079945,1918153.3408514317,2024,10,08,0,0,1
774016,3389906,101058289,PERMIT - SIGNS,2024-08-23T00:00:00.000,2024-10-08T00:00:00.000,2665.0,HALSTED ST,,REPLACE BANNER WEST ELEVATION TO READ HARDWARE TOOLS GRILLS PLANTS THE HOME DEPOT LINCOLN PARK,0.0,300.0,70200.0,43.0,1170515.6598079945,1918153.3408514317,2024,10,08,0,0,1
774434,3390850,101058792,PERMIT - RENOVATION/ALTERATION,2024-12-11T00:00:00.000,2025-02-04T00:00:00.000,10.0,DEARBORN ST,,"DDS 2019 CBRC: PHASE 1 OF 2 - EXTERIOR RENOVATIONS OF AN EXISTING EXTERIOR PLAZA AT CHASE TOWER CHICAGO AT PLAZA LEVEL, UPPER PLAZA LEVEL AND STREET LEVEL AS PER PLANS. WORK TO INCLUDE THE REMOVAL OF AN EXISTING ATM KIOSK AT STREET LEVEL; SELECTIVE REMOVAL AND REPLACEMENT OF GRANITE PAVERS; NEW MULTI-LEVEL TIERED WOOD PLATFORM AND SEATING AROUND THE EXISTING FOUNTAIN, FOUNTAIN TO REMAIN; NEW PLATFORMS, BENCHES AND LANDSCAPE PLANTERS ON PORTIONS OF EXISTING EXTERIOR STAIRWAYS; NEW ILLUMINATED HANDRAILS AT STAIRS; NEW STAIRS LEADING FROM STREET TO UPPER PLAZA LEVEL AT FORMER ATM KIOSK; NEW SECURITY FENCING AND EMERGENCY EGRESS GATES AT THE (3) PLAZA EXIT ACCESS STAIRWAYS. NO CHANGE IN USE. CANOPY STRUCTURE TO FOLLOW UNDER PHASE 2. (CONSTRUCTION TYPE: 1A; OCCUPANCY: B-BUSINESS AND A3 ASSEMBLY) CONSULTANT REVIEWER: V3 COMPANIES OF IL",0.0,22370.56,839100.0,34.0,1175903.2774109049,1900306.2631881868,2025,02,04,0,0,1
774893,3391773,101059341,PERMIT - NEW CONSTRUCTION,2024-09-12T00:00:00.000,2024-10-10T00:00:00.000,838.0,79TH ST,,"DDS 2019 CBC: LANDSCAPE REVISIONS ONLY TO PERMIT 100985140. REVISIONS ARE TO REVISE DESIGN OF THE RESIDENTIAL (EAST) TRASH ENCLOSURE, REMOVE PROPOSED COMMERCIAL RETAIL (WEST) TRASH ENCLOSURE. AND REVISE SELECT LANDSCAPE PLANTING. FOLLOWS PREVIOUS REVISION PERMITS 101006597 AND 101042036. (OCCUPANCY GROUPS R-2, A-3, B, U; TYPE IIA CONSTRUCTION)",0.0,377.0,710800.0,17.0,1171920.8896973494,1852506.898433065,2024,10,10,0,0,1
776622,3396682,101061450,PERMIT - NEW CONSTRUCTION,2024-11-01T00:00:00.000,2025-05-06T00:00:00.000,2909.0,IRVING PARK RD,,"DDS 2019 CBC: FULL BUILDING PERMIT FOR 7-STORY, 45 DWELLING UNIT MIXED USE BUILDING WITH 16 PARTIALLY COVERED AT-GRADE PARKING SPACES AND A ROOFTOP GREEN ROOF AND RESIDENT TERRACE. GROUND FLOOR INCLUDES WHITE BOX UNFINISHED TENANT SPACE FOR BUILDOUT UNDER SEPARATE PERMIT. (OCCUPANCY GROUPS R-2, A-3, B; TYPE IB CONSTRUCTION) CONSULTANT REVIEWER: GLOBETROTTERS ENGINEERING",0.0,56501.16,160700.0,33.0,1156220.919777407,1926407.2187907896,2025,05,06,0,0,1
776672,3396798,101061508,PERMIT - RENOVATION/ALTERATION,2024-10-27T00:00:00.000,2024-11-26T00:00:00.000,1511.0,BYRON ST,,"SC 2019 CBRC:  REPLACE EXISTING PERGOLA WITH NEW ALUMINUM PERGOLA, ADD CABINETRY, PLANTERS AND TURF TO EXISTING PRIVATE ROOFTOP DECK ON EXISTING 3-STORY, 3-UNIT MASONRY BUILDING (OCCUPANCY TYPE R-5, TYPE 3A CONSTRUCTION).  NO CHANGE TO OCCUPANCY OR EGRESS.  STRUCTURAL PEER REVIEW.",0.0,625.0,60400.0,46.0,1165241.489006233,1925936.1487917083,2024,11,26,0,0,1
776673,3396799,101061509,PERMIT - RENOVATION/ALTERATION,2024-10-24T00:00:00.000,2024-11-25T00:00:00.000,2125.0,WEBSTER AVE,,"SPR 2019 CBRC:  ADD NEW ROOFTOP DECK WITH TRELLIS, PLANTERS, AND GAS FIRE TABLE TO EXISTING SFR (OCCUPANCY TYPE R-5, TYPE 3A CONSTRUCTION).  NO CHANGE TO OCCUPANCY OR EGRESS.",0.0,625.0,832200.0,32.0,1161724.2102172868,1914559.4665950288,2024,11,25,0,0,1
776869,3397373,101061748,PERMIT - RENOVATION/ALTERATION,2024-11-04T00:00:00.000,2024-12-11T00:00:00.000,1327.0,HENDERSON ST,,"SC 2019 SBRC:  REPLACE DECKING WITH PORCELAIN PAVERS AND ADD NEW PERGOLA, TRELLIS, PLANTERS & CABINETRY ON EXISTING ATTACHED MASONRY 3-CAR GARAGE AT EXISTING SFR (OCCUPANCY TYPE R-5, TYPE 3A CONSTRUCTION).  NO CHANGE TO OCCUPANCY OR EGRESS.",0.0,625.0,62300.0,44.0,1166737.734832549,1922318.424823859,2024,12,11,0,0,1
777335,3398715,101062336,PERMIT - SIGNS,2024-11-14T00:00:00.000,2025-03-06T00:00:00.000,120.0,RIVERSIDE PLZ,,MOUNT 1 NON-ILLUMINATED FCO SIGN TO PLANTER (PLANTER TO BE INSTALLED BY OTHER) SIGN WILL BE ON SOUTH SIDE OF PROPERTY,0.0,250.0,281900.0,42.0,1173387.3301413597,1899599.3188245583,2025,03,06,0,0,1
777336,3398716,101062337,PERMIT - SIGNS,2024-11-14T00:00:00.000,2025-03-06T00:00:00.000,120.0,RIVERSIDE PLZ,,MOUNT 1 NON-ILLUMINATED FCO SIGN TO PLANTER (PLANTER TO BE INSTALLED BY OTHER) SIGN WILL BE ON NORTH SIDE OF PROPERTY,0.0,250.0,281900.0,42.0,1173387.3301413597,1899599.3188245583,2025,03,06,0,0,1
777657,3399774,101062783,PERMIT - RENOVATION/ALTERATION,2024-11-26T00:00:00.000,2025-03-17T00:00:00.000,8560.0,COTTAGE GROVE AVE,,SPR 2019 CBRC: *LANDSCAPE ONLY REVISIONS* - REVISION TO BUILDING PERMIT #101014293 TO SECURE APPROVAL FOR UPDATED TREE PLANTING QUANTITY TO AS-BUILT ON SITE.,0.0,377.0,440202.0,6.0,1183022.7640786504,1848160.183900349,2025,03,17,0,0,1
777788,3400234,101062938,PERMIT - RENOVATION/ALTERATION,2024-12-04T00:00:00.000,2025-03-28T00:00:00.000,5617.0,MARYLAND AVE,,CBRC 2019:  INSTALLATION OF THREE NEW (3) COOLING TOWERS TO THE ROOF AND NEW CHILLER ON THE FIRST FLOOR OF AN EXISTING WEST CAMPUS COMBINED UTILITY PLANT AS PER PLANS (CONSTRUCTION TYPE 1A / OCCUPANCY F-2),0.0,3065.63,836200.0,5.0,1182910.610316112,1867866.484092396,2025,03,28,0,0,1
779481,3405359,101064990,PERMIT - RENOVATION/ALTERATION,2025-02-05T00:00:00.000,2025-05-02T00:00:00.000,1658.0,LEAVITT ST,,"-ALL PROPOSED WORK IS TO THE EXISTING GARAGE OCCUPIABLE ROOF DECK ONLY. -REMOVE EXISTING GARAGE ROOF DECKING, SCREENING, AND CANOPY. -INSTALL NEW ABOVE ROOFING DECK AND STAIR FRAMING IN KIND. -INSTALL NEW DECKING ON GARAGE ROOF DECK AND STAIRS IN KIND. -RAISE PARAPET WALLS PER PLANS. -REPLACE SCREENING ON EXISTING PARAPET WALLS IN KIND.-CONSTRUCT NEW ROOFED AREA IN KIND (SAME SIZE AND LOCATION AS EXISTING CANOPY) -INSTALL BUFFET WITH SINK UNDER ROOFED AREA. -CONSTRUCT NEW BENCH WITH PLANTER. -EXISTING SINGLE FAMILY -PROPOSED SINGLE FAMILY",0.0,675.0,240500.0,32.0,1161390.256875469,1911209.8431473984,2025,05,02,0,0,1
779562,3405654,101065085,PERMIT - NEW CONSTRUCTION,2025-04-17T00:00:00.000,2025-09-12T00:00:00.000,10000.0,OHARE ST,,"SPR 2019 CBC: FULL BUILDING PERMIT FOR THE CONSTRUCTION OF NEW MIDFIELD COOLING PLANT (MCP) (O'HARE BUILDING 240), MIDFIELD COOLING TOWER (O'HARE BUILDING 241), INCLUDING DEEP FOUNDATIONS AND SITEWORK SERVING THE PLANT. (OCC. F-1; TYPE IIB CONST.) CDA PROJECT - HEATING AND REFRIGERATION (H&R) GENERATION AND DISTRIBUTION ; TAP701.23-00, TAP102.19-00.",900.0,16521.85,980000.0,41.0,,,2025,09,12,0,0,1
779641,3405908,101065182,PERMIT - RENOVATION/ALTERATION,2025-03-03T00:00:00.000,2026-02-02T00:00:00.000,9330.0,HALSTED ST,,"SPR 2019 CBRC: PARTIAL DEMOLITION OF EXISTING ASPHALT PARKING LOT SERVING 1-STORY BRICK MOTOR VEHICLE REPAIR SHOP (NO WORK TO EXISTING BUILDING). EXISTING METAL FENCE AND METAL GATE TO REMAIN. THE PROPOSED PARKING LOT IS TO BE REDUCED IN SIZE AND INCLUDES NEW CONCRETE DRIVEWAY, LANDSCAPE SCREENING, INTERIOR PLANTING AND NEW ORNAMENTAL METAL FENCE PER PLANS.",0.0,977.0,730202.0,21.0,1172582.9720347305,1842802.744136328,2026,02,02,0,0,1
780597,3408463,101066355,PERMIT - RENOVATION/ALTERATION,2025-03-10T00:00:00.000,2025-03-27T00:00:00.000,3300.0,CHELTENHAM DR,,"PHASES 9-12 112,400 SINGLE STORY ROOF PERCAST CHANNELS, STEEEL REPLACEMENT, ARCHITCTURAL AND MEP REPLACEMENT (FILTER GALLERIES 1 AND 2, AND THE SAND ROOM).EUGENE SAWYER PURFICATION PLANT",0.0,63600.0,431400.0,7.0,1199275.56960979,1854242.3992597167,2025,03,27,0,0,1
780936,3409379,101066779,PERMIT - RENOVATION/ALTERATION,2025-03-20T00:00:00.000,2025-04-11T00:00:00.000,5753.0,BROADWAY,,"DDS 2019 CBRC: REVISION TO EXISTING PERMIT #101000851 (LANDSCAPE REVISION ONLY) TO REMOVE EXISTING TREE GRATES & ENLARGE PLANTED AREAS IN EXISTING 5 STORY 42 D.U./RETAIL AS PER PLAN (OCCUPANCY GROUP R-2, M, S-2, TYPE IIIA CONSTRUCTION). IN-HOUSE REVIEW",0.0,377.0,30603.0,48.0,1167301.8721747468,1938561.1881826983,2025,04,11,0,0,1
781210,3410084,101067119,PERMIT - RENOVATION/ALTERATION,2025-04-04T00:00:00.000,2025-07-01T00:00:00.000,3120.0,KOSTNER AVE,,"SPR 2019 CBRC:: CPS SOCIAL JUSTICE HS, NEW ARTIFICIAL TURF FIELD WITH ADJACENT PLANTED AREA AND ATHLETIC FIELD LIGHT FIXTURES. NO CHANGE IN USE, OCCUPANCY GROUP E-1 (TO REMAIN), TYPE I-B CONSTRUCTION (TO REMAIN).",23750.0,23750.0,830500.0,22.0,1147521.302372644,1883405.1278515048,2025,07,01,0,0,1
781476,3410794,101067463,PERMIT - RENOVATION/ALTERATION,2025-04-21T00:00:00.000,2025-05-01T00:00:00.000,1318.0,ASHLAND AVE,,INTERIOR & EXTERIOR ALTERATION TO EXISTING (3 & 4) STORY MASONRY BUILDING W/ GREEN ROOF..... GROUND FLOOR COMMERCIAL UNITS ONLY AS PER PLANS. TYPE IIIA CONSTRUCTION.  USE - RESTAURANT (FULLY SPRINKLED BUILDING),0.0,1996.68,842900.0,28.0,1165895.029025381,1893907.844484064,2025,05,01,0,0,1
781734,3411499,101067775,PERMIT - RENOVATION/ALTERATION,2025-04-15T00:00:00.000,2025-05-07T00:00:00.000,875.0,MICHIGAN AVE,,EAST PLAZA ADJACENT TO HELIX- EXPANSION JOINT REPAIRS - CONCRETE AND WATERPROOFING REPAIRS TO RAMP AND PLANTER.,0.0,377.0,81300.0,2.0,1177367.9363856325,1906565.1382551887,2025,05,07,0,0,1
781822,3411809,101067901,PERMIT - NEW CONSTRUCTION,2025-04-25T00:00:00.000,2025-06-04T00:00:00.000,1435.0,FLETCHER ST,,"PROPOSED 3 STORY SFR W/BASEMENT AND GREEN ROOF, PER PLANS. NOTE: EXISTING COACH HOUSE W/2 SPACE GARAGE EXISTING IN REAR LOT. PROPOSED SCOPE OF WORK IS NONCOFORMING BUT PERMITTED BY DEPARTMENT OF PLANNING AND DEVELOPMENT PER 17-15-0404-B.",0.0,7675.0,62700.0,32.0,1166035.8269190844,1920969.465204629,2025,06,04,0,0,1
782281,3413496,101068498,PERMIT - RENOVATION/ALTERATION,2025-05-15T00:00:00.000,2025-06-26T00:00:00.000,2422.0,RACINE AVE,,"SC 2019 CBRC:  REPLACE EXISTING DECKING WITH NEW PORCELAIN PAVERS & TURF, ADD NEW PERGOLA, HOT TUB, GUARDRAILS, TRELLIS, PLANTERS, AND CABINETRY TO EXISTING PRIVATE ROOFTOP DECK FOR UNIT 3 AT EXISTING 3-STORY, 3-UNIT BUILDING OF MASONRY CONSTRUCTION (OCCUPANCY TYPE R-5, TYPE 3A CONSTRUCTION).  NO CHANGE TO OCCUPANCY OR EGRESS.  STRUCTURAL PEER REVIEW.",0.0,2100.0,70500.0,32.0,1167857.1341349978,1916354.22356602,2025,06,26,0,0,1
783007,3415737,101069398,PERMIT - RENOVATION/ALTERATION,2025-07-24T00:00:00.000,2025-09-11T00:00:00.000,2621.0,59TH ST,,SELF-CERT 2019 CBRC: REVISION TO PERMIT 101024022 TO REVISE LANDSCAPE. REMOVAL OF 2 AT-GRADE GRASS SIDEWALK PLANTERS AND REVISION OF TWO AT-GRADE GRASS SIDEWALK PLANTERS TO INSTALL TREE GRATES. HARMONIZING LANDSCAPE PLAN WITH ALTERED PARKING SPACE LAYOUT APPROVED UNDER PREVIOUS APPROVED REVISION PERMIT 101049181. (OCCUPANCY GROUP A-2; TYPE IIIB CONSTRUCTION),0.0,377.0,835000.0,16.0,1159784.919233058,1865397.8621310992,2025,09,11,0,0,1
783573,3417351,101070103,PERMIT - RENOVATION/ALTERATION,2025-06-04T00:00:00.000,2025-09-19T00:00:00.000,8150.0,BISHOP ST,,"INSTALL (1) PROPOSED ROUND MOUNT CHIMNEY KIT, INSTALL (3) PROPOSED AT&T SECTOR FRAMES, (1) PER SECTOR (TYP. OF 3 SECTORS), INSTALL(9) PROPOSED AT&T PANEL ANTENNAS (3) PER SECTOR (TYP. OF 3 SECTORS), INSTALL (9) PROPOSED AT&T RRUS, (3) PER SECTOR (TYP. OF 3SECTORS), INSTALL PROPOSED T&T NETSURE 512 POWER PLANT CABINET, VERTIV BATTERY CABINET, FLX42 CABINET, PPC & RAYCAP DC50 PANEL ONNEW PLATFORM.I NSTALL (6) PROPOSED AT&T DC TRUNK LINES, INSTALL (3) PROPOSED AT&T 24 PAIR FIBER LINES, INSTALL PROPOSED DC/FIBERJUMPERS. INSTALL NEW ELECTRICAL AND FIBER SERVICES, INSTALL NEW GROUND SYSTEM.",0.0,3825.0,710600.0,17.0,1168050.5324407504,1850484.1530088696,2025,09,19,0,0,1
783986,3418562,101070665,PERMIT - RENOVATION/ALTERATION,2025-06-18T00:00:00.000,2025-07-21T00:00:00.000,111.0,PEORIA ST,,"SC 2019 SBRC:  ADD NEW PERGOLA AND PLANTERS TO EXISTING PRIVATE ROOFTOP TERRACE FOR UNIT PH07 AT EXISTING 10-STORY, 79-UNIT BUILDING (OCCUPANCY TYPE R-2, TYPE 1B CONSTRUCTION).  NO CHANGE TO OCCUPANCY OR EGRESS.  STRUCTURAL PEER REVIEW.",0.0,675.0,833100.0,34.0,1170473.8501111327,1899635.927351013,2025,07,21,0,0,1
784923,3421182,101071836,PERMIT - RENOVATION/ALTERATION,2025-09-09T00:00:00.000,2025-11-13T00:00:00.000,10000.0,OHARE ST,,"SPR 2019 CBC: ALTERATIONS BUILDING PERMIT FOR UPGRADES TO THE EXISTING HEATING AND REFRIGERATION PLANT (O'HARE BUILDING 450) TO PROVIDE HEATING TO CONSOLIDATED TUNNEL, SATELLITES, AND O'HARE GLOBAL TERMINAL. (OCC. F-1; TYPE IIB CONST.) CDA PROJECT ¿ HEATING AND REFRIGERATION (H&R) GENERATION AND DISTRIBUTION; TAP701.23-00, TAP102.19-00.",625.0,8479.2,980000.0,41.0,,,2025,11,13,0,0,1
785709,3423511,101072850,PERMIT - RENOVATION/ALTERATION,2025-08-11T00:00:00.000,2025-09-15T00:00:00.000,1152.0,FULTON MARKET,,"SC 2019 CBRC:  ADD NEW PRIVATE ROOFTOP DECK WITH HOT TUB, GUARDRAILS, CABINETRY & PLANTERS FOR UNIT 5A TO EXISTING MIXED USE BUILDING WITH 15 DWELLING UNITS & ONE COMMERCIAL UNIT (OCCUPANCY TYPES B, R-2, U & TYPE 2A CONSTRUCTION).  NO CHANGE TO OCCUPANCY OR EGRESS.  STRUCTURAL PEER REVIEW.",0.0,3325.0,833000.0,27.0,1168519.0814226433,1902062.3050849948,2025,09,15,0,0,1
786204,3425104,101073500,PERMIT - NEW CONSTRUCTION,2025-09-12T00:00:00.000,2025-10-17T00:00:00.000,4713.0,WESTERN AVE,,DDS 2019 CBC: LANDSCAPE ONLY REVISION TO PERMIT 101007078 TO REMOVE ONE PLANTER AT THE EXTERIOR PATIO.  ALL AS PER PLANS.  (OCCUPANCY GROUP R-2; TYPE IA CONSTRUCTION) IN-HOUSE REVIEW,0.0,377.0,40600.0,47.0,1159556.1680101648,1931292.4357607143,2025,10,17,0,0,1
786721,3426436,101074151,PERMIT - RENOVATION/ALTERATION,2025-09-11T00:00:00.000,2025-12-31T00:00:00.000,3334.0,BRYN MAWR AVE,,"2019 SPR, CHANGE OF OCCUPANCY OF EXISTING RETAIL SPACE AT FRONT (PP RETAIL SALES, GENERAL) AND EXISTING NON CONFORMING RESIDENTIAL UNIT AT REAR,TO DRY-CLEANING (NN REPAIR OR LAUNDRY SERVICE DROP-OFF/PICK-UP ONLY, NO ON PREMISE PLANT))INTERIOR ALTERATIONS INCLUDING  MEP WORK,NEW 1-STORY MASONRY ADDITION AT REAR, 3 NEW PARKING SPACES, INFILL EXISTING BASEMENT AND STAIRS AT REAR OF BUILDING, (CONSTRUCTION TYPE III-A, OCCUPANCY GROUP M)**CONDITIONAL PERMIT SUBJECT TO FIELD INSPECTIONS**",0.0,3850.0,130300.0,39.0,1152979.514575183,1937053.3061368607,2025,12,31,0,0,1
787233,3428279,101074869,PERMIT - RENOVATION/ALTERATION,2025-10-06T00:00:00.000,2025-10-28T00:00:00.000,600.0,WABASH AVE,,SELF-CERT 2019 CBRC: INTERIOR ALTERATION TO LAYOUT OF EXISTING 3RD FLOOR GAMING AREA IN 4-STORY CASINO. RECONFIGURATION AND ADDITION OF GAMING TABLES AND EQUIPMENT; EXTENSIONS OF EXISTING PIPE RAIL MOUNTING SYSTEM AT THE LANDMARKED CEILING WITH LIGHTS AND SECURITY CAMERAS; ADDITION OF CEILING HUNG SPACE DIVIDER; RECONFIGURATION OF EXISTING RAISED PLANTERS; ADDITION OF SUPPLEMENTAL INTERIOR DOOR TO GAMING AREA WITH NO IMPACT ON EGRESS. NO ADDITIONAL OCCUPANT LOAD FROM PERMIT 100989461 DUE TO GAMING FLOOR ADJUSTMENTS. (OCCUPANCY GROUP A2; TYPE IIA CONSTRUCTION).,0.0,13257.18,81500.0,42.0,1176591.9710153511,1904220.076865265,2025,10,28,0,0,1
787636,3429580,101075443,PERMIT - ELEVATOR EQUIPMENT,2025-10-15T00:00:00.000,2025-10-20T00:00:00.000,410.0,HURON ST,,"DECOMMISSION HEATING PLANT VRC, SUBJECT TO CITY OF CHICAGO DEPT. OF BUILDINGS ELEVATOR BUREAU INSPECTION.",0.0,150.0,81401.0,2.0,1179199.0847369255,1905202.9783534328,2025,10,20,0,0,1
788282,3431837,101076381,PERMIT - RENOVATION/ALTERATION,2026-01-05T00:00:00.000,2026-01-29T00:00:00.000,1032.0,FULTON MARKET,,"PROPOSED GREEN ROOF AND INTERIOR ALTERATIONS IN 1ST, 2ND, AND 3RD FLOOR RESTROOMS IN AN EXISTING 3 STORY OFFICE BUILDING, PER PLANS. APPROVED 01.29.2025.",0.0,4209.08,833000.0,27.0,1169392.1795098144,1902085.039451314,2026,01,29,0,0,1
788450,3432478,101076652,PERMIT - RENOVATION/ALTERATION,2025-11-21T00:00:00.000,2026-03-17T00:00:00.000,3737.0,99TH ST,,"SPR 2019 SPR: FULL BUILDING PERMIT FOR NEW 1-STORY 2,225 SQFT CENTRAL UTILITY PLANT ADDITION TO EXISTING...BUILDING AND ASSOCAITED SITE WORK AS PER PLANS. INTERIOR MECHANICAL PIPING REPLACEMENT, MECHANICAL EQUIPMENT REPLACEMENT, CHILLER REPLACEMENT, ELECTRICAL TRANSFORMERS, ELECTRICAL PANELS REPLACEMENT, BACKUP GENERATOR AND ASSOCIATED POWER FEEDS. (OCCUPANCY GROUP E-1; TYPE II-B CONSTRUCTION) (STRUCTURAL PEER REVIEW)",0.0,5150.0,740200.0,19.0,1152988.0702372792,1838667.7853917289,2026,03,17,0,0,1
789849,3438960,101079074,PERMIT - RENOVATION/ALTERATION,2026-02-02T00:00:00.000,2026-04-13T00:00:00.000,2707.0,DAYTON ST,,"SPR 2019 CBRC - REMOVAL OF REAR STAIRS AND PLANTERS, PROPOSED REAR DECK/STAIRS AND GARAGE ROOF DECK/STAIRS SERVING AN EXISTING 2 STORY SFR W/BASEMENT, PER PLANS. * NO ELECTRICAL WORK ALLOW UNDER THIS PERMIT*",0.0,677.0,70300.0,43.0,1170183.68340022,1918238.3164334856,2026,04,13,0,0,1
790097,3440204,101079568,PERMIT - NEW CONSTRUCTION,2026-03-06T00:00:00.000,2026-03-27T00:00:00.000,1101.0,WAVELAND AVE,,"SELF-CERT 2019 CBRC: ***STRUCTURAL PEER REVIEW*** CONSTRUCTION OF A NEW ARCHWAY AT THE WEST SIDE OF GALLAGHER WAY WITH BRICK PIERS AND DECORATIVE METAL TRUSS. SCOPE INCLUDES INTEGRAL LIGHTING AND DECORATIVE METAL PLAQUES, LOGO MEDALLIONS AND TEXT. NEW STRUCTURE TO SIT ATOP EXISTING CONCRETE FOUNDATIONS WITHIN EXISTING PLANTERS AND ON PRIVATE PROPERTY. NO CHANGE TO EXISTING OCCUPANCY IN GALLAGHER WAY.",0.0,675.0,61100.0,44.0,1168283.122854533,1924693.3115493068,2026,03,27,0,0,1
791588,N2039893,B200000756,PERMIT – EXPRESS PERMIT PROGRAM,2023-11-06T00:00:00.000,2023-11-16T00:00:00.000,1309.0,WICKER PARK AVE,Administrative Change,"REVISION TO PERMIT # 100966962 TO CHANGE GC TO HOUSE PLANT, INC.",0.0,100.0,241400.0,1.0,1164179.9185344684,1909063.5317767556,2023,11,16,0,0,1
798858,N2148191,B200021604,PERMIT – EXPRESS PERMIT PROGRAM,2024-06-28T00:00:00.000,2024-07-01T00:00:00.000,3225.0,FOSTER AVE,Mechanical Work,"HYDRONIC PIPING EXTENSION/RECONFIGURATION, GAS PIPING EXTENSION/RECONFIGURATION, REPAIR/REPLACEMENT AFFECTING 1 SYSTEMS :   2 OTHER SPECIALTY EQUIPMENT(GORDON-PIATT, F188.9-G-100, BOILER ROOM)  1 OTHER SPECIALTY EQUIPMENT(B & G, 1960 BOILER FEED, BOILER ROOM) . ELECTRICAL WORK UNDER THIS PERMIT = YES . LOCATIONS: 0 RESIDENTIAL UNIT(S), 0 NON-RESIDENTIAL UNIT(S), 1 INTERIOR COMMON AREAS,  MECHANICAL ROOM/BOILER PLANT.",25.0,175.0,130500.0,39.0,1153833.1504020705,1934325.5780250472,2024,07,01,0,0,1
801511,N2183038,B200028222,PERMIT – EXPRESS PERMIT PROGRAM,2024-09-06T00:00:00.000,2024-09-24T00:00:00.000,33.0,DEARBORN ST,Other Work,"EXTERIOR ALTERATIONS TO EXISTING OFFICE BUILDING AT GROUND FLOOR WEST ELEVATION ENTRANCE TO REMOVE OLD SIGNAGE, INSTALL HEAT TRACE AT EXTERIOR SOFFITS AND PROVIDE NEW PLANTERS AT SOUTHWEST CORNER OF BUILDING AS PER PLANS. (782 SQ. FT.). LOCATIONS: 0 RESIDENTIAL UNIT(S), 0 NON-RESIDENTIAL UNIT(S), EXTERIOR WORK, WEST ELEVATION AND SOTH WEST CORNER OF BLDG..",0.0,375.0,320200.0,34.0,1175971.5337036022,1900670.9796527417,2024,09,24,0,0,1
802236,N2557931,B200398028,PERMIT – EXPRESS PERMIT PROGRAM,2024-09-20T00:00:00.000,2024-10-15T00:00:00.000,7401.0,CICERO AVE,Electrical Work,LINE VOLTAGE ELECTRICAL WORK. ADD 4 CIRCUITS TO EXISTING 200 AMP SERVICE DISCONNECTING MEANS. RECEPTACLE OUTLETS: 4 . LIGHTING OUTLETS: 0. SPECIFIC LOCATION: IN THE PLANT.,0.0,175.0,650500.0,18.0,1145714.6909450218,1855226.7548938843,2024,10,15,0,0,1
802241,N2557963,B200398037,PERMIT – EXPRESS PERMIT PROGRAM,2024-09-20T00:00:00.000,2024-10-15T00:00:00.000,12800.0,BUTLER DR,Electrical Work,LINE VOLTAGE ELECTRICAL WORK. ADD 4 CIRCUITS TO EXISTING 200 AMP SERVICE DISCONNECTING MEANS. RECEPTACLE OUTLETS: 4 . LIGHTING OUTLETS: 0. SPECIFIC LOCATION: THE PLANT.,0.0,175.0,510400.0,10.0,1189540.4477068032,1820682.9429517784,2024,10,15,0,0,1
802446,N2560032,B200398588,PERMIT – EXPRESS PERMIT PROGRAM,2024-09-24T00:00:00.000,2024-10-15T00:00:00.000,1101.0,43RD ST,Electrical Work,LINE VOLTAGE ELECTRICAL WORK. ADD 4 CIRCUITS TO EXISTING 200 AMP SERVICE DISCONNECTING MEANS. RECEPTACLE OUTLETS: 4 . LIGHTING OUTLETS: 0. SPECIFIC LOCATION: PLANT.,0.0,175.0,610600.0,11.0,1169642.1478246734,1876245.9171739465,2024,10,15,0,0,1
805142,N2584870,B200404910,PERMIT – EXPRESS PERMIT PROGRAM,2024-11-06T00:00:00.000,2024-11-06T00:00:00.000,55.0,ERIE ST,Electrical Work,LINE VOLTAGE ELECTRICAL WORK. REPAIR OR ALTER DEVICES ON EXISTING CIRCUITS. RECEPTACLE OUTLETS: 17 . LIGHTING OUTLETS: 17. SPECIFIC LOCATION: PLANTER BOXES.,0.0,75.0,81500.0,42.0,1176822.875599654,1904756.035095659,2024,11,06,0,0,1
806941,N2601328,B200408983,PERMIT – EXPRESS PERMIT PROGRAM,2025-01-06T00:00:00.000,2025-01-06T00:00:00.000,25.0,SUPERIOR ST,Electrical Work,"LINE VOLTAGE ELECTRICAL WORK. REPAIR OR ALTER DEVICES ON EXISTING CIRCUITS. RECEPTACLE OUTLETS: 1 . LIGHTING OUTLETS: 0. SPECIFIC LOCATION: 25 E SUPERIOR (FRONT OF BLDG - EXT), PLANTER BOXES.",0.0,100.0,81500.0,2.0,1176537.1857163373,1905332.5609743055,2025,01,06,0,0,1
807513,N2606932,B200410379,PERMIT – EXPRESS PERMIT PROGRAM,2025-01-09T00:00:00.000,2025-01-15T00:00:00.000,2233.0,DIVISION ST,Electrical Work,LINE VOLTAGE ELECTRICAL WORK. INSTALL TEMPORARY 1 KW DIESEL GENERATOR. RECEPTACLE OUTLETS: 0 . LIGHTING OUTLETS: 0. SPECIFIC LOCATION: POWER PLANT.,0.0,175.0,242400.0,1.0,1161155.5772230583,1907902.915223887,2025,01,15,0,0,1
815444,N2678980,B200428596,PERMIT – EXPRESS PERMIT PROGRAM,2025-06-10T00:00:00.000,2025-06-25T00:00:00.000,420.0,GRAND AVE,Other Work,"REPLACE CONCRETE TOPPING SLAB AND MEMBRANE, TUCKPOINT AND INSTALL FLASHING, REPLACE BASEMENT DRYWALL, REPLACE DRAINPIPE. LOCATIONS: 0 RESIDENTIAL UNIT(S), 1 NON-RESIDENTIAL UNIT(S), EXTERIOR WORK, COURTYARD PLANTER.",0.0,625.0,81800.0,42.0,1173191.7153063936,1903861.6625461616,2025,06,25,0,1,1
815778,N2682101,B200429337,PERMIT – EXPRESS PERMIT PROGRAM,2025-07-21T00:00:00.000,2025-07-21T00:00:00.000,441.0,ONTARIO ST,Electrical Work,LINE VOLTAGE ELECTRICAL WORK. REPAIR OR ALTER DEVICES ON EXISTING CIRCUITS. RECEPTACLE OUTLETS: 1 . LIGHTING OUTLETS: 1. SPECIFIC LOCATION: NORTH EXPOSURE ON ONTARIO PLANTER BOX.,0.0,100.0,81400.0,2.0,1179512.7694678165,1904542.725781018,2025,07,21,0,0,1
818794,N2752442,B200436021,PERMIT – EXPRESS PERMIT PROGRAM,2025-08-22T00:00:00.000,2025-09-03T00:00:00.000,4942.0,44TH ST,Other Work,"SCOPE: EXTERIOR NONSTRUCTURAL LANDCAPING DESIGN AT SOUTHEAST CORNER OF SITE, TO INCLUDE PLANTINGS, PATHS, SEATING AND GRADE LEVEL DECK. LOCATIONS: 0 RESIDENTIAL UNIT(S), 1 NON-RESIDENTIAL UNIT(S), EXTERIOR WORK, SOUTH EAST CORNER",0.0,275.0,560200.0,22.0,1143945.77496956,1875047.59155902,2025,09,03,0,0,1
823779,N2792919,B200446810,PERMIT – EXPRESS PERMIT PROGRAM,2025-10-14T00:00:00.000,2025-10-17T00:00:00.000,22.0,WASHINGTON ST,Electrical Work,LINE VOLTAGE ELECTRICAL WORK. REPAIR OR ALTER DEVICES ON EXISTING CIRCUITS. RECEPTACLE OUTLETS: 6 . LIGHTING OUTLETS: 0. SPECIFIC LOCATION: PLANTERS.,0.0,100.0,320200.0,34.0,1176131.0660258126,1900862.3732435969,2025,10,17,0,0,1
828777,N2837591,B200457904,PERMIT – EXPRESS PERMIT PROGRAM,2026-02-03T00:00:00.000,2026-02-06T00:00:00.000,151.0,WACKER DR,Masonry Work,"TUCKPOINTING AND UNIT MASONRY REPAIR / REPLACEMENT: 500 SQ. FT., LINTEL QTY. 0, MAX. LENGTH 0. LOCATION: PLANTER WALLS OUTSIDE OF BUILDING.",0.0,375.0,320100.0,42.0,1177784.812534998,1902578.6239982017,2026,02,06,0,0,1
